timestamp,temperature,battery,voltage,fuel,temp_status,battery_status,voltage_status,fuel_status
2026-05-26 17:38:31.294218,20.28848714700057,99.5443300617923,4.6620373249916245,99.83868693477352,Normal,Normal,Normal,Normal
2026-05-26 17:38:32.297114,20.49360799313821,99.41529285866899,4.596120053938469,99.75116611982077,Normal,Normal,Normal,Normal
2026-05-26 17:38:33.298736,20.950603037443706,99.2262858479556,4.715587598051195,99.63943620464653,Normal,Normal,Normal,Normal
2026-05-26 17:38:34.300471,21.135628554860705,98.8772578571104,3.9469524132629585,99.49667328673596,Normal,Normal,Normal,Normal
2026-05-26 17:38:35.311173,21.384261846997628,98.46559683538528,3.7173604838860594,99.42556379065431,Normal,Normal,Normal,Normal
2026-05-26 17:38:36.314340,21.795900537558044,98.09456220895895,3.8643581012024386,99.30351411606665,Normal,Normal,Normal,Normal
2026-05-26 17:38:37.316413,21.96401101223664,97.76291136945821,4.7327627178210045,99.13153307467452,Normal,Normal,Normal,Normal
2026-05-26 17:38:38.317959,22.29423752823582,97.44737127736116,3.734779987739709,98.99194147196268,Normal,Normal,Normal,Normal
2026-05-26 17:38:39.320077,22.541328871327504,97.08425013044324,4.551989079642007,98.83007449523444,Normal,Normal,Normal,Normal
2026-05-26 17:38:40.322383,23.038760689689365,96.73679750455831,3.3598722938434618,98.69290950652282,Normal,Normal,Warning,Normal
2026-05-26 17:38:41.324318,23.472206550675065,96.59746914308468,4.017578248684123,98.60554871074702,Normal,Normal,Normal,Normal
2026-05-26 17:38:42.326385,23.930729300300325,96.18538536343033,3.6759498393470076,98.48873022310664,Normal,Normal,Normal,Normal
2026-05-26 17:38:43.328542,24.227179644537735,95.74403752851322,4.773292389557579,98.39191806177092,Normal,Normal,Normal,Normal
2026-05-26 17:38:44.331231,24.410481089282282,95.32188075947495,3.8589649187450195,98.3136811779873,Normal,Normal,Normal,Normal
2026-05-26 17:38:45.334652,24.569583423813707,94.91596626152177,3.5262933553531495,98.19609512617761,Normal,Normal,Warning,Normal
2026-05-26 17:38:46.336747,25.048930787019014,94.63404077056163,4.133243214559098,98.12137826315636,Normal,Normal,Normal,Normal
2026-05-26 17:38:47.339033,25.459907327981142,94.34738608767883,4.8875513513806865,97.92288030199835,Normal,Normal,Normal,Normal
2026-05-26 17:38:48.341558,25.751900794003816,94.21333852464042,3.3879746862810305,97.72814552342902,Normal,Normal,Warning,Normal
2026-05-26 17:38:49.343383,26.120566026300292,93.747476812889,3.846835967968768,97.59795176096878,Normal,Normal,Normal,Normal
2026-05-26 17:38:50.346490,26.42264966548506,93.38325333160635,4.490607093682548,97.45076480993438,Normal,Normal,Normal,Normal
2026-05-26 17:38:51.349106,26.566595912700702,92.90100172862003,3.7796620210868235,97.28068741722167,Normal,Normal,Normal,Normal
2026-05-26 17:38:52.351213,26.674556768011772,92.53715313297508,4.842733685595672,97.1671261796995,Normal,Normal,Normal,Normal
2026-05-26 17:38:53.353720,27.016936868448475,92.36052485523,3.5762397414342666,97.07483124467713,Normal,Normal,Warning,Normal
2026-05-26 17:38:54.355080,27.32926716796797,92.23135253693954,4.283609073986206,96.94427353171662,Normal,Normal,Normal,Normal
2026-05-26 17:38:55.357218,27.482910589203414,91.87229180512477,3.544077120290036,96.86448790428072,Normal,Normal,Warning,Normal
2026-05-26 17:38:56.358926,27.670250641162735,91.38020078934134,4.360421307605883,96.70357091257979,Normal,Normal,Normal,Normal
2026-05-26 17:38:57.360694,28.036257512648092,90.96586247912614,3.8739399781569803,96.50445792162033,Normal,Normal,Normal,Normal
2026-05-26 17:38:58.362350,28.24668925932684,90.6913857030122,3.724710882131886,96.43757935094956,Normal,Normal,Normal,Normal
2026-05-26 17:38:59.364697,28.617988090308096,90.22071883501533,4.452036388624299,96.36691407401419,Normal,Normal,Normal,Normal
2026-05-26 17:39:00.367474,28.794945901550225,89.95835234601483,4.188003507711569,96.19743793022178,Normal,Normal,Normal,Normal
2026-05-26 17:39:01.370794,29.003325427354717,89.48656207196004,3.8434957222329644,96.03140650265485,Normal,Normal,Normal,Normal
2026-05-26 17:39:02.373216,29.191068154769926,89.252494786113,4.098706710839892,95.92245372024517,Normal,Normal,Normal,Normal
2026-05-26 17:39:03.375075,29.367368042515096,88.79075944371115,4.541988587113392,95.72331925306685,Normal,Normal,Normal,Normal
2026-05-26 17:39:04.377066,29.55887831322316,88.4075930314308,3.3891588062537643,95.5561314322221,Normal,Normal,Warning,Normal
2026-05-26 17:39:05.379292,29.895606757074923,88.19481388192071,3.6626606947762923,95.45382082972591,Normal,Normal,Normal,Normal
2026-05-26 17:39:06.383363,30.0019085607551,87.97840983598866,4.849057361436829,95.34322401373151,Normal,Normal,Normal,Normal
2026-05-26 17:39:07.385677,30.283006051840495,87.76936237866059,3.7568760770669645,95.19082587892629,Normal,Normal,Normal,Normal
2026-05-26 17:39:08.387541,30.626679291415975,87.40615461923942,4.75020538887192,95.0425681628714,Normal,Normal,Normal,Normal
2026-05-26 17:39:09.389239,30.88485566266102,87.00468456398876,3.6815678986170672,94.88188640873159,Normal,Normal,Normal,Normal
2026-05-26 17:39:10.391225,31.0663494362629,86.88015924763461,3.400751176832088,94.76864695941563,Normal,Normal,Warning,Normal
2026-05-26 17:39:11.393075,31.38690343590378,86.52273939803105,4.170778354790298,94.64843512007896,Normal,Normal,Normal,Normal
2026-05-26 17:39:12.394569,31.60496262557296,86.36068974242123,4.840259622906419,94.56370705401986,Normal,Normal,Normal,Normal
2026-05-26 17:39:13.396366,31.749139826820432,85.98575126997957,4.643883816294332,94.50032044372787,Normal,Normal,Normal,Normal
2026-05-26 17:39:14.398161,31.875308457399687,85.7478618484519,4.137409043071781,94.4354509586961,Normal,Normal,Normal,Normal
2026-05-26 17:39:15.400810,32.1264124978613,85.50377659441283,4.953460973922327,94.25944722140893,Normal,Normal,Normal,Normal
2026-05-26 17:39:16.403084,32.60309031135399,85.27459531498312,3.5022963366681554,94.1592956345045,Normal,Normal,Warning,Normal
2026-05-26 17:39:17.404542,33.02272443567546,84.77657045288869,4.35058260952988,94.10105788059403,Normal,Normal,Normal,Normal
2026-05-26 17:39:18.406891,33.232408121909494,84.44316332157292,4.599493528058209,94.02870296236284,Normal,Normal,Normal,Normal
2026-05-26 17:39:19.409341,33.50430554606657,84.3281132505263,4.41158772149508,93.94210264773969,Normal,Normal,Normal,Normal
2026-05-26 17:39:20.411597,33.85252020347841,83.97667881579146,4.010390207424386,93.80585749933144,Normal,Normal,Normal,Normal
2026-05-26 17:39:21.413517,34.0743196986366,83.75442714106885,4.662712047774829,93.60672344089835,Normal,Normal,Normal,Normal
2026-05-26 17:39:22.415434,34.23520019531225,83.43292026440596,3.4233565540931155,93.50637067377113,Normal,Normal,Warning,Normal
2026-05-26 17:39:23.416845,34.62515267147245,83.11270729709211,4.998447096399059,93.37521313357401,Normal,Normal,Normal,Normal
2026-05-26 17:39:24.419349,34.73854063134255,82.68996090570468,4.077492681837738,93.20087932615847,Normal,Normal,Normal,Normal
2026-05-26 17:39:25.420984,34.967685703700894,82.26219386741916,3.326487213958291,93.0024656610849,Normal,Normal,Warning,Normal
2026-05-26 17:39:26.423030,35.17474957672121,82.1102429820631,3.638984452888335,92.94599542734996,Normal,Normal,Normal,Normal
2026-05-26 17:39:27.425810,35.32839063349873,81.65182941840466,4.991341828263246,92.88838245903999,Normal,Normal,Normal,Normal
2026-05-26 17:39:28.427745,35.81940757710038,81.25803511163559,4.351211909107464,92.74401451298225,Normal,Normal,Normal,Normal
2026-05-26 17:39:29.429390,36.04853356696929,80.97249276510355,3.4212754160746397,92.61472448605754,Normal,Normal,Warning,Normal
2026-05-26 17:39:30.431347,36.29900151793757,80.73746702171734,3.8818550179398894,92.48450549181199,Normal,Normal,Normal,Normal
2026-05-26 17:39:31.432964,36.71486124481803,80.50831915793356,4.163375787524217,92.32310802024868,Normal,Normal,Normal,Normal
2026-05-26 17:39:32.434693,37.13173671418159,80.04361893656639,3.817347334807442,92.26089740167987,Normal,Normal,Normal,Normal
2026-05-26 17:39:33.436424,37.32764735547984,79.71031883858375,3.9890807388501717,92.20141435044233,Normal,Normal,Normal,Normal
2026-05-26 17:39:34.438177,37.44593899528412,79.39046991257236,4.8380767537081475,92.12159631646509,Normal,Normal,Normal,Normal
2026-05-26 17:39:35.439860,37.84197108665907,79.26623510529566,3.9299862841385935,92.06329266539284,Normal,Normal,Normal,Normal
2026-05-26 17:39:36.441471,38.002214163507276,78.86087847444968,3.5826269520961995,91.9297689309299,Normal,Normal,Warning,Normal
2026-05-26 17:39:37.443187,38.11291830567602,78.43696460254259,4.064689564298097,91.83103736912031,Normal,Normal,Normal,Normal
2026-05-26 17:39:38.444767,38.484541240361004,78.32117863243099,3.336517152953286,91.71719268626235,Normal,Normal,Warning,Normal
2026-05-26 17:39:39.446315,38.68668110697162,77.85015490274215,3.96477883995493,91.5548010995441,Normal,Normal,Normal,Normal
2026-05-26 17:39:40.448134,38.810182171926705,77.50856010311601,4.426661095763247,91.47873615433005,Normal,Normal,Normal,Normal
2026-05-26 17:39:41.449872,39.00070941610845,77.12835663437828,4.401924484066269,91.4016552639656,Normal,Normal,Normal,Normal
2026-05-26 17:39:42.452168,39.38070460612184,76.70289794896279,3.55155205622695,91.2363227954307,Normal,Normal,Warning,Normal
2026-05-26 17:39:43.454132,39.87862835397241,76.31614706750446,4.341016986810807,91.07324745610305,Normal,Normal,Normal,Normal
2026-05-26 17:39:44.456512,40.357821349338074,76.12836390870216,4.41619120099437,90.9797050737987,Normal,Normal,Normal,Normal
2026-05-26 17:39:45.458911,40.61610428097133,75.73214005280764,3.32801025597436,90.80186509176622,Normal,Normal,Warning,Normal
2026-05-26 17:39:46.460920,40.79326733429112,75.40406071417146,4.3219601699435986,90.62787476395994,Normal,Normal,Normal,Normal
2026-05-26 17:39:47.463255,40.933972054373825,74.9129144631272,4.385548536565358,90.55171991401923,Normal,Normal,Normal,Normal
2026-05-26 17:39:48.465455,41.15476567831777,74.61245552834731,4.23738432982279,90.44611613864268,Normal,Normal,Normal,Normal
2026-05-26 17:39:49.467725,41.48106801086332,74.35331323631102,4.23234791642629,90.34624094115262,Normal,Normal,Normal,Normal
2026-05-26 17:39:50.471303,41.65938622813188,73.86054214444715,4.941309123369725,90.17533439938953,Normal,Normal,Normal,Normal
2026-05-26 17:39:51.473589,41.96442428302622,73.57604189283003,4.724711200435522,90.1135932687668,Normal,Normal,Normal,Normal
2026-05-26 17:39:52.475505,42.182683551898435,73.18124977712105,4.623661337031191,89.92555537910141,Normal,Normal,Normal,Normal
2026-05-26 17:39:53.477045,42.434454423440656,72.75045238044535,3.7050588398247792,89.80434111233356,Normal,Normal,Normal,Normal
2026-05-26 17:39:54.478777,42.91528100391851,72.49782188313216,4.85419965391846,89.65373217747924,Normal,Normal,Normal,Normal
2026-05-26 17:39:55.480546,43.40863493298407,72.28361498917002,4.491195140691412,89.57356043024714,Normal,Normal,Normal,Normal
2026-05-26 17:39:56.482346,43.86910049794877,72.03105005310239,3.6161080176470786,89.38918438755346,Normal,Normal,Normal,Normal
2026-05-26 17:39:57.483803,44.33493403853124,71.63247694209664,4.308342542514097,89.27352858763544,Normal,Normal,Normal,Normal
2026-05-26 17:39:58.485963,44.54183320817593,71.4681224081014,3.6032896305690256,89.21257293628804,Normal,Normal,Normal,Normal
2026-05-26 17:39:59.487626,45.028475402331495,71.27156441873656,3.8120658901311164,89.07485065038867,Normal,Normal,Normal,Normal
2026-05-26 17:40:00.489959,45.19925023245606,71.04111609564262,4.600701726419333,88.9501759227322,Normal,Normal,Normal,Normal
2026-05-26 17:40:01.491646,45.496244391410215,70.91927467601784,4.506958271548377,88.76194015661173,Normal,Normal,Normal,Normal
2026-05-26 17:40:02.493629,45.90177437548771,70.6278856923645,4.932384590521136,88.69636354578597,Normal,Normal,Normal,Normal
2026-05-26 17:40:03.495254,46.244852537261025,70.37798469573669,4.11946331247468,88.64131380755809,Normal,Normal,Normal,Normal
2026-05-26 17:40:04.496950,46.67491023141526,69.94866341844022,4.588049784583575,88.55920422980797,Normal,Normal,Normal,Normal
2026-05-26 17:40:05.498422,46.99620519450332,69.7983612613906,4.804587646030742,88.50447774900682,Normal,Normal,Normal,Normal
2026-05-26 17:40:06.500629,47.25444513240315,69.64031111430673,4.45202846027732,88.43543715284011,Normal,Normal,Normal,Normal
2026-05-26 17:40:07.502670,47.64776255058677,69.15560362355852,4.864533260653726,88.38095620341609,Normal,Normal,Normal,Normal
2026-05-26 17:40:08.504887,48.11774272967014,68.74142752009341,4.450624946093168,88.24735290642464,Normal,Normal,Normal,Normal
2026-05-26 17:40:09.506620,48.54669631166111,68.6125520713473,3.4452659411017934,88.09540772771109,Normal,Normal,Warning,Normal
2026-05-26 17:40:10.509248,48.6818859683161,68.2781396025373,4.729298591863406,87.92390274448115,Normal,Normal,Normal,Normal
2026-05-26 17:40:11.511364,48.79513362407793,67.82580317772681,4.413747773068185,87.744398392783,Normal,Normal,Normal,Normal
2026-05-26 17:40:12.514403,48.983059957294124,67.53683008187646,4.2181909162180204,87.67964716205563,Normal,Normal,Normal,Normal
2026-05-26 17:40:13.516658,49.3218571002284,67.27472659567944,3.6753300313312187,87.57206369423736,Normal,Normal,Normal,Normal
2026-05-26 17:40:14.520038,49.51618018526797,67.00784042462129,3.5709221395748774,87.38898857046655,Normal,Normal,Warning,Normal
2026-05-26 17:40:15.521970,49.807381648543846,66.82734384853593,4.774339139808552,87.20313944317806,Normal,Normal,Normal,Normal
2026-05-26 17:40:16.523475,50.06320646084136,66.36929900279985,3.3280432273477105,87.12843946150979,Normal,Normal,Warning,Normal
2026-05-26 17:40:17.525097,50.268681806829605,66.07571996672607,4.739962625121062,86.94843845882637,Normal,Normal,Normal,Normal
2026-05-26 17:40:18.527560,50.4575258521073,65.9530319264983,4.1200061858300625,86.75118941232168,Normal,Normal,Normal,Normal
2026-05-26 17:40:19.529780,50.735943152799166,65.53028649195778,4.509999217225509,86.56183415153541,Normal,Normal,Normal,Normal
2026-05-26 17:40:20.531508,50.863497450602,65.28645144814702,3.836555167664414,86.37365371054422,Normal,Normal,Normal,Normal
2026-05-26 17:40:21.533618,51.26606238477169,65.13594092265905,4.860379427251955,86.2399835594165,Normal,Normal,Normal,Normal
2026-05-26 17:40:22.536212,51.47600772247777,64.68167648630103,4.744847761654873,86.10492790885795,Normal,Normal,Normal,Normal
2026-05-26 17:40:23.539173,51.77337502774738,64.38334782573605,4.210324582711825,85.98242653670606,Normal,Normal,Normal,Normal
2026-05-26 17:40:24.541581,51.88156092225923,63.975240557630464,4.1173659398860245,85.86632938883906,Normal,Normal,Normal,Normal
2026-05-26 17:40:25.543865,52.074923766602,63.491909693957034,4.460363795489751,85.72306651029028,Normal,Normal,Normal,Normal
2026-05-26 17:40:26.545741,52.358466633774896,63.20237307299804,4.434956408605229,85.55293406107164,Normal,Normal,Normal,Normal
2026-05-26 17:40:27.548374,52.66013279506023,62.77938902235285,4.431432265086936,85.48812717251234,Normal,Normal,Normal,Normal
2026-05-26 17:40:28.551582,53.08249018647495,62.37087844866032,4.942714150460109,85.30795361496779,Normal,Normal,Normal,Normal
2026-05-26 17:40:29.553477,53.19363332520247,62.037909715220124,4.556753246160889,85.15639598862487,Normal,Normal,Normal,Normal
2026-05-26 17:40:30.555185,53.61776728927626,61.73460851732223,4.711387838917723,85.10355820838465,Normal,Normal,Normal,Normal
2026-05-26 17:40:31.556943,53.9803734443601,61.55512909406164,4.902079031918965,85.0506503160769,Normal,Normal,Normal,Normal
2026-05-26 17:40:32.558678,54.170926512157024,61.32868707694335,3.6302466413446113,84.85556941619839,Normal,Normal,Normal,Normal
2026-05-26 17:40:33.560579,54.347328354914495,60.945340495775675,4.256716503858795,84.76575503032811,Normal,Normal,Normal,Normal
2026-05-26 17:40:34.562902,54.77282451540927,60.79990214010584,4.357358137141246,84.59190279199402,Normal,Normal,Normal,Normal
2026-05-26 17:40:35.565441,54.96108711597246,60.38312689547595,4.725995657320824,84.46870052576685,Normal,Normal,Normal,Normal
2026-05-26 17:40:36.567378,55.11483239213666,60.130393475207455,4.576413220530338,84.34165097663913,Normal,Normal,Normal,Normal
2026-05-26 17:40:37.571243,55.26845433848624,59.99704688691116,3.3788805030298246,84.15532312606116,Normal,Normal,Warning,Normal
2026-05-26 17:40:38.573003,55.41252196521598,59.722336035440314,3.826740770482768,84.03494664954323,Normal,Normal,Normal,Normal
2026-05-26 17:40:39.574652,55.82680107510735,59.32435588218289,3.564181027475351,83.98350141208537,Normal,Normal,Warning,Normal
2026-05-26 17:40:40.576847,56.25268689420915,58.96868332482035,4.916227720673159,83.8176767847956,Normal,Normal,Normal,Normal
2026-05-26 17:40:41.579485,56.40658116218283,58.58139476373578,4.348555698858712,83.73823608542706,Normal,Normal,Normal,Normal
2026-05-26 17:40:42.581739,56.55136119745059,58.44449807140722,4.133572931361421,83.66339890898938,Normal,Normal,Normal,Normal
2026-05-26 17:40:43.587492,56.988471550615934,58.17343480192964,3.7422489739964786,83.51619637892227,Normal,Normal,Normal,Normal
2026-05-26 17:40:44.589392,57.148392186588275,57.8508507272947,4.9260228182012025,83.36892589439543,Normal,Normal,Normal,Normal
2026-05-26 17:40:45.591624,57.42335489186622,57.51976292874217,4.625498664192131,83.24826163615664,Normal,Normal,Normal,Normal
2026-05-26 17:40:46.595119,57.8702821279585,57.171619572199496,3.556600314529599,83.1630271733705,Normal,Normal,Warning,Normal
2026-05-26 17:40:47.596880,58.05528062840258,56.84772973740821,4.188103303703049,82.96545769409653,Normal,Normal,Normal,Normal
2026-05-26 17:40:48.599495,58.53827450195299,56.73837063631591,4.3158005461237,82.83936631034747,Normal,Normal,Normal,Normal
2026-05-26 17:40:49.601594,58.74675602914426,56.31847253516726,3.911569516572175,82.7744186035312,Normal,Normal,Normal,Normal
2026-05-26 17:40:50.603930,58.90309146838128,56.04431229859809,4.136105311329459,82.62839606183103,Normal,Normal,Normal,Normal
2026-05-26 17:40:51.606279,59.399303230360275,55.75659946618272,4.966626230614824,82.44974214312448,Normal,Normal,Normal,Normal
2026-05-26 17:40:52.608453,59.840835872175575,55.32007181893264,4.837114867483977,82.39197616415316,Normal,Normal,Normal,Normal
2026-05-26 17:40:53.610414,60.169831775853304,54.90834813331386,4.731466354536643,82.23710466499185,Normal,Normal,Normal,Normal
2026-05-26 17:40:54.612237,60.28707607912923,54.68750729955035,4.491167612522162,82.08905685374145,Normal,Normal,Normal,Normal
2026-05-26 17:40:55.613958,60.5990421892325,54.37641462347411,4.712607699628396,81.90674436459207,Normal,Normal,Normal,Normal
2026-05-26 17:40:56.616293,61.06505854299639,54.17117017165262,4.313876220374044,81.73220811912039,Normal,Normal,Normal,Normal
2026-05-26 17:40:57.619406,61.38627805822475,53.83146521630438,4.990553285367904,81.59350908696116,Normal,Normal,Normal,Normal
2026-05-26 17:40:58.621712,61.85289227591914,53.67608463608617,4.749056082194175,81.4643261849625,Normal,Normal,Normal,Normal
2026-05-26 17:40:59.623068,62.01410423452225,53.48843114618543,4.591627894953097,81.39230955882472,Normal,Normal,Normal,Normal
2026-05-26 17:41:00.625178,62.32498727718702,53.025240202669245,4.947191824325034,81.31476930144609,Normal,Normal,Normal,Normal
2026-05-26 17:41:01.627443,62.561750288935386,52.7264672768911,4.926456601194905,81.25164058419125,Normal,Normal,Normal,Normal
2026-05-26 17:41:02.631343,62.706400765760876,52.542263305103276,4.4412749263512685,81.14043684559138,Normal,Normal,Normal,Normal
2026-05-26 17:41:03.671886,62.94757436971093,52.07125330678111,3.6712496138420123,81.01318762175205,Normal,Normal,Normal,Normal
2026-05-26 17:41:04.673422,63.422424339191885,51.835193822774585,4.181219832016126,80.93944124150597,Normal,Normal,Normal,Normal
2026-05-26 17:41:05.676370,63.59505648398432,51.42310340371747,4.548683920878824,80.79029191142389,Normal,Normal,Normal,Normal
2026-05-26 17:41:06.678235,63.933571771218105,51.045821355919394,4.98347679919524,80.70590682377002,Normal,Normal,Normal,Normal
2026-05-26 17:41:07.680454,64.27933938788254,50.80931690942865,3.363239094365692,80.55192356603766,Normal,Normal,Warning,Normal
2026-05-26 17:41:08.682625,64.41527571806729,50.62933039754357,4.264492727257196,80.49577800644668,Normal,Normal,Normal,Normal
2026-05-26 17:41:09.684114,64.90613058652644,50.358642550933006,3.363240752803939,80.3582393812356,Normal,Normal,Warning,Normal
2026-05-26 17:41:10.686462,65.04610702533766,50.12516992681126,3.8182290866718147,80.28738250572323,Normal,Normal,Normal,Normal
2026-05-26 17:41:11.687986,65.33613380610443,49.672176995225726,3.897043123318734,80.11691951199829,Normal,Normal,Normal,Normal
2026-05-26 17:41:12.690040,65.67969252492546,49.331628054722614,3.8769637410700626,79.99673968649824,Normal,Normal,Normal,Normal
2026-05-26 17:41:13.692335,66.13708268116174,48.91616247124848,4.890782051963841,79.82636181293772,Normal,Normal,Normal,Normal
2026-05-26 17:41:14.693460,66.38371994254847,48.53645174532112,4.67869990273625,79.64130055744786,Normal,Normal,Normal,Normal
2026-05-26 17:41:15.695629,66.5861864707841,48.123759234684094,4.816445879627427,79.52686640680626,Normal,Normal,Normal,Normal
2026-05-26 17:41:16.697493,66.94849047008614,47.68322358953406,3.5046107350356666,79.43450808029814,Normal,Normal,Warning,Normal
2026-05-26 17:41:17.699436,67.34174240301068,47.19078473265369,3.652506252599218,79.31353960089675,Normal,Normal,Normal,Normal
2026-05-26 17:41:18.701481,67.52274599237187,46.85678507262608,4.686791460617595,79.11543531641401,Normal,Normal,Normal,Normal
2026-05-26 17:41:19.703401,67.78292377115204,46.390050750653565,4.294117299424691,78.9393739162535,Normal,Normal,Normal,Normal
2026-05-26 17:41:20.704713,68.07117583867563,46.144060780803535,3.5456316906581202,78.84590825433784,Normal,Normal,Warning,Normal
2026-05-26 17:41:21.706267,68.35490307859402,45.75474896354987,4.606927759945018,78.72328083432816,Normal,Normal,Normal,Normal
2026-05-26 17:41:22.707761,68.52172172608952,45.376339783926944,4.671805090156425,78.62986808576211,Normal,Normal,Normal,Normal
2026-05-26 17:41:23.709740,68.78516681546134,45.23028626695409,4.3199839695776,78.56581715370744,Normal,Normal,Normal,Normal
2026-05-26 17:41:24.711877,69.12914716763288,45.12124949618712,4.310682114065752,78.42746999015473,Normal,Normal,Normal,Normal
2026-05-26 17:41:25.713926,69.28611500671556,45.01802160514416,4.319836132741228,78.26571362886372,Normal,Normal,Normal,Normal
2026-05-26 17:41:26.716391,69.46483708553127,44.558866073601074,3.9650775617409293,78.14875558327616,Normal,Normal,Normal,Normal
2026-05-26 17:41:27.718723,69.87866227666373,44.21177081249845,3.65953721641156,78.0871611941994,Normal,Normal,Normal,Normal
2026-05-26 17:41:28.720849,70.15712593612187,43.7705810207933,3.3330382875332494,78.01605747467823,Normal,Normal,Warning,Normal
2026-05-26 17:41:29.723348,70.44150940234525,43.38915467439304,3.3337820070997966,77.87163825327016,Normal,Normal,Warning,Normal
2026-05-26 17:41:30.726058,70.90313116270598,42.90929010226395,4.960489571684125,77.67858515410578,Normal,Normal,Normal,Normal
2026-05-26 17:41:31.728746,71.17829079558219,42.46912657153424,3.356615037516262,77.50949585671701,Normal,Normal,Warning,Normal
2026-05-26 17:41:32.730693,71.42326145777446,41.990412906705984,4.662253942769032,77.35579149702177,Normal,Normal,Normal,Normal
2026-05-26 17:41:33.732922,71.63099258385436,41.50501266286851,4.3882421851966384,77.15878132977586,Normal,Normal,Normal,Normal
2026-05-26 17:41:34.735136,71.97232070041296,41.344872110537075,4.307365565260808,77.09658482469729,Normal,Normal,Normal,Normal
2026-05-26 17:41:35.737388,72.34465316875064,41.243156263325076,4.096878355986178,76.91247932657231,Normal,Normal,Normal,Normal
2026-05-26 17:41:36.738974,72.77324317112127,40.76759023850243,4.665663431034893,76.75634552888756,Normal,Normal,Normal,Normal
2026-05-26 17:41:37.741112,72.97855871872197,40.39807494496848,3.672077357567159,76.70437442588566,Normal,Normal,Normal,Normal
2026-05-26 17:41:38.742835,73.3960566849515,40.01243763763472,4.073822556021842,76.53494940049553,Normal,Normal,Normal,Normal
2026-05-26 17:41:39.744906,73.8519500104334,39.54565384248212,3.4680169876299507,76.38448843076515,Normal,Normal,Warning,Normal
2026-05-26 17:41:40.747260,73.99343512350477,39.067878747414994,3.4213718037238765,76.23479911972267,Normal,Normal,Warning,Normal
2026-05-26 17:41:41.749902,74.4324401667843,38.792863488589774,3.8645111403496637,76.10238859113969,Normal,Normal,Normal,Normal
2026-05-26 17:41:42.751957,74.84346174243326,38.69052587699436,4.99621995358121,75.94529754698476,Normal,Normal,Normal,Normal
2026-05-26 17:41:43.755758,75.30097671296298,38.41733907649663,3.314521819272495,75.80037267704292,Normal,Normal,Warning,Normal
2026-05-26 17:41:44.813364,75.49481224254185,38.06605219670873,4.519253765546666,75.67728223180232,Normal,Normal,Normal,Normal
2026-05-26 17:41:46.652057,75.60335339562886,37.76558556031647,4.15998355786504,75.56284191731619,Normal,Normal,Normal,Normal
2026-05-26 17:41:47.654278,75.96276942368979,37.599819227072956,4.613818435236682,75.47782711555935,Normal,Normal,Normal,Normal
2026-05-26 17:41:48.657012,76.2730354067321,37.185689641969695,3.8324324882853524,75.39550821552821,Normal,Normal,Normal,Normal
2026-05-26 17:41:49.659066,76.70050324994071,37.02811200214401,3.902726911002834,75.20025236950981,Normal,Normal,Normal,Normal
2026-05-26 17:41:50.660671,76.88232929370683,36.556219842073624,3.525127681310808,75.0818163915946,Normal,Normal,Warning,Normal
2026-05-26 17:41:51.662448,77.37221260729963,36.33083962288106,3.510474599278762,74.98984161211287,Normal,Normal,Warning,Normal
2026-05-26 17:41:52.664861,77.70476589101494,36.048058307744114,4.213446293466782,74.84838202069906,Normal,Normal,Normal,Normal
2026-05-26 17:41:53.667243,78.11431869428677,35.78758949344763,3.9760930896087343,74.77694664491287,Normal,Normal,Normal,Normal
2026-05-26 17:41:54.669124,78.44358806884209,35.63980756095553,3.809868744220601,74.71014135504795,Normal,Normal,Normal,Normal
2026-05-26 17:41:55.670824,78.84235855049666,35.40525858328284,4.618820685285988,74.61858771100486,Normal,Normal,Normal,Normal
2026-05-26 17:41:56.672697,79.2522824786939,35.025037613831415,3.3270847234426397,74.502423456765,Normal,Normal,Warning,Normal
2026-05-26 17:41:57.676285,79.51436177136529,34.734542417506916,4.16931410050124,74.44681323127475,Normal,Normal,Normal,Normal
2026-05-26 17:41:58.678990,79.71386759225994,34.499340699582376,4.592507628765347,74.35595871943566,Normal,Normal,Normal,Normal
2026-05-26 17:41:59.681255,80.00044587043905,34.2776837939936,4.972372996687395,74.26435893290622,Warning,Normal,Normal,Normal
2026-05-26 17:42:00.683970,79.8190070090126,33.86788629562438,4.469851736507248,74.14757815523788,Normal,Normal,Normal,Normal
2026-05-26 17:42:01.685903,79.32711878712824,33.652992039538816,4.523614941210431,73.95844024362717,Normal,Normal,Normal,Normal
2026-05-26 17:42:02.687836,78.87172598536414,33.4300304999535,4.2015761136921395,73.82102014337913,Normal,Normal,Normal,Normal
2026-05-26 17:42:03.692399,78.69947809877544,33.29086877395728,4.863651350552688,73.6619974885272,Normal,Normal,Normal,Normal
2026-05-26 17:42:04.694167,78.54298750616424,33.077368872695736,4.946184221713243,73.47462799590885,Normal,Normal,Normal,Normal
2026-05-26 17:42:05.696879,78.32597675086363,32.6902313790505,4.99306962457896,73.37400702810322,Normal,Normal,Normal,Normal
2026-05-26 17:42:06.698791,77.9193980407754,32.477594840198755,3.3399364115331607,73.2730407372532,Normal,Normal,Warning,Normal
2026-05-26 17:42:07.700423,77.51396788396121,32.18717816700274,3.5702320204133486,73.13927627514698,Normal,Normal,Warning,Normal
2026-05-26 17:42:08.702270,77.22117064141725,32.07377416558958,4.652252339141143,73.00608776950813,Normal,Normal,Normal,Normal
2026-05-26 17:42:09.704372,77.08429752507169,31.831607618110617,4.158696091912232,72.87155486291469,Normal,Normal,Normal,Normal
2026-05-26 17:42:10.706363,76.91298701726463,31.385013521057548,4.90850190771922,72.68975938935486,Normal,Normal,Normal,Normal
2026-05-26 17:42:11.708605,76.45351593690492,31.070343085986508,4.615069852490597,72.60515283815822,Normal,Normal,Normal,Normal
2026-05-26 17:42:12.710442,76.31472446434776,30.597116942641758,4.099925656525758,72.42379282821405,Normal,Normal,Normal,Normal
2026-05-26 17:42:13.712072,75.9029665403629,30.154400953503075,3.51923744995417,72.32165677438282,Normal,Normal,Warning,Normal
2026-05-26 17:42:14.714246,75.42320165955091,29.792559491832893,3.3997461428712765,72.16753309091193,Normal,Normal,Warning,Normal
2026-05-26 17:42:15.716067,75.06228077598723,29.63326775846339,4.46820354493164,72.06937719977205,Normal,Normal,Normal,Normal
2026-05-26 17:42:16.718145,74.77765906418088,29.291105923569244,4.772388721926791,72.00656658204669,Normal,Normal,Normal,Normal
2026-05-26 17:42:17.720314,74.32175779905917,28.831941958839646,4.7314686022419234,71.84243355422157,Normal,Normal,Normal,Normal
2026-05-26 17:42:18.722284,74.09614269787319,28.665611941137815,3.778980427273932,71.72151483398397,Normal,Normal,Normal,Normal
2026-05-26 17:42:33.865210,73.82614471351229,28.443178022512534,4.044266664458234,71.6487351507988,Normal,Normal,Normal,Normal
2026-05-26 17:42:35.245750,73.52371830815763,28.21284192918969,4.161212571270803,71.55183620171826,Normal,Normal,Normal,Normal
2026-05-26 17:42:36.248121,73.37988497071524,27.922181091732128,4.836102318807545,71.4013471315876,Normal,Normal,Normal,Normal
2026-05-26 17:42:37.249968,72.97050982824325,27.698769127797412,4.187127407693129,71.20687989558827,Normal,Normal,Normal,Normal
2026-05-26 17:42:38.251860,72.68164327342376,27.29694710307948,3.8373056169312196,71.1298854218695,Normal,Normal,Normal,Normal
2026-05-26 18:06:49.479251,72.36814747547653,26.891115961950025,4.5898381586209185,71.04162818744061,Normal,Normal,Normal,Normal
2026-05-26 18:06:50.577040,72.1972847739702,26.39525477086493,4.579873955028282,70.92668864233848,Normal,Normal,Normal,Normal
2026-05-26 18:06:51.772316,71.86843401519262,26.275606569059473,4.137988430402862,70.77278186424353,Normal,Normal,Normal,Normal
2026-05-26 18:06:52.922548,71.59819457709806,25.788430007287783,3.648128388634137,70.72177401590139,Normal,Normal,Normal,Normal
2026-05-26 18:06:53.937554,71.45248085179404,25.64566407213842,3.5412781501900668,70.67024566694747,Normal,Normal,Warning,Normal
2026-05-26 18:06:54.940273,71.04995029383456,25.310575875701446,4.278792453568684,70.47073170688799,Normal,Normal,Normal,Normal
2026-05-26 18:06:55.962455,70.68126787007235,25.170611649898575,4.350970092056706,70.34999125375955,Normal,Normal,Normal,Normal
2026-05-26 18:06:57.089657,70.49377060352228,24.948742833179526,4.838664261338431,70.28643798929996,Normal,Normal,Normal,Normal
2026-05-26 18:06:58.098398,70.18160900586744,24.463897657676902,4.58996573147391,70.23425840674732,Normal,Normal,Normal,Normal
2026-05-26 18:06:59.106991,69.84177720341596,24.040725770195287,3.554873091481189,70.0468850946258,Normal,Normal,Warning,Normal
2026-05-26 18:07:00.108817,69.3512575049348,23.583199443191955,4.374666037542902,69.98343407381296,Normal,Normal,Normal,Normal
2026-05-26 18:07:01.110931,68.9477078089768,23.324478487441638,4.87734604348055,69.79199634263114,Normal,Normal,Normal,Normal
2026-05-26 18:07:02.112411,68.7510387103809,23.20846652709616,3.3168505045060535,69.67351518266227,Normal,Normal,Warning,Normal
2026-05-26 18:07:03.114697,68.39213373881024,22.859427067054686,3.9009452826469184,69.51313816746975,Normal,Normal,Normal,Normal
2026-05-26 18:07:04.116599,68.04929083599384,22.693845909977384,3.375708670300517,69.38324490318826,Normal,Normal,Warning,Normal
2026-05-26 18:07:05.118170,67.83092864232353,22.435649318817422,3.4508617683479264,69.30607217827449,Normal,Normal,Warning,Normal
2026-05-26 18:07:06.121022,67.4275172598752,22.27873892400109,4.375812545020712,69.1428272255141,Normal,Normal,Normal,Normal
2026-05-26 18:07:07.123039,67.29507327466274,21.961342422075948,3.591242823562517,69.07452561466164,Normal,Normal,Warning,Normal
2026-05-26 18:07:08.125241,67.01237539651238,21.504019237146768,4.6861270386212714,69.02197880522291,Normal,Normal,Normal,Normal
2026-05-26 18:07:09.128111,66.78351102014881,21.272840401600963,4.004261477977022,68.93692958094856,Normal,Normal,Normal,Normal
2026-05-26 18:07:10.131393,66.28476514658885,21.114446095001774,3.7572942253360306,68.79840162598815,Normal,Normal,Normal,Normal
2026-05-26 18:07:11.133707,65.86064610371724,20.643754436915852,4.2139318907553385,68.62579417058248,Normal,Normal,Normal,Normal
2026-05-26 18:07:12.136508,65.4980921953739,20.45689439283744,3.433387223316986,68.55470900030308,Normal,Normal,Warning,Normal
2026-05-26 18:07:13.138962,65.09591329622253,20.179488785775014,3.7222170885711376,68.3623433533407,Normal,Normal,Normal,Normal
2026-05-26 18:07:14.140392,64.62728453193381,19.693089209337305,3.6150524031526605,68.2889996265711,Normal,Warning,Normal,Normal
2026-05-26 18:07:15.142828,64.44709994316051,19.3920628711339,4.967480543747097,68.16106620737071,Normal,Warning,Normal,Normal
2026-05-26 18:07:16.144808,64.04131879006871,19.075911337933036,4.865931365099725,67.9889071755067,Normal,Warning,Normal,Normal
2026-05-26 18:07:17.146783,63.60770208849987,18.613932238600135,4.6149998850314375,67.8635963309973,Normal,Warning,Normal,Normal
2026-05-26 18:07:18.148177,63.24562947773726,18.121108498683554,4.218582283234317,67.72942995855564,Normal,Warning,Normal,Normal
2026-05-26 18:07:19.150461,62.79161928487124,17.916673146572705,4.664405651043296,67.62233975815573,Normal,Warning,Normal,Normal
2026-05-26 18:07:20.152206,62.36227621521447,17.634762515381535,3.3911319361211216,67.48273999588444,Normal,Warning,Warning,Normal
2026-05-26 18:07:21.156407,62.25742720647819,17.26016258714888,4.682926030329001,67.32291184886186,Normal,Warning,Normal,Normal
2026-05-26 18:07:22.158416,61.99332022101855,16.889947429112834,3.6988973468828936,67.20443486739896,Normal,Warning,Normal,Normal
2026-05-26 18:07:23.160151,61.623434892169605,16.639875052312785,3.812591989833325,67.14434234915221,Normal,Warning,Normal,Normal
2026-05-26 18:07:24.162104,61.15064953340058,16.524688090299193,3.4549774584180124,67.05061102430895,Normal,Warning,Warning,Normal
2026-05-26 18:07:25.164030,60.80402395667021,16.283043200049306,4.436752570009848,66.94894924043635,Normal,Warning,Normal,Normal
2026-05-26 18:07:26.165462,60.64554025212329,15.85874996597045,4.79810736096208,66.86222481012997,Normal,Warning,Normal,Normal
2026-05-26 18:07:27.166971,60.18029081275269,15.75270877385538,4.626081912234594,66.68310390935424,Normal,Warning,Normal,Normal
2026-05-26 18:07:28.168040,59.77705500904825,15.58209724297559,4.041492423114206,66.52492740443424,Normal,Warning,Normal,Normal
2026-05-26 18:07:29.170255,59.54269772608196,15.412094642584009,4.76491426241282,66.35017882321448,Normal,Warning,Normal,Normal
2026-05-26 18:07:30.171680,59.06164826594445,15.2684337705309,4.420537430630589,66.2947264892877,Normal,Warning,Normal,Normal
2026-05-26 18:07:31.173485,58.621083123704175,14.991788391197527,4.894913239532093,66.2350660713424,Normal,Warning,Normal,Normal
2026-05-26 18:07:32.174961,58.48037142095655,14.733598263541435,4.806664827911387,66.15963919773624,Normal,Warning,Normal,Normal
2026-05-26 18:07:33.176991,58.22197927589349,14.341844656881172,4.01109848312301,66.00920986694601,Normal,Warning,Normal,Normal
2026-05-26 18:07:34.179096,57.973854509131,13.91773745104263,4.294605028407341,65.87439678449303,Normal,Warning,Normal,Normal
2026-05-26 18:07:35.181360,57.524804196285025,13.60951065396143,4.079296301231276,65.80463146026854,Normal,Warning,Normal,Normal
2026-05-26 18:07:36.183047,57.40706568911051,13.256300812348291,3.44325004292716,65.65993940152254,Normal,Warning,Warning,Normal
2026-05-26 18:07:37.184790,57.07805254580162,12.77138723136147,4.9877421032001,65.6019907164087,Normal,Warning,Normal,Normal
2026-05-26 18:07:38.186580,56.90748220019888,12.315198351714113,3.978641941096622,65.46502769794465,Normal,Warning,Normal,Normal
2026-05-26 18:07:39.188314,56.51495213856262,12.03030536666861,4.368784832661995,65.32731854456377,Normal,Warning,Normal,Normal
2026-05-26 18:07:40.190374,56.32858050234804,11.789642884129917,4.107003454239805,65.1983690117049,Normal,Warning,Normal,Normal
2026-05-26 18:07:41.192109,55.92586406234251,11.660897167501824,3.9326387263325646,65.05508426661268,Normal,Warning,Normal,Normal
2026-05-26 18:07:42.194126,55.42888184618348,11.329644334627034,4.097933406849259,64.88378146869732,Normal,Warning,Normal,Normal
2026-05-26 18:07:43.196273,54.95409775113715,11.226657881794983,4.514468960894406,64.71870245632594,Normal,Warning,Normal,Normal
2026-05-26 18:07:44.197882,54.58296962944231,10.780791793060354,4.475409912608121,64.61124939308075,Normal,Warning,Normal,Normal
2026-05-26 18:07:45.199494,54.25792571398646,10.426555760292576,4.9519280935450425,64.4125265957895,Normal,Warning,Normal,Normal
2026-05-26 18:07:46.201718,54.109294333406595,10.187020029590881,4.7795326166849,64.27275261234878,Normal,Warning,Normal,Normal
2026-05-26 18:07:47.203582,53.84987727001143,10.071744205349727,4.180133664874909,64.15712169629404,Normal,Warning,Normal,Normal
2026-05-26 18:07:48.205549,53.60475758502605,9.959913088816966,3.8170948827605216,63.99641635646806,Normal,Warning,Normal,Normal
2026-05-26 18:07:49.207803,53.40015474164193,9.625298299635242,4.180896095429643,63.905710473058704,Normal,Warning,Normal,Normal
2026-05-26 18:07:50.209364,52.90701016450481,9.425032312342937,4.176607456598848,63.84496077658228,Normal,Warning,Normal,Normal
2026-05-26 18:07:51.211297,52.560881450577234,9.320176471526262,4.258438463995042,63.78352405790934,Normal,Warning,Normal,Normal
2026-05-26 18:07:52.213239,52.105729625281654,8.947648035799569,4.849931597975428,63.59454886251447,Normal,Warning,Normal,Normal
2026-05-26 18:07:53.214948,51.919120993154415,8.455801392205865,4.050347428851982,63.52622231103088,Normal,Warning,Normal,Normal
2026-05-26 18:07:54.215985,51.65413204276406,8.103423911698219,4.283665907652023,63.408531391667914,Normal,Warning,Normal,Normal
2026-05-26 18:07:55.217474,51.4221895943849,7.807506520185137,4.08639292338632,63.214809278199596,Normal,Warning,Normal,Normal
2026-05-26 18:07:56.219558,51.0257460263371,7.611582554123505,4.785424125469028,63.117782369642065,Normal,Warning,Normal,Normal
2026-05-26 18:07:57.221591,50.85505361887883,7.271962894612964,3.5681439016458634,62.95176974956999,Normal,Warning,Warning,Normal
2026-05-26 18:07:58.223277,50.43472044320527,7.12721208286365,4.742490591953001,62.75813691978119,Normal,Warning,Normal,Normal
2026-05-26 18:07:59.226024,50.18770385422525,6.984996547031711,4.1937128574772125,62.66114720981163,Normal,Warning,Normal,Normal
2026-05-26 18:08:00.228197,50.022811452507035,6.692214970787525,4.464133501884271,62.47553683122538,Normal,Warning,Normal,Normal
2026-05-26 18:08:01.229913,49.65462686675302,6.351601985483755,4.8638624080581465,62.394614874252035,Normal,Warning,Normal,Normal
2026-05-26 18:08:02.233123,49.44508193039756,5.9614804349980925,4.4389715400097565,62.21919178583342,Normal,Warning,Normal,Normal
2026-05-26 18:08:03.235108,48.97691381300769,5.553936130815964,4.732716657191696,62.165205005593926,Normal,Warning,Normal,Normal
2026-05-26 18:08:04.237128,48.656579674986716,5.070116995317618,3.9226500983720953,61.98981390508852,Normal,Warning,Normal,Normal
2026-05-26 18:08:05.239241,48.21580698191136,4.845519977898545,3.771856433484315,61.92609057988315,Normal,Critical!!,Normal,Normal
2026-05-26 18:08:06.241953,47.73647372187566,4.561127510270519,4.961013055106893,61.77165410149863,Normal,Critical!!,Normal,Normal
2026-05-26 18:08:07.244578,47.393276586598546,4.259343232238242,3.5820736193421197,61.70979249753408,Normal,Critical!!,Warning,Normal
2026-05-26 18:08:08.246793,47.01097500750853,3.842269582881573,4.186727823472113,61.6044406751603,Normal,Critical!!,Normal,Normal
2026-05-26 18:08:09.249282,46.86941822065562,3.387173270395608,3.874533132211193,61.461692328976525,Normal,Critical!!,Normal,Normal
2026-05-26 18:08:10.251293,46.497951148397064,3.0653629186958877,3.402427495095964,61.33854646506561,Normal,Critical!!,Warning,Normal
2026-05-26 18:08:11.253231,46.027676827205966,2.6788447916227764,3.960503337831275,61.15054153068979,Normal,Critical!!,Normal,Normal
2026-05-26 18:08:12.255210,45.67628399440093,2.259600620816066,4.609385682701294,61.009285885674146,Normal,Critical!!,Normal,Normal
2026-05-26 18:08:13.256908,45.55316707276051,2.1389416744725254,4.881594537482434,60.908470118461295,Normal,Critical!!,Normal,Normal
2026-05-26 18:08:14.258361,45.109076577531866,1.6527365814043178,4.293307738837804,60.786095912086545,Normal,Critical!!,Normal,Normal
2026-05-26 18:08:15.260219,44.8287935454998,1.4956627417499369,4.998752046967073,60.689183753906526,Normal,Critical!!,Normal,Normal
2026-05-26 18:08:16.262015,44.53047571539488,1.0761585293290583,4.327142467852392,60.594963161351444,Normal,Critical!!,Normal,Normal
2026-05-26 18:08:17.264163,44.30611472425751,0.89836585348995,4.654606154901386,60.512028256862706,Normal,Critical!!,Normal,Normal
2026-05-26 18:08:18.265970,44.126889158485135,0.5536327713203519,3.694913424631688,60.46029794877942,Normal,Critical!!,Normal,Normal
2026-05-26 18:08:19.267828,43.983811944502335,0.1844096552795892,4.547191022573913,60.33124822922524,Normal,Critical!!,Normal,Normal
2026-05-26 18:08:20.269212,43.68346685932982,0,3.3308888876137877,60.191641477569874,Normal,Critical!!,Warning,Normal
2026-05-26 18:08:21.270782,43.348187516175734,0,4.285432434719777,60.06177296770882,Normal,Critical!!,Normal,Normal
2026-05-26 18:08:22.273391,43.22171985571662,0,4.327806849270277,59.9836897540436,Normal,Critical!!,Normal,Normal
2026-05-26 18:08:23.274798,42.93477164189597,0,4.304468866290983,59.89074994086406,Normal,Critical!!,Normal,Normal
2026-05-26 18:08:24.276693,42.68383951078071,0,4.237434452772588,59.752897526015545,Normal,Critical!!,Normal,Normal
2026-05-26 18:08:25.278465,42.301088247054665,0,3.8955395678980436,59.66324210626022,Normal,Critical!!,Normal,Normal
2026-05-26 18:08:26.281547,41.83569235910501,0,3.759159025807499,59.601491588478105,Normal,Critical!!,Normal,Normal
2026-05-26 18:08:27.285000,41.6542451823383,0,4.880282474050928,59.521410250654306,Normal,Critical!!,Normal,Normal
2026-05-26 18:08:28.287068,41.34599449676106,0,3.76275693812779,59.41755100603257,Normal,Critical!!,Normal,Normal
2026-05-26 18:08:29.289240,40.90929073774201,0,3.4832941078204924,59.24692769567389,Normal,Critical!!,Warning,Normal
2026-05-26 18:08:30.291355,40.434997495243394,0,3.7636797242606463,59.193732623235704,Normal,Critical!!,Normal,Normal
2026-05-26 18:08:31.294079,40.2380181346675,0,3.3405031521900534,59.13882633136912,Normal,Critical!!,Warning,Normal
2026-05-26 18:08:32.296398,39.76529782574949,0,3.767239619270262,58.94538688770044,Normal,Critical!!,Normal,Normal
2026-05-26 18:08:33.298617,39.331250250279055,0,4.547678082725156,58.77857208855596,Normal,Critical!!,Normal,Normal
2026-05-26 18:08:35.171009,39.21112741870998,0,3.5006797498268325,58.71417321458029,Normal,Critical!!,Warning,Normal
2026-05-26 18:08:36.172427,38.855873250414284,0,3.441427930505184,58.66023338289278,Normal,Critical!!,Warning,Normal
2026-05-26 18:08:37.174503,38.55020391981124,0,3.5615385583283277,58.533321510120665,Normal,Critical!!,Warning,Normal
2026-05-26 18:08:38.176378,38.07450998698181,0,4.732022923272137,58.33342838580077,Normal,Critical!!,Normal,Normal
2026-05-26 18:08:39.178209,37.70680122883727,0,3.9687550253794486,58.15699428690226,Normal,Critical!!,Normal,Normal
2026-05-26 18:08:40.180536,37.51184082745943,0,4.38555749337983,58.057986114012174,Normal,Critical!!,Normal,Normal
2026-05-26 18:08:41.183311,37.40157815956404,0,4.688392192494629,57.983103874957976,Normal,Critical!!,Normal,Normal
2026-05-26 18:08:42.185962,37.1496701628777,0,4.197707091068498,57.89734759934408,Normal,Critical!!,Normal,Normal
2026-05-26 18:08:43.188367,36.905292229132534,0,3.413795941827047,57.78143616588509,Normal,Critical!!,Warning,Normal
2026-05-26 18:08:44.190272,36.679139966519124,0,3.501514334489447,57.7013864944176,Normal,Critical!!,Warning,Normal
2026-05-26 18:08:45.192956,36.549960153319546,0,3.867438961942443,57.63610224171889,Normal,Critical!!,Normal,Normal
2026-05-26 18:08:46.195473,36.07443249941574,0,4.940991913173908,57.436456063697726,Normal,Critical!!,Normal,Normal
2026-05-26 18:08:47.198352,35.95397281341741,0,3.902668119073868,57.383131812899556,Normal,Critical!!,Normal,Normal
2026-05-26 18:08:48.199843,35.75764278496895,0,3.833338475111327,57.193085026599704,Normal,Critical!!,Normal,Normal
2026-05-26 18:08:49.201344,35.31446197710437,0,3.3628000815868195,57.104590507501584,Normal,Critical!!,Warning,Normal
2026-05-26 18:08:50.202827,35.12572321552038,0,4.996213046841011,56.9701045093511,Normal,Critical!!,Normal,Normal
2026-05-26 18:08:51.205277,34.65558726471226,0,4.81052005051552,56.81076546951047,Normal,Critical!!,Normal,Normal
2026-05-26 18:08:52.207361,34.490036935061994,0,3.4481209135321618,56.6898853405036,Normal,Critical!!,Warning,Normal
2026-05-26 18:08:53.209492,34.05684356115436,0,4.729809952528376,56.49559512742887,Normal,Critical!!,Normal,Normal
2026-05-26 18:08:54.212108,33.719823750317325,0,3.9077149790685946,56.34827545526076,Normal,Critical!!,Normal,Normal
2026-05-26 18:08:55.213945,33.535514475352855,0,3.8573748614603307,56.289346521457084,Normal,Critical!!,Normal,Normal
2026-05-26 18:08:56.216095,33.148243418261586,0,4.988380770245982,56.14215769243326,Normal,Critical!!,Normal,Normal
2026-05-26 18:08:57.218206,32.85878577635939,0,4.692782827160876,56.084486827175034,Normal,Critical!!,Normal,Normal
2026-05-26 18:08:58.219669,32.64291977617999,0,4.98508609030027,55.93278737642358,Normal,Critical!!,Normal,Normal
2026-05-26 18:08:59.221196,32.2863887501204,0,3.3910447233439966,55.848400709513726,Normal,Critical!!,Warning,Normal
2026-05-26 18:09:00.223678,32.021448573208076,0,4.427617031250659,55.78878420454678,Normal,Critical!!,Normal,Normal
2026-05-26 18:09:01.225655,31.900836294532716,0,3.99888327731632,55.60658102245264,Normal,Critical!!,Normal,Normal
2026-05-26 18:09:02.227217,31.701493161088454,0,3.7466633990025837,55.54380528460573,Normal,Critical!!,Normal,Normal
2026-05-26 18:09:03.229130,31.589424743367783,0,4.69145682214903,55.474843129778854,Normal,Critical!!,Normal,Normal
2026-05-26 18:09:04.231058,31.35383249397288,0,4.436936089731071,55.40407611131756,Normal,Critical!!,Normal,Normal
2026-05-26 18:09:05.232643,31.07984696911361,0,4.280091777890343,55.24341621093819,Normal,Critical!!,Normal,Normal
2026-05-26 18:09:06.234353,30.603543232757023,0,4.38337104752859,55.15219423723825,Normal,Critical!!,Normal,Normal
2026-05-26 18:09:07.236201,30.158423133289407,0,3.8976793987552902,55.01396134744197,Normal,Critical!!,Normal,Normal
2026-05-26 18:09:08.237887,30.00424789194027,0,4.4736847741337895,54.89020799507222,Normal,Critical!!,Normal,Normal
2026-05-26 18:09:09.239996,29.73643976227973,0,4.343662000572302,54.83179716242333,Normal,Critical!!,Normal,Normal
2026-05-26 18:09:10.242277,29.6157161988342,0,4.709743496439249,54.66375513891063,Normal,Critical!!,Normal,Normal
2026-05-26 18:09:11.244751,29.260849002894123,0,3.8512180323767615,54.50206559986305,Normal,Critical!!,Normal,Normal
2026-05-26 18:09:12.247283,28.9414901041594,0,3.391133836235168,54.377038466499855,Normal,Critical!!,Warning,Normal
2026-05-26 18:09:13.249648,28.49934472122094,0,3.697224909495672,54.218396835099696,Normal,Critical!!,Normal,Normal
2026-05-26 18:09:14.251580,28.21911895586517,0,3.3149046278164,54.14416393413175,Normal,Critical!!,Warning,Normal
2026-05-26 18:09:15.253402,27.757467726275,0,3.75041466210822,54.060261667465525,Normal,Critical!!,Normal,Normal
2026-05-26 18:09:16.255199,27.464456223169652,0,4.404972546021879,53.91375324182184,Normal,Critical!!,Normal,Normal
2026-05-26 18:09:17.257034,27.269320634100044,0,3.556996474387895,53.7498002223737,Normal,Critical!!,Warning,Normal
2026-05-26 18:09:18.258290,26.853080283500066,0,4.280584944850199,53.58965229963969,Normal,Critical!!,Normal,Normal
2026-05-26 18:09:19.259923,26.749725571488753,0,3.684311847191371,53.43889421568091,Normal,Critical!!,Normal,Normal
2026-05-26 18:09:20.261545,26.30650852942998,0,3.4229778194683305,53.29559822877575,Normal,Critical!!,Warning,Normal
2026-05-26 18:09:21.263318,26.12521548309432,0,4.736253683355926,53.17937992009128,Normal,Critical!!,Normal,Normal
2026-05-26 18:09:22.266158,25.742378532732044,0,4.291142241636983,53.11794043929487,Normal,Critical!!,Normal,Normal
2026-05-26 18:09:23.268039,25.258010589145865,0,3.863273972003695,53.00935127880291,Normal,Critical!!,Normal,Normal
2026-05-26 18:09:24.270258,25.02027280484384,0,4.062498551874688,52.940993872001364,Normal,Critical!!,Normal,Normal
2026-05-26 18:09:25.272175,24.87379776887793,0,4.4803836434672695,52.80040953045212,Normal,Critical!!,Normal,Normal
2026-05-26 18:09:26.274368,24.771163959335233,0,4.425218384399473,52.71640723583654,Normal,Critical!!,Normal,Normal
2026-05-26 18:09:27.276646,24.40502953378738,0,3.5548688485152944,52.634620947361256,Normal,Critical!!,Warning,Normal
2026-05-26 18:09:28.278556,24.002322772404092,0,3.431543861463307,52.55994105163127,Normal,Critical!!,Warning,Normal
2026-05-26 18:09:29.280080,23.567520568121857,0,4.35435206780997,52.48869010928078,Normal,Critical!!,Normal,Normal
2026-05-26 18:09:30.281948,23.17521395820626,0,3.5292810948911795,52.43682411673194,Normal,Critical!!,Warning,Normal
2026-05-26 18:09:31.284281,22.91136020022349,0,3.5509430489658027,52.242359652051505,Normal,Critical!!,Warning,Normal
2026-05-26 18:09:32.286052,22.46337465176093,0,4.24221303991948,52.10704982617053,Normal,Critical!!,Normal,Normal
2026-05-26 18:09:33.287958,21.9821155748261,0,3.7715625742287116,51.99561448574158,Normal,Critical!!,Normal,Normal
2026-05-26 18:09:34.290633,21.694693568223805,0,3.3218315089411656,51.84458154443868,Normal,Critical!!,Warning,Normal
2026-05-26 18:09:35.293223,21.475010993674122,0,4.952017787279729,51.73586422983104,Normal,Critical!!,Normal,Normal
2026-05-26 18:09:36.295430,21.150078465157687,0,4.60881892539631,51.58276506975784,Normal,Critical!!,Normal,Normal
2026-05-26 18:09:37.297252,20.72750216273953,0,4.099439222812875,51.441520488951845,Normal,Critical!!,Normal,Normal
2026-05-26 18:09:38.299232,20.330486813499537,0,4.666099135914177,51.35929948052214,Normal,Critical!!,Normal,Normal
2026-05-26 18:09:39.301387,19.935029193054778,0,4.61698658660185,51.21915675555075,Normal,Critical!!,Normal,Normal
2026-05-26 18:09:40.303883,20.17601462442994,0,4.638858154849604,51.11535274632547,Normal,Critical!!,Normal,Normal
2026-05-26 18:09:41.306318,20.38073724540775,0,3.3253439881345535,50.97798648933814,Normal,Critical!!,Warning,Normal
2026-05-26 18:09:42.307841,20.83202988723568,0,4.50341307585755,50.840723694149034,Normal,Critical!!,Normal,Normal
2026-05-26 18:09:43.310173,21.222956329931886,0,4.616843515918798,50.64120133223967,Normal,Critical!!,Normal,Normal
2026-05-26 18:09:44.312070,21.369170943824987,0,3.9185323238727245,50.49734825106076,Normal,Critical!!,Normal,Normal
2026-05-26 18:09:45.314432,21.781185377838735,0,4.784321257493643,50.321500275643466,Normal,Critical!!,Normal,Normal
2026-05-26 18:09:46.317369,21.950576581095657,0,4.3453787194101015,50.16923329245616,Normal,Critical!!,Normal,Normal
2026-05-26 18:09:47.321287,22.27751527786111,0,3.6105253963968353,50.058096477595164,Normal,Critical!!,Normal,Normal
2026-05-26 18:09:48.323578,22.712998160654532,0,4.192508801327246,49.87822215852158,Normal,Critical!!,Normal,Normal
2026-05-26 18:09:49.326094,23.00178118142505,0,3.727556247874281,49.730105660364,Normal,Critical!!,Normal,Normal
2026-05-26 18:09:50.328245,23.1520239266585,0,4.780174032770609,49.60824319096529,Normal,Critical!!,Normal,Normal
2026-05-26 18:09:51.330624,23.52846084158993,0,4.5592326018889135,49.51335265689816,Normal,Critical!!,Normal,Normal
2026-05-26 18:09:52.333398,23.657920483786434,0,4.3537173448344015,49.41680557729778,Normal,Critical!!,Normal,Normal
2026-05-26 18:09:53.335530,23.98489633499632,0,3.8522530895583014,49.31870938119038,Normal,Critical!!,Normal,Normal
2026-05-26 18:09:54.337713,24.110805114127572,0,4.645422421292539,49.183260064669525,Normal,Critical!!,Normal,Normal
2026-05-26 18:09:55.340642,24.21446623692277,0,3.974498574878912,49.042034269998936,Normal,Critical!!,Normal,Normal
2026-05-26 18:09:56.343419,24.393657357019052,0,3.752012960932736,48.919424575710636,Normal,Critical!!,Normal,Normal
2026-05-26 18:09:57.345825,24.634306400499412,0,4.997600993174127,48.7911618043321,Normal,Critical!!,Normal,Normal
2026-05-26 18:09:58.347698,24.813801429991535,0,4.391188238567024,48.68123081053453,Normal,Critical!!,Normal,Normal
2026-05-26 18:09:59.349366,24.991305533502516,0,3.7795987368777872,48.57861734657684,Normal,Critical!!,Normal,Normal
2026-05-26 18:10:00.351834,25.30901683557037,0,4.294664853074949,48.49177925934716,Normal,Critical!!,Normal,Normal
2026-05-26 18:10:01.354321,25.53404235937462,0,4.2240920695487585,48.39869859613787,Normal,Critical!!,Normal,Normal
2026-05-26 18:10:02.355863,25.72889080887046,0,4.089136586113661,48.25634596844214,Normal,Critical!!,Normal,Normal
2026-05-26 18:10:03.358017,26.126790906129,0,3.6094809112105684,48.177549071670725,Normal,Critical!!,Normal,Normal
2026-05-26 18:10:04.360711,26.46326610758074,0,3.4150754818004354,48.03004778045252,Normal,Critical!!,Warning,Normal
2026-05-26 18:10:05.363330,26.934513160756644,0,4.7415076208986715,47.953481837160126,Normal,Critical!!,Normal,Normal
2026-05-26 18:10:06.365650,27.197214250910395,0,4.938053016307674,47.869779023151104,Normal,Critical!!,Normal,Normal
2026-05-26 18:10:07.367191,27.38980801101484,0,4.461695818135136,47.71665418199309,Normal,Critical!!,Normal,Normal
2026-05-26 18:10:08.370271,27.63638361293951,0,3.5752444453098655,47.516934211737976,Normal,Critical!!,Warning,Normal
2026-05-26 18:10:09.372232,27.897630446795564,0,3.3348439278541746,47.380011139855576,Normal,Critical!!,Warning,Normal
2026-05-26 18:10:10.374911,28.276635644135922,0,4.50691746225949,47.28679247485114,Normal,Critical!!,Normal,Normal
2026-05-26 18:10:11.377588,28.686538825664925,0,4.803016709769636,47.10519521392472,Normal,Critical!!,Normal,Normal
2026-05-26 18:10:12.379731,28.92116565351311,0,3.417423195494931,47.042765175385604,Normal,Critical!!,Warning,Normal
2026-05-26 18:10:13.382097,29.182143728311907,0,4.410996244411718,46.866434471454994,Normal,Critical!!,Normal,Normal
2026-05-26 18:10:14.383494,29.504564677667194,0,4.571274278294813,46.71860504349553,Normal,Critical!!,Normal,Normal
2026-05-26 18:10:15.386844,29.667878418456944,0,4.467770110125713,46.65191910415422,Normal,Critical!!,Normal,Normal
2026-05-26 18:10:16.388298,29.964054329677285,0,4.402184394139489,46.485550343573,Normal,Critical!!,Normal,Normal
2026-05-26 18:10:17.390618,30.19409340274389,0,3.45873240459277,46.42905000334856,Normal,Critical!!,Warning,Normal
2026-05-26 18:10:18.393082,30.410352619908796,0,4.26505010020436,46.295432770460096,Normal,Critical!!,Normal,Normal
2026-05-26 18:10:19.394851,30.584601111040186,0,4.931123560780505,46.19476664491191,Normal,Critical!!,Normal,Normal
2026-05-26 18:10:20.396506,30.988906683221032,0,3.8642418482124308,46.03403034375855,Normal,Critical!!,Normal,Normal
2026-05-26 18:10:21.398784,31.30706226635776,0,3.8516259117585703,45.87464045097307,Normal,Critical!!,Normal,Normal
2026-05-26 18:10:22.400895,31.43339819067514,0,3.9710147680542827,45.71472716406411,Normal,Critical!!,Normal,Normal
2026-05-26 18:10:23.402106,31.759639781715403,0,4.661118663406822,45.558211038453294,Normal,Critical!!,Normal,Normal
2026-05-26 18:10:24.403566,31.884653341546546,0,4.366058748022787,45.436188223347195,Normal,Critical!!,Normal,Normal
2026-05-26 18:10:25.404967,32.32141581999369,0,4.874822610942422,45.28169077086841,Normal,Critical!!,Normal,Normal
2026-05-26 18:10:26.407413,32.72389810266484,0,4.3240708725261285,45.19147380792488,Normal,Critical!!,Normal,Normal
2026-05-26 18:10:27.409299,33.08291683964203,0,4.638136153324449,45.08951175294318,Normal,Critical!!,Normal,Normal
2026-05-26 18:10:28.411188,33.36244586410578,0,4.474714019376351,44.96495421786817,Normal,Critical!!,Normal,Normal
2026-05-26 18:10:29.412695,33.59532608279657,0,3.890282788620226,44.77789925358502,Normal,Critical!!,Normal,Normal
2026-05-26 18:10:30.413806,33.855464550613405,0,4.53369366533633,44.70143831413285,Normal,Critical!!,Normal,Normal
2026-05-26 18:10:31.415889,34.11488490553032,0,3.6195639291324144,44.620429311993576,Normal,Critical!!,Normal,Normal
2026-05-26 18:10:32.417673,34.49970377855736,0,3.920770057138191,44.54356652839619,Normal,Critical!!,Normal,Normal
2026-05-26 18:10:33.420327,34.842752526721654,0,4.431276878956749,44.459633509446164,Normal,Critical!!,Normal,Normal
2026-05-26 18:10:34.422382,35.178519066517396,0,4.5603932367262665,44.379473633271225,Normal,Critical!!,Normal,Normal
2026-05-26 18:10:35.424789,35.607491648558444,0,4.1074568242963725,44.186638874820005,Normal,Critical!!,Normal,Normal
2026-05-26 18:10:36.430028,36.07685086506795,0,3.8743141644754484,44.08159182389052,Normal,Critical!!,Normal,Normal
2026-05-26 18:10:37.432734,36.19582615233658,0,4.214674590081403,43.97907328729382,Normal,Critical!!,Normal,Normal
2026-05-26 18:10:38.434898,36.48349660829722,0,4.532386324910437,43.90646530802672,Normal,Critical!!,Normal,Normal
2026-05-26 18:10:39.436917,36.82704103597586,0,4.262500640771742,43.83398493953787,Normal,Critical!!,Normal,Normal
2026-05-26 18:10:40.439090,37.158683297367666,0,4.844112434091424,43.6412604917053,Normal,Critical!!,Normal,Normal
2026-05-26 18:10:41.441904,37.44899958059838,0,4.512459696594185,43.47729041487332,Normal,Critical!!,Normal,Normal
2026-05-26 18:10:42.443522,37.621086702759584,0,4.073320303457526,43.33867562150117,Normal,Critical!!,Normal,Normal
2026-05-26 18:10:43.445056,37.7518017688027,0,3.580073898496282,43.1479526797056,Normal,Critical!!,Warning,Normal
2026-05-26 18:10:44.446638,37.927051292512225,0,3.61773916565733,42.9512241008767,Normal,Critical!!,Normal,Normal
2026-05-26 18:10:45.448438,38.065075557610406,0,4.100083268442763,42.76704131683469,Normal,Critical!!,Normal,Normal
2026-05-26 18:10:46.449857,38.176104216090245,0,4.370779293903058,42.63420582199206,Normal,Critical!!,Normal,Normal
2026-05-26 18:10:47.451933,38.43386373468947,0,3.9061508716020334,42.43897252218273,Normal,Critical!!,Normal,Normal
2026-05-26 18:10:48.454309,38.54304894558733,0,4.84969432073263,42.25313619083997,Normal,Critical!!,Normal,Normal
2026-05-26 18:10:49.456147,38.95454212928011,0,3.829867190499822,42.09001864268198,Normal,Critical!!,Normal,Normal
2026-05-26 18:10:50.458100,39.37275677192017,0,3.580765620129918,42.0313331458741,Normal,Critical!!,Warning,Normal
2026-05-26 18:10:51.460637,39.48945912771967,0,4.367363473709187,41.95332064601931,Normal,Critical!!,Normal,Normal
2026-05-26 18:10:52.462300,39.66285514524751,0,3.466811327839257,41.837669565347085,Normal,Critical!!,Warning,Normal
2026-05-26 18:10:53.464185,39.89719644920241,0,3.6432850139328665,41.65946020616328,Normal,Critical!!,Normal,Normal
2026-05-26 18:10:54.466778,40.15004270481984,0,4.900989648244407,41.495603832064525,Normal,Critical!!,Normal,Normal
2026-05-26 18:10:55.468644,40.455194055193566,0,4.643723926979861,41.3207287415649,Normal,Critical!!,Normal,Normal
2026-05-26 18:10:56.471027,40.83657577397771,0,4.989887892641091,41.219931887321906,Normal,Critical!!,Normal,Normal
2026-05-26 18:10:57.472960,41.00080583726638,0,4.270731543788097,41.113921050718524,Normal,Critical!!,Normal,Normal
2026-05-26 18:10:58.475510,41.385948659139856,0,4.800279355027212,40.95894427622199,Normal,Critical!!,Normal,Normal
2026-05-26 18:10:59.477766,41.544086376512496,0,3.603746793699645,40.76022255460841,Normal,Critical!!,Normal,Normal
2026-05-26 18:11:00.480328,41.713528241179574,0,4.584973650977642,40.6881538331621,Normal,Critical!!,Normal,Normal
2026-05-26 18:11:01.482552,41.99378241902014,0,4.315079222588457,40.514152049362984,Normal,Critical!!,Normal,Normal
2026-05-26 18:11:02.484510,42.22895131196179,0,4.871738522255551,40.443963493981535,Normal,Critical!!,Normal,Normal
2026-05-26 18:11:03.486468,42.52207496046954,0,4.5111386974481835,40.25473407241377,Normal,Critical!!,Normal,Normal
2026-05-26 18:11:04.488095,43.0015282675054,0,3.4824873823743614,40.152892161623264,Normal,Critical!!,Warning,Normal
2026-05-26 18:11:05.490320,43.397367486951815,0,3.9274777767242606,39.956971670155276,Normal,Critical!!,Normal,Normal
2026-05-26 18:11:06.492314,43.58768906524543,0,4.167878282660194,39.87222453134192,Normal,Critical!!,Normal,Normal
2026-05-26 18:11:07.494645,44.07125196606476,0,4.403062635087029,39.73082297485485,Normal,Critical!!,Normal,Normal
2026-05-26 18:11:08.496709,44.41325634720224,0,4.841823919124174,39.54765983006695,Normal,Critical!!,Normal,Normal
2026-05-26 18:11:09.498433,44.65445798646573,0,3.4349164174833864,39.44940155476392,Normal,Critical!!,Warning,Normal
2026-05-26 18:11:10.500009,44.81612043230031,0,3.9552988066387136,39.29493177247958,Normal,Critical!!,Normal,Normal
2026-05-26 18:11:11.502749,45.29009116281441,0,4.6393960614384255,39.098626960382,Normal,Critical!!,Normal,Normal
2026-05-26 18:11:12.504448,45.43631791236879,0,4.476805102411421,38.98534972665938,Normal,Critical!!,Normal,Normal
2026-05-26 18:11:13.506380,45.7018770327261,0,3.8426517474537225,38.80855746638652,Normal,Critical!!,Normal,Normal
2026-05-26 18:11:14.508573,46.05489887024374,0,3.4936018676016336,38.65692929302996,Normal,Critical!!,Warning,Normal
2026-05-26 18:11:15.510625,46.34680856181685,0,4.889850413109749,38.526370645966125,Normal,Critical!!,Normal,Normal
2026-05-26 18:11:16.513690,46.55531281264767,0,4.833964851625988,38.339053108052745,Normal,Critical!!,Normal,Normal
2026-05-26 18:11:17.515346,46.802412141592534,0,3.994090766014071,38.25038065098905,Normal,Critical!!,Normal,Normal
2026-05-26 18:11:18.517379,47.09722735823737,0,3.7788067777537293,38.07507540251609,Normal,Critical!!,Normal,Normal
2026-05-26 18:11:19.519777,47.48626140733761,0,3.3115087442697284,37.969453492687485,Normal,Critical!!,Warning,Normal
2026-05-26 18:11:20.522681,47.850286734584905,0,4.1777037573070785,37.88671157518286,Normal,Critical!!,Normal,Normal
2026-05-26 18:11:21.524724,48.291665119249046,0,4.562357613233786,37.76606706395506,Normal,Critical!!,Normal,Normal
2026-05-26 18:11:22.526727,48.71391770617803,0,3.836682400069628,37.647235854867375,Normal,Critical!!,Normal,Normal
2026-05-26 18:11:23.529136,48.85469809307285,0,4.485070484301396,37.578925118361965,Normal,Critical!!,Normal,Normal
2026-05-26 18:11:24.530920,49.16898220394802,0,4.472173730319843,37.450871173661774,Normal,Critical!!,Normal,Normal
2026-05-26 18:11:25.533213,49.616558213586785,0,4.9270427772871255,37.28283253718118,Normal,Critical!!,Normal,Normal
2026-05-26 18:11:26.535674,49.82425306345373,0,4.847379315842506,37.19991315676213,Normal,Critical!!,Normal,Normal
2026-05-26 18:11:27.537920,50.07485544620214,0,3.6368389590102885,37.10792857030774,Normal,Critical!!,Normal,Normal
2026-05-26 18:11:28.539555,50.214982894649765,0,4.475784203041939,37.03692852171974,Normal,Critical!!,Normal,Normal
2026-05-26 18:11:29.541936,50.6186977998327,0,3.4488771511992273,36.856138053871796,Normal,Critical!!,Warning,Normal
2026-05-26 18:11:30.544153,50.92754252674622,0,4.4601113817974465,36.75249242904919,Normal,Critical!!,Normal,Normal
2026-05-26 18:11:31.547087,51.202712538557606,0,3.7562303169861546,36.60596610725155,Normal,Critical!!,Normal,Normal
2026-05-26 18:11:32.549893,51.43942016605626,0,4.497665145793303,36.54303209535857,Normal,Critical!!,Normal,Normal
2026-05-26 18:11:33.552292,51.719608589305196,0,4.7730346985366205,36.37943119626516,Normal,Critical!!,Normal,Normal
2026-05-26 18:11:34.554189,51.886657870177736,0,4.029038070566681,36.24105458915515,Normal,Critical!!,Normal,Normal
2026-05-26 18:11:35.557452,52.26970140665943,0,4.65042195675701,36.08538881389229,Normal,Critical!!,Normal,Normal
2026-05-26 18:11:36.559947,52.74471446245447,0,4.7942918415442985,36.01726299121252,Normal,Critical!!,Normal,Normal
2026-05-26 18:11:37.561885,53.189378030746774,0,4.703062241659117,35.85319627775398,Normal,Critical!!,Normal,Normal
2026-05-26 18:11:38.565171,53.6542844539351,0,4.67383519710894,35.67704729422781,Normal,Critical!!,Normal,Normal
2026-05-26 18:11:39.567399,53.799649641717714,0,3.7698955260595417,35.514275616314265,Normal,Critical!!,Normal,Normal
2026-05-26 18:11:40.569562,53.956386318829054,0,4.598472255451253,35.4398313536757,Normal,Critical!!,Normal,Normal
2026-05-26 18:11:41.571572,54.45533346172626,0,4.023949953462328,35.36499912744708,Normal,Critical!!,Normal,Normal
2026-05-26 18:11:42.573812,54.849696294712366,0,4.150751614411856,35.25472579312757,Normal,Critical!!,Normal,Normal
2026-05-26 18:11:43.576237,55.03307181897955,0,3.8319479981755324,35.12794270116457,Normal,Critical!!,Normal,Normal
2026-05-26 18:11:44.579070,55.407407041967545,0,4.641577308095939,34.93702255563108,Normal,Critical!!,Normal,Normal
2026-05-26 18:11:45.581122,55.8113228464555,0,4.795448855836006,34.84704307753039,Normal,Critical!!,Normal,Normal
2026-05-26 18:11:46.583976,56.13900080385981,0,4.609895922614776,34.69852255116017,Normal,Critical!!,Normal,Normal
2026-05-26 18:11:47.586642,56.42967806117932,0,4.451924526583448,34.63287756959798,Normal,Critical!!,Normal,Normal
2026-05-26 18:11:48.592047,56.64789714928578,0,3.377325870238282,34.55529409368243,Normal,Critical!!,Warning,Normal
2026-05-26 18:11:49.593664,56.973991952729165,0,4.132937953145937,34.43022004698278,Normal,Critical!!,Normal,Normal
2026-05-26 18:11:50.596616,57.08629463232126,0,4.972605417780106,34.352388739713405,Normal,Critical!!,Normal,Normal
2026-05-26 18:11:51.599717,57.32599506985001,0,4.980704041698384,34.225743428435344,Normal,Critical!!,Normal,Normal
2026-05-26 18:11:52.601513,57.53744672214457,0,3.9738437154948563,34.10748565747493,Normal,Critical!!,Normal,Normal
2026-05-26 18:11:53.603961,57.735190105452666,0,3.963872807997963,34.025886273107375,Normal,Critical!!,Normal,Normal
2026-05-26 18:11:54.605841,58.16729462896617,0,3.932094281594746,33.8692286075998,Normal,Critical!!,Normal,Normal
2026-05-26 18:13:01.625489,58.61320202877407,0,4.4651944775481685,33.79823839801798,Normal,Critical!!,Normal,Normal
2026-05-26 18:13:03.047004,59.06025407991734,0,3.4072664595054607,33.68936097384981,Normal,Critical!!,Warning,Normal
2026-05-26 18:13:04.051190,59.523476941962606,0,4.180248755031693,33.619541303413456,Normal,Critical!!,Normal,Normal
2026-05-26 18:13:05.053496,59.969892506878146,0,4.384176384219705,33.537826045261696,Normal,Critical!!,Normal,Normal
2026-05-26 18:13:06.055256,60.45425692218713,0,4.284961472484174,33.34708009286889,Normal,Critical!!,Normal,Normal
2026-05-26 21:11:57.791132,60.79630965308105,0,4.967970168174275,33.227412350001444,Normal,Critical!!,Normal,Normal
2026-05-26 21:11:59.026514,61.16605647395744,0,4.513236724033478,33.0542534998426,Normal,Critical!!,Normal,Normal
2026-05-26 21:12:00.032493,61.60440734985155,0,4.299045389752645,32.91381503442073,Normal,Critical!!,Normal,Normal
2026-05-26 21:12:01.039493,61.89657421596995,0,4.072922755586166,32.7159683455232,Normal,Critical!!,Normal,Normal
2026-05-26 21:12:02.041258,62.01865123470105,0,4.200384445670621,32.579039181354126,Normal,Critical!!,Normal,Normal
2026-05-26 21:12:03.042740,62.220776590648036,0,3.4982402436431994,32.385052450554866,Normal,Critical!!,Warning,Normal
2026-05-26 21:12:04.044580,62.49240897087445,0,4.4762601396791455,32.217272978314476,Normal,Critical!!,Normal,Normal
2026-05-26 21:12:05.045957,62.911057106845035,0,3.8377004271656006,32.14815013850922,Normal,Critical!!,Normal,Normal
2026-05-26 21:12:06.047348,63.23544326257313,0,4.019964482271498,32.05961371735251,Normal,Critical!!,Normal,Normal
2026-05-26 21:12:07.051061,63.63232945550339,0,3.7720518664776894,31.90179504506338,Normal,Critical!!,Normal,Normal
2026-05-26 21:18:30.702353,63.93498448493156,0,3.6447466968394164,31.741969361430048,Normal,Critical!!,Normal,Normal
2026-05-26 21:18:32.096874,64.38917351044012,0,4.232612332394124,31.642011170920995,Normal,Critical!!,Normal,Normal
2026-05-26 21:18:33.196162,64.76746509427203,0,4.8009861760864005,31.526377916272697,Normal,Critical!!,Normal,Normal
2026-05-26 21:18:34.216661,65.0245815829697,0,4.7458731258576226,31.415468701187454,Normal,Critical!!,Normal,Normal
2026-05-26 21:18:35.256114,65.23349976713295,0,3.725632301198333,31.27754484924638,Normal,Critical!!,Normal,Normal
2026-05-26 21:18:36.262655,65.37794693636722,0,3.5441414679208036,31.16980493544363,Normal,Critical!!,Warning,Normal
2026-05-26 21:18:37.265763,65.48298546867224,0,4.936855862273363,31.10225146841927,Normal,Critical!!,Normal,Normal
2026-05-26 21:18:38.271682,65.69006256656591,0,4.304228602457699,31.045469173487824,Normal,Critical!!,Normal,Normal
2026-05-26 21:18:39.319638,66.1489824329897,0,4.291132957273989,30.94109039006731,Normal,Critical!!,Normal,Normal
2026-05-26 21:18:40.373145,66.46793119181295,0,4.131963526240455,30.797831117732102,Normal,Critical!!,Normal,Normal
2026-05-26 21:18:41.375719,66.88888980524614,0,3.4399534243329164,30.712854330728888,Normal,Critical!!,Warning,Normal
2026-05-26 21:18:42.377659,67.132443536881,0,3.9907416593090206,30.538352296032848,Normal,Critical!!,Normal,Normal
2026-05-26 21:18:43.380390,67.61682770125283,0,4.10655447532151,30.34648933551102,Normal,Critical!!,Normal,Normal
2026-05-26 21:18:44.382203,67.89380189491709,0,4.1887971057473266,30.146791059089587,Normal,Critical!!,Normal,Normal
2026-05-26 21:18:45.384221,68.33178572279085,0,4.992298578523177,30.029741020747448,Normal,Critical!!,Normal,Normal
2026-05-26 21:18:46.386382,68.74654910137765,0,3.391943538150921,29.84519212726862,Normal,Critical!!,Warning,Normal
2026-05-26 21:18:47.389850,68.97111113083945,0,4.68500549176221,29.714309588530966,Normal,Critical!!,Normal,Normal
2026-05-26 21:18:48.391686,69.11370818285027,0,3.570966796905191,29.537290450956665,Normal,Critical!!,Warning,Normal
2026-05-26 21:18:49.393497,69.588812609238,0,4.981414522285078,29.37387418437399,Normal,Critical!!,Normal,Normal
2026-05-26 21:18:50.395203,70.02794141413075,0,4.775922535075684,29.323601727915214,Normal,Critical!!,Normal,Normal
2026-05-26 21:18:51.397129,70.45413242717451,0,3.979174129785484,29.12525931845886,Normal,Critical!!,Normal,Normal
2026-05-26 21:18:52.398667,70.89219956527018,0,3.4977800401010084,28.993947165917028,Normal,Critical!!,Warning,Normal
2026-05-26 21:18:53.400354,71.21561934039829,0,3.316018426427542,28.874897499336264,Normal,Critical!!,Warning,Normal
2026-05-26 21:18:54.402058,71.70963581356952,0,3.36106400332534,28.675854785491026,Normal,Critical!!,Warning,Normal
2026-05-26 21:18:55.403460,71.89800296147943,0,4.112673347122628,28.50703332171524,Normal,Critical!!,Normal,Normal
2026-05-26 21:18:56.405569,72.11365196430802,0,3.898170005433166,28.372491524761095,Normal,Critical!!,Normal,Normal
2026-05-26 21:18:57.407907,72.32188469786055,0,4.92123462608522,28.18113811860771,Normal,Critical!!,Normal,Normal
2026-05-26 21:18:58.409507,72.72051636256842,0,3.5432179525209415,28.097621962807633,Normal,Critical!!,Warning,Normal
2026-05-26 21:18:59.411396,73.0215015227776,0,3.8992395231952135,27.968088108010942,Normal,Critical!!,Normal,Normal
2026-05-26 21:19:00.412977,73.33608308790576,0,4.878430252939196,27.837554825159128,Normal,Critical!!,Normal,Normal
2026-05-26 21:19:01.414607,73.57814845555262,0,4.685780561767342,27.699843158290154,Normal,Critical!!,Normal,Normal
2026-05-26 21:19:02.416793,73.88689910888029,0,4.503944072415593,27.526753119267386,Normal,Critical!!,Normal,Normal
2026-05-26 21:19:03.418878,74.18546886647457,0,3.5088751575286525,27.390262315707297,Normal,Critical!!,Warning,Normal
2026-05-26 21:19:04.420487,74.63262465427489,0,4.35918580701137,27.222877102072378,Normal,Critical!!,Normal,Normal
2026-05-26 21:19:05.422271,74.87352344736357,0,4.79152675527276,27.029573986944456,Normal,Critical!!,Normal,Normal
2026-05-26 21:19:06.424594,75.04250814753406,0,4.854496245121748,26.890298387280662,Normal,Critical!!,Normal,Normal
2026-05-26 21:19:07.426476,75.29934654507653,0,4.733298397792033,26.786111976349677,Normal,Critical!!,Normal,Normal
2026-05-26 21:19:08.428348,75.59331805227404,0,3.8400842874793737,26.61642058738582,Normal,Critical!!,Normal,Normal
2026-05-26 21:19:09.430384,75.89475417640898,0,3.858913017256537,26.46301252865007,Normal,Critical!!,Normal,Normal
2026-05-26 21:19:10.432572,75.9998518785874,0,3.483295609829858,26.406306613505652,Normal,Critical!!,Warning,Normal
2026-05-26 21:19:11.434539,76.17189151671313,0,4.734536152378947,26.22659377261574,Normal,Critical!!,Normal,Normal
2026-05-26 21:19:12.437112,76.39929350012982,0,4.92366646024138,26.066201758320826,Normal,Critical!!,Normal,Normal
2026-05-26 21:19:13.438859,76.8338531732504,0,3.9989163666703003,25.961931938073217,Normal,Critical!!,Normal,Normal
2026-05-26 21:19:14.440361,77.11628409641156,0,3.627535198677586,25.830932641861345,Normal,Critical!!,Normal,Normal
2026-05-26 21:19:15.442084,77.35186399576821,0,3.9775066908421968,25.75769489810536,Normal,Critical!!,Normal,Normal
2026-05-26 21:19:16.443655,77.83307303879006,0,4.136926916368377,25.59176541101027,Normal,Critical!!,Normal,Normal
2026-05-26 21:19:17.445473,78.24733487517953,0,3.380332939829659,25.508503207045933,Normal,Critical!!,Warning,Normal
2026-05-26 21:19:18.446920,78.65217051573677,0,4.674576669230237,25.319989456383837,Normal,Critical!!,Normal,Normal
2026-05-26 21:19:19.448504,79.14844061741489,0,3.7409367466988996,25.145490378365434,Normal,Critical!!,Normal,Normal
2026-05-26 21:19:20.451175,79.3290334913661,0,4.174771968493059,25.03676146603417,Normal,Critical!!,Normal,Normal
2026-05-26 21:19:21.453371,79.74072337505585,0,3.706764246961243,24.925340232021895,Normal,Critical!!,Normal,Normal
2026-05-26 21:19:22.454933,80.23399757829954,0,4.264967900727352,24.768555604043502,Warning,Critical!!,Normal,Normal
2026-05-26 21:19:23.457547,79.75524484837287,0,4.296931101107218,24.629957421426052,Normal,Critical!!,Normal,Normal
2026-05-26 21:19:24.458961,79.5476199900644,0,4.267385494041041,24.5502330421987,Normal,Critical!!,Normal,Normal
2026-05-26 21:19:25.460807,79.25100258134393,0,3.986276864323324,24.394884918052924,Normal,Critical!!,Normal,Normal
2026-05-26 21:19:26.462212,79.06783306427097,0,3.4318810415080976,24.335281558779283,Normal,Critical!!,Warning,Normal
2026-05-26 21:19:27.463533,78.87141383005547,0,4.897055217024147,24.179420134749332,Normal,Critical!!,Normal,Normal
2026-05-26 21:19:28.464965,78.53906154553079,0,4.157781171425338,24.108316823782733,Normal,Critical!!,Normal,Normal
2026-05-26 21:19:29.466794,78.30621428717741,0,4.154628219360403,24.055494654143804,Normal,Critical!!,Normal,Normal
2026-05-26 21:19:30.468573,78.07029965554102,0,3.72184291352445,23.95331270288335,Normal,Critical!!,Normal,Normal
2026-05-26 21:19:31.470645,77.82436139447661,0,4.316385936173656,23.90035818435313,Normal,Critical!!,Normal,Normal
2026-05-26 21:19:32.472027,77.47253248102075,0,3.333777453040246,23.83343564543393,Normal,Critical!!,Warning,Normal
2026-05-26 21:19:33.473401,77.06662499539698,0,3.3713063805353047,23.662288079640085,Normal,Critical!!,Warning,Normal
2026-05-26 21:19:34.474591,76.67220664959473,0,3.3170377405484475,23.525524644844214,Normal,Critical!!,Warning,Normal
2026-05-26 21:19:35.475863,76.28625036062175,0,4.861171383902766,23.32967819743645,Normal,Critical!!,Normal,Normal
2026-05-26 21:19:36.477137,76.10396390423305,0,4.659843283363816,23.234331327328977,Normal,Critical!!,Normal,Normal
2026-05-26 21:19:37.478311,76.00024705262953,0,3.3139913161535315,23.051867635024568,Normal,Critical!!,Warning,Normal
2026-05-26 21:19:38.479859,75.54254346128005,0,4.694566970328168,22.907721495828984,Normal,Critical!!,Normal,Normal
2026-05-26 21:19:39.481741,75.25238943439639,0,3.967565128355507,22.852733726120416,Normal,Critical!!,Normal,Normal
2026-05-26 21:19:40.483512,75.01939297757446,0,4.687141792623817,22.66874030310411,Normal,Critical!!,Normal,Normal
2026-05-26 21:19:41.485160,74.60012308307643,0,3.385136045060839,22.572059118318183,Normal,Critical!!,Warning,Normal
2026-05-26 21:19:42.486818,74.35870748784015,0,4.234112819986278,22.457514174075882,Normal,Critical!!,Normal,Normal
2026-05-26 21:19:43.487929,74.11799598865491,0,4.169469691712583,22.28510322228496,Normal,Critical!!,Normal,Normal
2026-05-26 21:19:44.489538,73.64689296338405,0,4.31008993327203,22.122093762002336,Normal,Critical!!,Normal,Normal
2026-05-26 21:19:45.491249,73.48942641475021,0,4.649450706571621,21.975950210429033,Normal,Critical!!,Normal,Normal
2026-05-26 21:19:46.492804,73.10758927019704,0,4.749943496992221,21.81156056975242,Normal,Critical!!,Normal,Normal
2026-05-26 21:19:47.494140,72.7586567780084,0,3.9588917903967977,21.6632992584939,Normal,Critical!!,Normal,Normal
2026-05-26 21:19:48.495854,72.37763181252143,0,4.1857079198008105,21.519639036614443,Normal,Critical!!,Normal,Normal
2026-05-26 21:19:49.497155,72.03054286399126,0,3.3524175705030803,21.460756666824718,Normal,Critical!!,Warning,Normal
2026-05-26 21:19:50.498718,71.74483188391274,0,4.940528762335313,21.274946584726866,Normal,Critical!!,Normal,Normal
2026-05-26 21:19:51.500362,71.61190919107777,0,4.724172492747121,21.125933714970138,Normal,Critical!!,Normal,Normal
2026-05-26 21:19:52.501384,71.11866612333169,0,3.9485631183014482,20.986326280646793,Normal,Critical!!,Normal,Normal
2026-05-26 21:19:53.502798,70.78805314335543,0,4.336142867833638,20.8669481889,Normal,Critical!!,Normal,Normal
2026-05-26 21:19:54.504463,70.42979500505353,0,3.351943827448499,20.768244293838354,Normal,Critical!!,Warning,Normal
2026-05-26 21:19:55.506093,69.94166496984428,0,3.3438233010718954,20.682129486153038,Normal,Critical!!,Warning,Normal
2026-05-26 21:19:56.507795,69.62998276966796,0,4.849375298730209,20.62130080500325,Normal,Critical!!,Normal,Normal
2026-05-26 21:19:57.509314,69.13339986793572,0,4.697402977016092,20.46768070380439,Normal,Critical!!,Normal,Normal
2026-05-26 21:19:58.510984,69.01023745992288,0,3.927858704397945,20.39205731657312,Normal,Critical!!,Normal,Normal
2026-05-26 21:19:59.512532,68.63019575382648,0,4.98461050801481,20.30884481582476,Normal,Critical!!,Normal,Normal
2026-05-26 21:20:00.514176,68.42961085381468,0,4.254096732847449,20.11640400517916,Normal,Critical!!,Normal,Normal
2026-05-26 21:20:01.515632,67.98910259668318,0,3.60259935160894,19.94519399483817,Normal,Critical!!,Normal,Normal
2026-05-26 21:20:02.516705,67.49761168569317,0,4.5670573871781714,19.75383373173069,Normal,Critical!!,Normal,Normal
2026-05-26 21:20:03.518334,67.31672325656092,0,3.5258407556421725,19.626844066992653,Normal,Critical!!,Warning,Normal
2026-05-26 21:20:04.520794,67.07826514374608,0,3.4116476390592503,19.496702303442582,Normal,Critical!!,Warning,Normal
2026-05-26 21:20:05.523385,66.85108551570289,0,4.714908291583171,19.3443753712716,Normal,Critical!!,Normal,Normal
2026-05-26 21:20:06.525782,66.70894145415623,0,3.433798538532138,19.247581220851934,Normal,Critical!!,Warning,Normal
2026-05-26 21:20:07.527734,66.52104954037735,0,4.644329543712102,19.10918836092513,Normal,Critical!!,Normal,Normal
2026-05-26 21:20:08.529486,66.05517821294364,0,4.730478192822313,18.98896756225181,Normal,Critical!!,Normal,Normal
2026-05-26 21:20:09.531130,65.86395305855784,0,4.737027193870171,18.82395783086308,Normal,Critical!!,Normal,Normal
2026-05-26 21:20:10.532821,65.48260602237174,0,3.6456797722786325,18.65844573651738,Normal,Critical!!,Normal,Normal
2026-05-26 21:20:11.535430,65.04792867323597,0,3.641116511762311,18.504447502093978,Normal,Critical!!,Normal,Normal
2026-05-26 21:20:12.537081,64.67891093514385,0,4.78109446244415,18.4123602183571,Normal,Critical!!,Normal,Normal
2026-05-26 21:20:13.538583,64.31141220274057,0,3.918049434800394,18.29203368166604,Normal,Critical!!,Normal,Normal
2026-05-26 21:20:14.540857,63.91606836805497,0,4.856734595950712,18.16272995152818,Normal,Critical!!,Normal,Normal
2026-05-26 21:20:15.542385,63.518824327357606,0,3.8280293905966016,18.104546187892236,Normal,Critical!!,Normal,Normal
2026-05-26 21:20:16.544749,63.03594402519461,0,3.999030894086548,18.0387210979069,Normal,Critical!!,Normal,Normal
2026-05-26 21:20:17.546536,62.701017929801445,0,4.181908355898814,17.914485151945478,Normal,Critical!!,Normal,Normal
2026-05-26 21:20:18.548220,62.42860591850038,0,4.606749994462171,17.86290443323003,Normal,Critical!!,Normal,Normal
2026-05-26 21:20:19.550429,62.22086090371532,0,3.3137394240602163,17.75080569737507,Normal,Critical!!,Warning,Normal
2026-05-26 21:20:20.552538,61.88154130742314,0,3.830697049379439,17.6340633023273,Normal,Critical!!,Normal,Normal
2026-05-26 21:20:21.555437,61.597193518194004,0,3.3559589346240597,17.570499577200994,Normal,Critical!!,Warning,Normal
2026-05-26 21:20:22.557080,61.45821566997728,0,4.265583074595083,17.490963598966005,Normal,Critical!!,Normal,Normal
2026-05-26 21:20:23.559307,61.19281726615775,0,4.411969883902599,17.32082258945684,Normal,Critical!!,Normal,Normal
2026-05-26 21:20:24.561014,60.76286159545612,0,4.952060870370082,17.248582943306815,Normal,Critical!!,Normal,Normal
2026-05-26 21:20:25.563128,60.33165165417184,0,4.967001540333267,17.130634813915968,Normal,Critical!!,Normal,Normal
2026-05-26 21:20:26.565025,60.04073500639068,0,4.731948994844356,17.034516581203945,Normal,Critical!!,Normal,Normal
2026-05-26 21:20:27.567795,59.620672413877585,0,4.345246340523356,16.9627853369483,Normal,Critical!!,Normal,Normal
2026-05-26 21:20:28.570320,59.16287697346652,0,4.303243394859292,16.837092849839394,Normal,Critical!!,Normal,Normal
2026-05-26 21:20:29.572573,58.8690075709673,0,4.823934373928276,16.650503710509028,Normal,Critical!!,Normal,Normal
2026-05-26 21:20:30.574360,58.617208850916555,0,4.518140376320015,16.561637676247976,Normal,Critical!!,Normal,Normal
2026-05-26 21:20:31.576600,58.19769111797169,0,3.344664723930768,16.4303546382926,Normal,Critical!!,Warning,Normal
2026-05-26 21:20:32.578871,57.827834043453734,0,4.806245813455628,16.283766571319045,Normal,Critical!!,Normal,Normal
2026-05-26 21:20:33.581375,57.62684159934178,0,3.9371308686825865,16.167933217791802,Normal,Critical!!,Normal,Normal
2026-05-26 21:20:34.583088,57.37703576358344,0,4.8500241492487,16.115342191059103,Normal,Critical!!,Normal,Normal
2026-05-26 21:20:35.585821,57.187198918266,0,4.25560446413232,15.919650344910476,Normal,Critical!!,Normal,Normal
2026-05-26 21:20:36.587728,56.74271189588247,0,4.868562125374934,15.793180678553515,Normal,Critical!!,Normal,Normal
2026-05-26 21:20:37.589887,56.392624769806666,0,4.398312489747757,15.741564643527793,Normal,Critical!!,Normal,Normal
2026-05-26 21:20:38.592267,56.11300449146583,0,3.9422028697535696,15.637418399701508,Normal,Critical!!,Normal,Normal
2026-05-26 21:20:39.595307,55.76843358157035,0,4.936166624371611,15.44268395239195,Normal,Critical!!,Normal,Normal
2026-05-26 21:20:40.628222,55.48182458765874,0,3.5905677675409176,15.391702701724553,Normal,Critical!!,Warning,Normal
2026-05-26 21:20:41.631616,55.29579825766888,0,4.441294314776174,15.252017450759697,Normal,Critical!!,Normal,Normal
2026-05-26 21:20:42.633183,55.142379339237664,0,4.940454082181442,15.120661907903598,Normal,Critical!!,Normal,Normal
2026-05-26 21:20:43.634728,54.77891508807554,0,4.086146434417338,15.005403342936605,Normal,Critical!!,Normal,Normal
2026-05-26 21:20:44.635828,54.564525021171136,0,4.282809113968244,14.823224696498826,Normal,Critical!!,Normal,Warning
2026-05-26 21:20:45.637078,54.070780032035614,0,4.3747650212096225,14.695675067283046,Normal,Critical!!,Normal,Warning
2026-05-26 21:20:46.638348,53.68051346798737,0,3.586758742859845,14.556095775411961,Normal,Critical!!,Warning,Warning
2026-05-26 21:20:47.640178,53.407852413276196,0,3.7605675119893682,14.43509015944946,Normal,Critical!!,Normal,Warning
2026-05-26 21:20:48.641682,53.132901069677345,0,3.54886704110541,14.245195175928284,Normal,Critical!!,Warning,Warning
2026-05-26 21:20:49.643176,52.64475074236699,0,4.222468457184598,14.074897915563792,Normal,Critical!!,Normal,Warning
2026-05-26 21:20:50.644804,52.38803428888314,0,3.7077088622907604,13.985637658761942,Normal,Critical!!,Normal,Warning
2026-05-26 21:20:51.646518,51.92428938291917,0,4.409145436734612,13.826293322019339,Normal,Critical!!,Normal,Warning
2026-05-26 21:20:52.648052,51.763540626090226,0,3.638098333177295,13.638447685882447,Normal,Critical!!,Normal,Warning
2026-05-26 21:20:53.650837,51.3539010074217,0,4.891831625901102,13.520441742807591,Normal,Critical!!,Normal,Warning
2026-05-26 21:20:54.652824,50.96001235436371,0,4.90035399222088,13.400045525727483,Normal,Critical!!,Normal,Warning
2026-05-26 21:20:55.655952,50.57973088411791,0,4.630645397909795,13.304571110792157,Normal,Critical!!,Normal,Warning
2026-05-26 21:20:56.657615,50.44462106237934,0,4.008410982564764,13.253750635197985,Normal,Critical!!,Normal,Warning
2026-05-26 21:20:57.660059,50.20827444826228,0,3.497032877246031,13.139346773027716,Normal,Critical!!,Warning,Warning
2026-05-26 21:20:58.661559,49.782546671014465,0,3.508254114699315,13.063865944397566,Normal,Critical!!,Warning,Warning
2026-05-26 21:20:59.663244,49.52618621742176,0,3.7927913923558934,12.943035742261017,Normal,Critical!!,Normal,Warning
2026-05-26 21:21:00.665690,49.295919609554744,0,4.919919399935508,12.747546146778475,Normal,Critical!!,Normal,Warning
2026-05-26 21:21:01.667652,49.1422156266541,0,4.292053164752975,12.61154990457761,Normal,Critical!!,Normal,Warning
2026-05-26 21:21:02.669200,48.85518627030824,0,4.9817358459163685,12.5351987014092,Normal,Critical!!,Normal,Warning
2026-05-26 21:21:03.671864,48.501896254782025,0,3.5015013244786597,12.346467118479042,Normal,Critical!!,Warning,Warning
2026-05-26 21:21:04.675357,48.06384782359002,0,3.4738065671847624,12.148579581248809,Normal,Critical!!,Warning,Warning
2026-05-26 21:21:05.677417,47.694859686471666,0,3.513402425144953,12.095146939523996,Normal,Critical!!,Warning,Warning
2026-05-26 21:21:06.679270,47.57818820296693,0,4.948579818868446,12.038059287330125,Normal,Critical!!,Normal,Warning
2026-05-26 21:21:07.681076,47.20803893283079,0,4.345784934815711,11.92745249584521,Normal,Critical!!,Normal,Warning
2026-05-26 21:21:08.683587,47.08320332898254,0,3.370123736798323,11.829298801111793,Normal,Critical!!,Warning,Warning
2026-05-26 21:21:09.685902,46.74244299836533,0,4.8186874268441535,11.720256480219504,Normal,Critical!!,Normal,Warning
2026-05-26 21:21:10.688035,46.496555472332865,0,4.377791274181833,11.665416478849846,Normal,Critical!!,Normal,Warning
2026-05-26 21:21:11.690100,46.28646074465671,0,4.0991017080148415,11.5333618414646,Normal,Critical!!,Normal,Warning
2026-05-26 21:21:12.692017,45.88430729129677,0,3.5829592956946446,11.338765868073285,Normal,Critical!!,Warning,Warning
2026-05-26 21:21:13.693793,45.457318621327495,0,4.659940417002922,11.26735832482843,Normal,Critical!!,Normal,Warning
2026-05-26 21:21:14.695843,45.183938477831525,0,4.959007147070926,11.197095986458327,Normal,Critical!!,Normal,Warning
2026-05-26 21:21:15.697985,44.997543530967285,0,4.962034731065669,11.043628778987276,Normal,Critical!!,Normal,Warning
2026-05-26 21:21:16.700275,44.85951956751495,0,4.248958510805649,10.96863461514311,Normal,Critical!!,Normal,Warning
2026-05-26 21:21:17.702086,44.47495939046347,0,3.6518360178963527,10.878733015226388,Normal,Critical!!,Normal,Warning
2026-05-26 21:21:18.703980,44.02122237263731,0,4.941174959743414,10.752081486962746,Normal,Critical!!,Normal,Warning
2026-05-26 21:21:19.706126,43.564632025239774,0,3.5021735836208534,10.615733798484097,Normal,Critical!!,Warning,Warning
2026-05-26 21:21:20.707621,43.33186944751699,0,3.77692173030715,10.49022228077496,Normal,Critical!!,Normal,Warning
2026-05-26 21:21:21.710256,42.90545526835641,0,4.52457173474279,10.388230457652503,Normal,Critical!!,Normal,Warning
2026-05-26 21:21:22.711990,42.52424366790875,0,4.613535557938675,10.314481899803468,Normal,Critical!!,Normal,Warning
2026-05-26 21:21:23.715463,42.19377033803505,0,4.732087059815135,10.224866277951548,Normal,Critical!!,Normal,Warning
2026-05-26 21:21:24.717698,41.805505030685715,0,3.3297140860494854,10.12422625462571,Normal,Critical!!,Warning,Warning
2026-05-26 21:21:25.719641,41.551003205281894,0,4.888571946534082,9.976271853156446,Normal,Critical!!,Normal,Warning
2026-05-26 21:21:26.723098,41.20950269841532,0,3.994747663817454,9.879085740738235,Normal,Critical!!,Normal,Warning
2026-05-26 21:21:27.724674,40.82375357453116,0,4.715252915876942,9.714162193062775,Normal,Critical!!,Normal,Warning
2026-05-26 21:21:28.726376,40.69431991387501,0,4.17511956623785,9.633165649382374,Normal,Critical!!,Normal,Warning
2026-05-26 21:21:29.728890,40.40466915162811,0,4.253285050371752,9.469615738050823,Normal,Critical!!,Normal,Warning
2026-05-26 21:21:30.730523,40.14954809248775,0,3.9143109842166512,9.294153009229463,Normal,Critical!!,Normal,Warning
2026-05-26 21:21:31.732509,39.83857508908218,0,4.816469893153981,9.230743012298948,Normal,Critical!!,Normal,Warning
2026-05-26 21:21:32.734228,39.34439246188468,0,4.283372425932025,9.140306645454654,Normal,Critical!!,Normal,Warning
2026-05-26 21:21:33.736431,39.112979775300644,0,4.049153253912281,9.018929242924361,Normal,Critical!!,Normal,Warning
2026-05-26 21:21:34.738178,38.62947246752285,0,4.019115306173608,8.839862243252837,Normal,Critical!!,Normal,Warning
2026-05-26 21:21:35.740968,38.2438023170127,0,3.6504503117861247,8.670454918812174,Normal,Critical!!,Normal,Warning
2026-05-26 21:21:36.742680,37.97521853142464,0,3.885753173940044,8.527504930371977,Normal,Critical!!,Normal,Warning
2026-05-26 21:21:37.744292,37.62869553323249,0,4.724050881438545,8.42755269284895,Normal,Critical!!,Normal,Warning
2026-05-26 21:21:38.745863,37.382313350927575,0,4.562380964149735,8.349820864382439,Normal,Critical!!,Normal,Warning
2026-05-26 21:21:39.747629,37.01560349030589,0,4.840264373167276,8.153562148766024,Normal,Critical!!,Normal,Warning
2026-05-26 21:21:40.750346,36.81003903105114,0,4.709821914661795,8.039284584241113,Normal,Critical!!,Normal,Warning
2026-05-26 21:21:41.753253,36.41066461485188,0,3.3813178188087756,7.894547675284632,Normal,Critical!!,Warning,Warning
2026-05-26 21:21:42.756654,35.9258291742641,0,3.5419605966055197,7.713158807354842,Normal,Critical!!,Warning,Warning
2026-05-26 21:21:43.758743,35.81172130688159,0,4.280035306235715,7.601071262681498,Normal,Critical!!,Normal,Warning
2026-05-26 21:21:44.760289,35.502933870314145,0,3.8345608349291127,7.507946377180679,Normal,Critical!!,Normal,Warning
2026-05-26 21:21:45.762368,35.18803330925164,0,4.958308295074858,7.3867622232111705,Normal,Critical!!,Normal,Warning
2026-05-26 21:21:46.764101,34.897598656468666,0,4.156923666475509,7.191627496463412,Normal,Critical!!,Normal,Warning
2026-05-26 21:21:47.765782,34.51970851676954,0,4.658569044643594,7.0001254724082145,Normal,Critical!!,Normal,Warning
2026-05-26 21:21:48.767667,34.07161320747465,0,3.469827336240225,6.914132666841057,Normal,Critical!!,Warning,Warning
2026-05-26 21:21:49.770314,33.58747196203379,0,3.696062387349869,6.835401535354484,Normal,Critical!!,Normal,Warning
2026-05-26 21:21:50.773037,33.221250970972676,0,4.580428575071635,6.773206197616802,Normal,Critical!!,Normal,Warning
2026-05-26 21:21:51.775457,32.989957267468625,0,3.6488071213671947,6.668154883632854,Normal,Critical!!,Normal,Warning
2026-05-26 21:21:52.778812,32.81639867442312,0,4.559990975804428,6.483037140984696,Normal,Critical!!,Normal,Warning
2026-05-26 21:21:53.781048,32.60265604904208,0,3.9901613924836936,6.297985035892416,Normal,Critical!!,Normal,Warning
2026-05-26 21:21:54.782480,32.380939194848786,0,4.318242743800878,6.136891574869752,Normal,Critical!!,Normal,Warning
2026-05-26 21:21:55.784667,32.23583066963752,0,3.308783054013459,6.061864184568429,Normal,Critical!!,Warning,Warning
2026-05-26 21:21:56.786177,31.903200413372055,0,3.569200801343091,5.9482487509122555,Normal,Critical!!,Warning,Warning
2026-05-26 21:21:57.787545,31.55577274397585,0,4.871898984375352,5.785249202022225,Normal,Critical!!,Normal,Warning
2026-05-26 21:21:58.789362,31.176417010651537,0,4.654988990696957,5.64110956453739,Normal,Critical!!,Normal,Warning
2026-05-26 21:21:59.791400,30.688144934207973,0,4.336120183291872,5.524159336091095,Normal,Critical!!,Normal,Warning
2026-05-26 21:22:00.793475,30.36830184054187,0,4.677086400421009,5.437972118061033,Normal,Critical!!,Normal,Warning
2026-05-26 21:22:01.797197,29.885423801622924,0,3.69998141473241,5.384535801121695,Normal,Critical!!,Normal,Warning
2026-05-26 21:22:02.799553,29.546814690514637,0,3.443507798458646,5.232904065825242,Normal,Critical!!,Warning,Warning
2026-05-26 21:22:03.801413,29.204908224119023,0,3.858090752330834,5.036144775971731,Normal,Critical!!,Normal,Warning
2026-05-26 21:22:04.803236,28.729037430456415,0,3.4874981433201238,4.861801874213908,Normal,Critical!!,Warning,Critical!!
2026-05-26 21:22:05.805646,28.388156323503782,0,4.917147965400766,4.682132639872703,Normal,Critical!!,Normal,Critical!!
2026-05-26 21:22:06.807745,27.96514101601535,0,4.771158618835199,4.597577500616735,Normal,Critical!!,Normal,Critical!!
2026-05-26 21:22:07.810211,27.534852533396887,0,3.73161999846151,4.411979329861842,Normal,Critical!!,Normal,Critical!!
2026-05-26 21:22:08.812173,27.36729551149234,0,4.0729078598568025,4.324225806187687,Normal,Critical!!,Normal,Critical!!
2026-05-26 21:22:09.814058,27.252725832561303,0,3.354185053216428,4.247724670747197,Normal,Critical!!,Warning,Critical!!
2026-05-26 21:22:10.816750,26.83708756110994,0,4.371174121546188,4.1895758992061065,Normal,Critical!!,Normal,Critical!!
2026-05-26 21:22:11.818780,26.397572444699122,0,3.8398993559646035,4.103011435606814,Normal,Critical!!,Normal,Critical!!
2026-05-26 21:22:12.820271,26.11398220499061,0,4.944793259912394,4.025668615004285,Normal,Critical!!,Normal,Critical!!
2026-05-26 21:22:13.822407,25.718073427497284,0,4.952269716629214,3.892555308481626,Normal,Critical!!,Normal,Critical!!
2026-05-26 21:22:14.824111,25.56072046596411,0,4.137703062942045,3.6969113010053793,Normal,Critical!!,Normal,Critical!!
2026-05-26 21:22:15.826618,25.203894531145192,0,3.5458062398560353,3.536019916916559,Normal,Critical!!,Warning,Critical!!
2026-05-26 21:22:16.877122,24.885347233107346,0,4.895624912522495,3.4139302863148604,Normal,Critical!!,Normal,Critical!!
2026-05-26 21:22:17.879197,24.727157434561494,0,4.324993016802406,3.3254894317306465,Normal,Critical!!,Normal,Critical!!
2026-05-26 21:22:18.881845,24.626023802404728,0,4.531759201470171,3.2706023320272744,Normal,Critical!!,Normal,Critical!!
2026-05-26 21:22:19.884623,24.35225302186187,0,4.04165355903384,3.1376087297610025,Normal,Critical!!,Normal,Critical!!
2026-05-26 21:22:20.886824,23.85269905495535,0,4.631369480770386,2.97018174783989,Normal,Critical!!,Normal,Critical!!
2026-05-26 21:22:21.888550,23.742603074126357,0,4.259280334973486,2.864848182543191,Normal,Critical!!,Normal,Critical!!
2026-05-26 21:22:22.890597,23.61147600942582,0,4.758665975664039,2.7620239080451467,Normal,Critical!!,Normal,Critical!!
2026-05-26 21:22:23.892103,23.222601328333013,0,3.6938422753477265,2.6526318208777133,Normal,Critical!!,Normal,Critical!!
2026-05-26 21:22:24.894200,23.115005217348266,0,3.938052283937749,2.601030790388403,Normal,Critical!!,Normal,Critical!!
2026-05-26 21:22:25.896296,22.88507131240248,0,3.6927437488863837,2.5015392396242437,Normal,Critical!!,Normal,Critical!!
2026-05-26 21:22:26.898761,22.477210194652645,0,4.152802892425284,2.396627977679535,Normal,Critical!!,Normal,Critical!!
2026-05-26 21:22:27.901117,21.99655221364223,0,4.710745491032583,2.319781047750564,Normal,Critical!!,Normal,Critical!!
2026-05-26 21:22:28.902927,21.699682277473748,0,3.3507580836733886,2.20568783288915,Normal,Critical!!,Warning,Critical!!
2026-05-26 21:22:29.904934,21.450386721914647,0,4.192680937994157,2.066459201699223,Normal,Critical!!,Normal,Critical!!
2026-05-26 21:22:30.906662,21.21013348789622,0,4.70540479337147,1.89790980959832,Normal,Critical!!,Normal,Critical!!
2026-05-26 21:22:31.908847,20.910709734376432,0,4.143616721507428,1.7943040005410957,Normal,Critical!!,Normal,Critical!!
2026-05-26 21:22:32.910936,20.769245183512062,0,3.4485335045903054,1.6938571760375116,Normal,Critical!!,Warning,Critical!!
2026-05-26 21:22:33.912875,20.601875642345412,0,3.7348620218058715,1.5768861004821442,Normal,Critical!!,Normal,Critical!!
2026-05-26 21:22:34.915004,20.399594208684817,0,4.57369139767622,1.4243443613779303,Normal,Critical!!,Normal,Critical!!
2026-05-26 21:22:35.916787,20.2185698200903,0,4.858803009604848,1.336827765148368,Normal,Critical!!,Normal,Critical!!
2026-05-26 21:22:36.919209,19.877092489496796,0,4.832105232458045,1.1904843541242238,Normal,Critical!!,Normal,Critical!!
2026-05-26 21:22:37.926957,20.222444070004666,0,4.43777377174089,1.1354597831122246,Normal,Critical!!,Normal,Critical!!
2026-05-26 21:22:38.929111,20.614261122325075,0,3.333311735599362,1.032324160618328,Normal,Critical!!,Warning,Critical!!
2026-05-26 21:22:39.930738,20.996063800087146,0,3.503493043567141,0.8429962526918424,Normal,Critical!!,Warning,Critical!!
2026-05-26 21:22:40.932802,21.484605722684215,0,3.538960742402964,0.7601028245924608,Normal,Critical!!,Warning,Critical!!
2026-05-26 21:22:41.935661,21.640026044483793,0,3.427753730609443,0.6366944193166751,Normal,Critical!!,Warning,Critical!!
2026-05-26 21:22:42.938177,21.8286732042935,0,3.323012164140703,0.5187385774558033,Normal,Critical!!,Warning,Critical!!
2026-05-26 21:22:43.940255,22.018075372243242,0,4.757537898307666,0.3194773154630387,Normal,Critical!!,Normal,Critical!!
2026-05-26 21:22:44.942257,22.293314429028506,0,3.9058047810261334,0.16042194861107856,Normal,Critical!!,Normal,Critical!!
2026-05-26 21:22:45.945188,22.731949976440042,0,3.4099042075991512,0.04454850833499163,Normal,Critical!!,Warning,Critical!!
2026-05-26 21:22:46.947609,23.056910678692038,0,3.672476683411341,0,Normal,Critical!!,Normal,Critical!!
2026-05-26 21:22:47.949786,23.377361051897697,0,3.3128000920698857,0,Normal,Critical!!,Warning,Critical!!
2026-05-26 21:22:48.952793,23.685058048790275,0,4.581561011247063,0,Normal,Critical!!,Normal,Critical!!
2026-05-26 21:22:49.954780,23.955550730758,0,4.6244471261699385,0,Normal,Critical!!,Normal,Critical!!
2026-05-26 21:22:50.957264,24.322817847722174,0,4.055442468332806,0,Normal,Critical!!,Normal,Critical!!
2026-05-26 21:22:51.959177,24.44623909930679,0,3.6645074563015125,0,Normal,Critical!!,Normal,Critical!!
2026-05-26 21:22:52.961005,24.655905581719047,0,3.596797985846586,0,Normal,Critical!!,Warning,Critical!!
2026-05-26 21:22:53.963253,25.045587235851453,0,4.465599325520179,0,Normal,Critical!!,Normal,Critical!!
2026-05-26 21:22:54.965195,25.42824733758279,0,4.513573971886382,0,Normal,Critical!!,Normal,Critical!!
2026-05-26 21:22:55.975359,25.644731899786365,0,4.22066268989921,0,Normal,Critical!!,Normal,Critical!!
2026-05-26 21:22:56.979049,25.92538752855199,0,4.84398608219966,0,Normal,Critical!!,Normal,Critical!!
2026-05-26 21:22:57.981140,26.079539613190278,0,3.3132006584570126,0,Normal,Critical!!,Warning,Critical!!
2026-05-26 21:22:58.983104,26.184237779011717,0,4.465320773945985,0,Normal,Critical!!,Normal,Critical!!
2026-05-26 21:22:59.985019,26.554087838298045,0,3.5675338235312646,0,Normal,Critical!!,Warning,Critical!!
2026-05-26 21:23:00.986874,26.9907420644693,0,4.894876716457695,0,Normal,Critical!!,Normal,Critical!!
2026-05-26 21:23:01.988606,27.202951091882348,0,4.265815076944628,0,Normal,Critical!!,Normal,Critical!!
2026-05-26 21:23:02.990082,27.424538928119016,0,3.699386094972354,0,Normal,Critical!!,Normal,Critical!!
2026-05-26 21:23:03.991511,27.795890246164,0,4.927831535225524,0,Normal,Critical!!,Normal,Critical!!
2026-05-26 21:23:04.993860,27.953089833598746,0,3.7047548826133503,0,Normal,Critical!!,Normal,Critical!!
2026-05-26 21:23:05.995921,28.287758517125038,0,4.659267121077083,0,Normal,Critical!!,Normal,Critical!!
2026-05-26 21:23:06.997798,28.63184204895399,0,3.378144551202429,0,Normal,Critical!!,Warning,Critical!!
2026-05-26 21:23:08.000063,28.772465235371733,0,3.371161531890378,0,Normal,Critical!!,Warning,Critical!!
2026-05-26 21:23:09.001886,29.150754641006603,0,3.780652245484825,0,Normal,Critical!!,Normal,Critical!!
2026-05-26 21:23:10.003927,29.59718155951131,0,4.829785299046191,0,Normal,Critical!!,Normal,Critical!!
2026-05-26 21:23:11.006634,30.028312055938855,0,4.484707631267657,0,Normal,Critical!!,Normal,Critical!!
2026-05-26 21:23:12.008805,30.243025758351358,0,4.501570209195147,0,Normal,Critical!!,Normal,Critical!!
2026-05-26 21:23:13.010566,30.346912682709693,0,3.5897200789748105,0,Normal,Critical!!,Warning,Critical!!
2026-05-26 21:23:14.012760,30.52769625280558,0,4.329469383733112,0,Normal,Critical!!,Normal,Critical!!
2026-05-26 21:23:15.014960,31.00299997960221,0,3.936170038694368,0,Normal,Critical!!,Normal,Critical!!
2026-05-26 21:23:16.017320,31.189711934952484,0,4.787735494456845,0,Normal,Critical!!,Normal,Critical!!
2026-05-26 21:23:17.018630,31.30450282421097,0,3.3896472018984998,0,Normal,Critical!!,Warning,Critical!!
2026-05-26 21:23:18.021636,31.737696049987488,0,4.001498593111661,0,Normal,Critical!!,Normal,Critical!!
2026-05-26 21:23:19.023994,32.163555533692225,0,4.640876890808739,0,Normal,Critical!!,Normal,Critical!!
2026-05-26 21:23:20.026187,32.499542678249284,0,3.8908764420284525,0,Normal,Critical!!,Normal,Critical!!
2026-05-26 21:23:21.028173,32.87361377352118,0,4.691066753623937,0,Normal,Critical!!,Normal,Critical!!
2026-05-26 21:23:22.030443,33.192333567580185,0,3.657386568164852,0,Normal,Critical!!,Normal,Critical!!
2026-05-26 21:23:23.032525,33.41029925009282,0,4.245255310972036,0,Normal,Critical!!,Normal,Critical!!
2026-05-26 21:23:24.038173,33.83509047524116,0,3.9134251234413724,0,Normal,Critical!!,Normal,Critical!!
2026-05-26 21:23:25.040421,34.04181060005383,0,3.7442866086374935,0,Normal,Critical!!,Normal,Critical!!
2026-05-26 21:23:26.042361,34.1865226844057,0,3.324403012662545,0,Normal,Critical!!,Warning,Critical!!
2026-05-26 21:23:27.044772,34.34683533251714,0,3.499962189825742,0,Normal,Critical!!,Warning,Critical!!
2026-05-26 21:23:28.046601,34.498551051251326,0,3.3393945552102986,0,Normal,Critical!!,Warning,Critical!!
2026-05-26 21:23:29.048836,34.88106250126353,0,4.642802267460073,0,Normal,Critical!!,Normal,Critical!!
2026-05-26 21:23:30.050359,35.274357280797524,0,4.301758967009749,0,Normal,Critical!!,Normal,Critical!!
2026-05-26 21:23:31.052099,35.48743600085377,0,4.884250361194659,0,Normal,Critical!!,Normal,Critical!!
2026-05-26 21:23:32.054499,35.947963478505926,0,3.7498442729375903,0,Normal,Critical!!,Normal,Critical!!
2026-05-26 21:23:33.057620,36.31438474796209,0,4.36307016789024,0,Normal,Critical!!,Normal,Critical!!
2026-05-26 21:23:34.059005,36.52788745082297,0,3.3903177777362083,0,Normal,Critical!!,Warning,Critical!!
2026-05-26 21:23:35.060297,36.77239423501484,0,3.7550751222664864,0,Normal,Critical!!,Normal,Critical!!
2026-05-26 21:23:36.062052,36.872456422909224,0,3.9281131956799555,0,Normal,Critical!!,Normal,Critical!!
2026-05-26 21:23:37.063613,37.18681346171088,0,4.498104526954917,0,Normal,Critical!!,Normal,Critical!!
2026-05-26 21:23:38.065358,37.342836475772124,0,4.546896249281099,0,Normal,Critical!!,Normal,Critical!!
2026-05-26 21:23:39.066986,37.457994684931336,0,4.62692252191531,0,Normal,Critical!!,Normal,Critical!!
2026-05-26 21:23:40.068864,37.635318703426975,0,3.528797835855144,0,Normal,Critical!!,Warning,Critical!!
2026-05-26 21:23:41.070211,38.11009989247972,0,4.293488485751981,0,Normal,Critical!!,Normal,Critical!!
2026-05-26 21:23:42.071996,38.56047183506034,0,4.522451216598862,0,Normal,Critical!!,Normal,Critical!!
2026-05-26 21:23:43.073805,38.96063830221385,0,4.509415738841767,0,Normal,Critical!!,Normal,Critical!!
2026-05-26 21:23:44.075005,39.38167184511384,0,3.3824974486055037,0,Normal,Critical!!,Warning,Critical!!
2026-05-26 21:23:45.076779,39.726557331946886,0,4.299219450828227,0,Normal,Critical!!,Normal,Critical!!
2026-05-26 21:23:46.079079,40.20923823306165,0,3.446081798465658,0,Normal,Critical!!,Warning,Critical!!
2026-05-26 21:23:47.080629,40.69859449095979,0,3.767168026639464,0,Normal,Critical!!,Normal,Critical!!
2026-05-26 21:23:48.082011,40.89894326183245,0,4.632064511197488,0,Normal,Critical!!,Normal,Critical!!
2026-05-26 21:23:49.083612,41.364066816755745,0,4.314849458573712,0,Normal,Critical!!,Normal,Critical!!
2026-05-26 21:23:50.085571,41.83609426681303,0,3.669670528364721,0,Normal,Critical!!,Normal,Critical!!
2026-05-26 21:23:51.087275,42.14730266528964,0,3.7310872744450414,0,Normal,Critical!!,Normal,Critical!!
2026-05-26 21:23:52.088756,42.28978975063988,0,3.3250221439932677,0,Normal,Critical!!,Warning,Critical!!
2026-05-26 21:23:53.090679,42.67174112919721,0,4.7151539726569665,0,Normal,Critical!!,Normal,Critical!!
2026-05-26 21:23:54.092462,42.79891791479191,0,3.766206357022478,0,Normal,Critical!!,Normal,Critical!!
2026-05-26 21:23:55.093954,42.93467197564505,0,4.940305214256234,0,Normal,Critical!!,Normal,Critical!!
2026-05-26 21:23:56.096458,43.282083988515375,0,4.0195721401839215,0,Normal,Critical!!,Normal,Critical!!
2026-05-26 21:23:57.098735,43.471167793563595,0,3.980839780748311,0,Normal,Critical!!,Normal,Critical!!
2026-05-26 21:23:58.100064,43.869254776036385,0,4.099812632777421,0,Normal,Critical!!,Normal,Critical!!
2026-05-26 21:23:59.101358,43.97638770591511,0,3.925656410236279,0,Normal,Critical!!,Normal,Critical!!
2026-05-26 21:24:00.102695,44.15044260489546,0,4.822744923673337,0,Normal,Critical!!,Normal,Critical!!
2026-05-26 21:24:01.104199,44.50637093739726,0,4.2112393832251,0,Normal,Critical!!,Normal,Critical!!
2026-05-26 21:24:02.106788,44.86162406553056,0,4.09847183821972,0,Normal,Critical!!,Normal,Critical!!
2026-05-26 21:24:03.109732,45.344432914717345,0,4.648066608163132,0,Normal,Critical!!,Normal,Critical!!
2026-05-26 21:24:04.111849,45.675066766944525,0,3.762252229727576,0,Normal,Critical!!,Normal,Critical!!
2026-05-26 21:24:05.113312,45.92133955031378,0,3.3687359248139583,0,Normal,Critical!!,Warning,Critical!!
2026-05-26 21:24:06.114816,46.1814576953172,0,4.6456487594446525,0,Normal,Critical!!,Normal,Critical!!
2026-05-26 21:24:07.116323,46.635081995768715,0,4.401378262505003,0,Normal,Critical!!,Normal,Critical!!
2026-05-26 21:24:08.118141,46.73524522679772,0,4.135615231733735,0,Normal,Critical!!,Normal,Critical!!
2026-05-26 21:24:09.119832,47.15367972272609,0,3.3101795985691136,0,Normal,Critical!!,Warning,Critical!!
2026-05-26 21:24:10.121631,47.534762604513745,0,4.699691384075271,0,Normal,Critical!!,Normal,Critical!!
2026-05-26 21:24:11.123764,47.80387769260585,0,4.845701212360899,0,Normal,Critical!!,Normal,Critical!!
2026-05-26 21:24:12.125672,48.26688441079974,0,3.344972514591743,0,Normal,Critical!!,Warning,Critical!!
2026-05-26 21:24:13.127756,48.41406868264274,0,4.078971265922226,0,Normal,Critical!!,Normal,Critical!!
2026-05-26 21:24:14.129665,48.61743349151654,0,4.297584616963389,0,Normal,Critical!!,Normal,Critical!!
2026-05-26 21:24:15.132378,49.00800914096634,0,3.9534877956748753,0,Normal,Critical!!,Normal,Critical!!
2026-05-26 21:24:16.134642,49.35879214324692,0,4.781079754534284,0,Normal,Critical!!,Normal,Critical!!
2026-05-26 21:24:17.137214,49.85562813391264,0,4.829356854775713,0,Normal,Critical!!,Normal,Critical!!
2026-05-26 21:24:18.139958,50.34012529727457,0,3.5143266005333764,0,Normal,Critical!!,Warning,Critical!!
2026-05-26 21:24:19.142325,50.442133680842396,0,4.083781110988294,0,Normal,Critical!!,Normal,Critical!!
2026-05-26 21:24:20.144413,50.60116463971203,0,4.331863623681,0,Normal,Critical!!,Normal,Critical!!
2026-05-26 21:24:21.146723,50.735761488777136,0,4.079260071247837,0,Normal,Critical!!,Normal,Critical!!
2026-05-26 21:24:22.148897,50.91445641865827,0,4.379450433517,0,Normal,Critical!!,Normal,Critical!!
2026-05-26 21:24:23.150876,51.25499046915402,0,4.5151964551516155,0,Normal,Critical!!,Normal,Critical!!
2026-05-26 21:24:24.153654,51.58604627238238,0,4.125668345594757,0,Normal,Critical!!,Normal,Critical!!
2026-05-26 21:24:25.155284,51.98017312496136,0,4.280549045709798,0,Normal,Critical!!,Normal,Critical!!
2026-05-26 21:24:26.157163,52.239698824710395,0,4.16614448058149,0,Normal,Critical!!,Normal,Critical!!
2026-05-26 21:24:27.160799,52.64389882061852,0,3.959019879858412,0,Normal,Critical!!,Normal,Critical!!
2026-05-26 21:24:28.170062,53.00796974739138,0,3.9424579522483523,0,Normal,Critical!!,Normal,Critical!!
2026-05-26 21:24:29.172238,53.147533163384495,0,4.219235577420267,0,Normal,Critical!!,Normal,Critical!!
2026-05-26 21:24:30.174778,53.374710977909736,0,3.535724697409055,0,Normal,Critical!!,Warning,Critical!!
2026-05-26 21:24:31.177701,53.52462085293274,0,3.5393774460283645,0,Normal,Critical!!,Warning,Critical!!
2026-05-26 21:24:32.181889,53.930356246174206,0,4.61881786196766,0,Normal,Critical!!,Normal,Critical!!
2026-05-26 21:24:33.183418,54.23209870374836,0,3.385869306727043,0,Normal,Critical!!,Warning,Critical!!
2026-05-26 21:24:34.185464,54.61779232248965,0,4.558481408009669,0,Normal,Critical!!,Normal,Critical!!
2026-05-26 21:24:35.187049,54.822402486345545,0,4.434353507952496,0,Normal,Critical!!,Normal,Critical!!
2026-05-26 21:24:36.188606,54.978403790449654,0,4.905627653059909,0,Normal,Critical!!,Normal,Critical!!
2026-05-26 21:24:37.190495,55.37748613011672,0,3.5028436932320743,0,Normal,Critical!!,Warning,Critical!!
2026-05-26 21:24:38.192677,55.85388046590683,0,4.151651582887235,0,Normal,Critical!!,Normal,Critical!!
2026-05-26 21:24:39.194685,56.12821997942976,0,4.150564093120517,0,Normal,Critical!!,Normal,Critical!!
2026-05-26 21:24:40.198425,56.43184577922192,0,3.5688122177513337,0,Normal,Critical!!,Warning,Critical!!
2026-05-26 21:24:41.200522,56.8333787303591,0,4.986742398976011,0,Normal,Critical!!,Normal,Critical!!
2026-05-26 21:24:42.202516,57.03750483027696,0,4.338375491851364,0,Normal,Critical!!,Normal,Critical!!
2026-05-26 21:24:43.204470,57.53736691246302,0,4.5066092834942815,0,Normal,Critical!!,Normal,Critical!!
2026-05-26 21:24:44.206186,57.65834379014006,0,3.9100256261205253,0,Normal,Critical!!,Normal,Critical!!
2026-05-26 21:24:45.208204,58.06435452250562,0,3.7172553279755465,0,Normal,Critical!!,Normal,Critical!!
2026-05-26 21:24:46.210551,58.38403350486752,0,3.4502393315440263,0,Normal,Critical!!,Warning,Critical!!
2026-05-26 21:24:47.214575,58.6471840920705,0,4.964915343142219,0,Normal,Critical!!,Normal,Critical!!
2026-05-26 21:24:48.216449,58.759155672531236,0,3.443009370599926,0,Normal,Critical!!,Warning,Critical!!
2026-05-26 21:24:49.217986,59.19428336946958,0,3.5064265181619385,0,Normal,Critical!!,Warning,Critical!!
2026-05-26 21:24:50.219849,59.40000256338563,0,3.8695789574124166,0,Normal,Critical!!,Normal,Critical!!
2026-05-26 21:24:51.222031,59.87277080627832,0,3.9067299313122397,0,Normal,Critical!!,Normal,Critical!!
2026-05-26 21:24:52.223704,59.97758118130173,0,3.9268763167110796,0,Normal,Critical!!,Normal,Critical!!
2026-05-26 21:24:53.225982,60.306452932017876,0,4.704840565227363,0,Normal,Critical!!,Normal,Critical!!
2026-05-26 21:24:54.227328,60.64124562117837,0,4.719382476419552,0,Normal,Critical!!,Normal,Critical!!
2026-05-26 21:24:55.228927,60.765720077641895,0,4.464920200797893,0,Normal,Critical!!,Normal,Critical!!
2026-05-26 21:24:56.230568,61.1358496153722,0,3.8784600491439467,0,Normal,Critical!!,Normal,Critical!!
2026-05-26 21:24:57.232677,61.337063177839745,0,4.583626477016711,0,Normal,Critical!!,Normal,Critical!!
2026-05-26 21:24:58.234159,61.55591739109798,0,4.471113447626285,0,Normal,Critical!!,Normal,Critical!!
2026-05-26 21:24:59.235353,62.02680007422398,0,4.718684531904953,0,Normal,Critical!!,Normal,Critical!!
2026-05-26 21:25:00.237140,62.41202746207775,0,3.914237877463228,0,Normal,Critical!!,Normal,Critical!!
2026-05-26 21:25:01.239042,62.620077083104725,0,3.432184532452967,0,Normal,Critical!!,Warning,Critical!!
2026-05-26 21:25:02.240578,62.986317211205474,0,4.366499079527968,0,Normal,Critical!!,Normal,Critical!!
2026-05-26 21:25:03.242374,63.22733520647424,0,3.6704050039266227,0,Normal,Critical!!,Normal,Critical!!
2026-05-26 21:25:04.244373,63.34730689448099,0,3.724295539846751,0,Normal,Critical!!,Normal,Critical!!
2026-05-26 21:25:05.246024,63.62962668218533,0,4.589294562578508,0,Normal,Critical!!,Normal,Critical!!
2026-05-26 21:25:06.248703,63.961557252880034,0,3.3528421391102605,0,Normal,Critical!!,Warning,Critical!!
2026-05-26 21:25:07.250688,64.41862787504245,0,4.74261629806723,0,Normal,Critical!!,Normal,Critical!!
2026-05-26 21:25:08.253232,64.66522621730263,0,3.667793034264,0,Normal,Critical!!,Normal,Critical!!
2026-05-26 21:25:09.255465,65.09499813488922,0,4.384942944105521,0,Normal,Critical!!,Normal,Critical!!
2026-05-26 21:25:10.257490,65.57489093009484,0,4.4973932479961665,0,Normal,Critical!!,Normal,Critical!!
2026-05-26 21:25:11.260960,65.87830441053498,0,4.592847157180149,0,Normal,Critical!!,Normal,Critical!!
2026-05-26 21:25:12.262564,66.36091246808076,0,4.84361416504469,0,Normal,Critical!!,Normal,Critical!!
2026-05-26 21:25:13.264344,66.78429510839001,0,4.124675274417533,0,Normal,Critical!!,Normal,Critical!!
2026-05-26 21:25:14.265963,67.05252553232846,0,4.64893955781111,0,Normal,Critical!!,Normal,Critical!!
2026-05-26 21:25:15.268554,67.27176972806015,0,3.890836109290761,0,Normal,Critical!!,Normal,Critical!!
2026-05-26 21:25:16.269985,67.47865218153125,0,4.100025183156791,0,Normal,Critical!!,Normal,Critical!!
2026-05-26 21:25:17.271968,67.82390646321248,0,3.9722698175251887,0,Normal,Critical!!,Normal,Critical!!
2026-05-26 21:25:18.273844,68.26731549456633,0,3.472608203681466,0,Normal,Critical!!,Warning,Critical!!
2026-05-26 21:25:19.275498,68.52929682338477,0,4.069863080629837,0,Normal,Critical!!,Normal,Critical!!
2026-05-26 21:25:20.277243,68.71845120063853,0,3.7166322059856203,0,Normal,Critical!!,Normal,Critical!!
2026-05-26 21:25:21.279089,69.14124585102192,0,4.687924806264531,0,Normal,Critical!!,Normal,Critical!!
2026-05-26 21:25:22.280370,69.30304233031677,0,3.614033932264462,0,Normal,Critical!!,Normal,Critical!!
2026-05-26 21:25:23.282072,69.53968844990646,0,3.364849382821414,0,Normal,Critical!!,Warning,Critical!!
2026-05-26 21:25:24.283705,69.87128606560665,0,4.977020900605995,0,Normal,Critical!!,Normal,Critical!!
2026-05-26 21:25:25.285270,70.07245688844066,0,3.379549856007104,0,Normal,Critical!!,Warning,Critical!!
2026-05-26 21:25:26.287855,70.31192679442935,0,4.591906189026497,0,Normal,Critical!!,Normal,Critical!!
2026-05-26 21:25:27.291737,70.79028553824043,0,3.6525997503315684,0,Normal,Critical!!,Normal,Critical!!
2026-05-26 21:25:28.293392,71.20120146585047,0,4.347641919521734,0,Normal,Critical!!,Normal,Critical!!
2026-05-26 21:25:29.295411,71.63188452671058,0,3.999276336153719,0,Normal,Critical!!,Normal,Critical!!
2026-05-26 21:25:30.297111,71.92482872565918,0,4.497319681878457,0,Normal,Critical!!,Normal,Critical!!
2026-05-26 21:25:31.299466,72.40576035031924,0,4.8597650516959545,0,Normal,Critical!!,Normal,Critical!!
2026-05-26 21:25:32.301363,72.76654616567752,0,4.765119638048497,0,Normal,Critical!!,Normal,Critical!!
2026-05-26 21:25:33.303741,73.14968721558841,0,4.226397131132587,0,Normal,Critical!!,Normal,Critical!!
2026-05-26 21:25:34.306751,73.29448873144203,0,3.8314068183452625,0,Normal,Critical!!,Normal,Critical!!
2026-05-26 21:25:35.308051,73.43954469064545,0,3.839301140333011,0,Normal,Critical!!,Normal,Critical!!
2026-05-26 21:25:36.309756,73.81924780927285,0,4.030541399880603,0,Normal,Critical!!,Normal,Critical!!
2026-05-26 21:25:37.311635,73.93862350630144,0,4.062997633894788,0,Normal,Critical!!,Normal,Critical!!
2026-05-26 21:25:38.313080,74.26456526620669,0,3.449020878443158,0,Normal,Critical!!,Warning,Critical!!
2026-05-26 21:25:39.314823,74.74652971820639,0,3.9736961967905327,0,Normal,Critical!!,Normal,Critical!!
2026-05-26 21:25:40.316553,74.94545957836529,0,3.3719929960049577,0,Normal,Critical!!,Warning,Critical!!
2026-05-26 21:25:41.318373,75.43130428424993,0,3.3671562137192272,0,Normal,Critical!!,Warning,Critical!!
2026-05-26 21:25:42.320121,75.77500810977386,0,3.9925698720846876,0,Normal,Critical!!,Normal,Critical!!
2026-05-26 21:25:43.321761,76.01525450556153,0,4.0163873374621355,0,Normal,Critical!!,Normal,Critical!!
2026-05-26 21:25:44.323716,76.16646911365824,0,3.9956244970405104,0,Normal,Critical!!,Normal,Critical!!
2026-05-26 21:25:45.326683,76.47412550704968,0,4.847242619953321,0,Normal,Critical!!,Normal,Critical!!
2026-05-26 21:25:46.328677,76.74314140795389,0,4.503828846413434,0,Normal,Critical!!,Normal,Critical!!
2026-05-26 21:25:47.330906,76.92903648535997,0,4.481433376285793,0,Normal,Critical!!,Normal,Critical!!
2026-05-26 21:25:48.332624,77.36552012756124,0,4.876212859273423,0,Normal,Critical!!,Normal,Critical!!
2026-05-26 21:25:49.334404,77.83497136621322,0,4.397322189603298,0,Normal,Critical!!,Normal,Critical!!
2026-05-26 21:25:50.336037,77.9546855969033,0,3.9270845166253885,0,Normal,Critical!!,Normal,Critical!!
2026-05-26 21:25:51.337550,78.34668517811663,0,3.4195659821321858,0,Normal,Critical!!,Warning,Critical!!
2026-05-26 21:25:52.339180,78.5171755406922,0,3.369074881398218,0,Normal,Critical!!,Warning,Critical!!
2026-05-26 21:25:53.341220,78.72255127459371,0,4.513411682791809,0,Normal,Critical!!,Normal,Critical!!
2026-05-26 21:25:54.342947,79.12719665717016,0,3.4098240114518803,0,Normal,Critical!!,Warning,Critical!!
2026-05-26 21:25:55.344848,79.39719364525051,0,4.253818517898659,0,Normal,Critical!!,Normal,Critical!!
2026-05-26 21:25:56.346655,79.76077525893122,0,4.42097380456739,0,Normal,Critical!!,Normal,Critical!!
2026-05-26 21:25:57.347892,79.99147715952738,0,4.804006890674331,0,Normal,Critical!!,Normal,Critical!!
2026-05-26 21:25:58.350821,80.32327162833144,0,3.7964265864841598,0,Warning,Critical!!,Normal,Critical!!
2026-05-26 21:25:59.352551,80.08853744484057,0,3.4469567370528087,0,Warning,Critical!!,Warning,Critical!!
2026-05-26 21:26:00.354997,79.70602639479401,0,4.228924109756422,0,Normal,Critical!!,Normal,Critical!!
2026-05-26 21:26:01.356977,79.55933185862678,0,3.54313812475507,0,Normal,Critical!!,Warning,Critical!!
2026-05-26 21:26:02.358914,79.23461144825373,0,4.99552832784637,0,Normal,Critical!!,Normal,Critical!!
2026-05-26 21:26:03.360570,78.94076700575533,0,3.6695069445917605,0,Normal,Critical!!,Normal,Critical!!
2026-05-26 21:26:04.362405,78.6608375586152,0,3.8020093343044232,0,Normal,Critical!!,Normal,Critical!!
2026-05-26 21:26:05.363883,78.29465775764083,0,4.38612066431479,0,Normal,Critical!!,Normal,Critical!!
2026-05-26 21:26:06.365804,78.15040539448854,0,3.403009689895404,0,Normal,Critical!!,Warning,Critical!!
2026-05-26 21:26:07.367448,78.011596311152,0,4.910110832588611,0,Normal,Critical!!,Normal,Critical!!
2026-05-26 21:26:08.369762,77.69343097945567,0,4.08452908221669,0,Normal,Critical!!,Normal,Critical!!
2026-05-26 21:26:09.371666,77.3949146892858,0,3.534877813038499,0,Normal,Critical!!,Warning,Critical!!
2026-05-26 21:26:10.373531,77.17766147103714,0,3.5315788446431804,0,Normal,Critical!!,Warning,Critical!!
2026-05-26 21:26:11.375047,76.87340492302636,0,4.718062350250893,0,Normal,Critical!!,Normal,Critical!!
2026-05-26 21:26:12.376520,76.41458097237192,0,4.311439983340123,0,Normal,Critical!!,Normal,Critical!!
2026-05-26 21:26:13.377902,76.30997979867064,0,4.727072148519044,0,Normal,Critical!!,Normal,Critical!!
2026-05-26 21:26:14.380302,75.90309531267805,0,3.732682987291799,0,Normal,Critical!!,Normal,Critical!!
2026-05-26 21:26:15.382657,75.53872222290454,0,3.4065402532434255,0,Normal,Critical!!,Warning,Critical!!
2026-05-26 21:26:16.384237,75.25477302550226,0,3.904975322058503,0,Normal,Critical!!,Normal,Critical!!
2026-05-26 21:26:17.386231,74.81204431947734,0,3.8682729220110823,0,Normal,Critical!!,Normal,Critical!!
2026-05-26 21:26:18.388150,74.33394050190901,0,4.327618512215051,0,Normal,Critical!!,Normal,Critical!!
2026-05-26 21:26:19.389949,74.01270645204835,0,4.321196341536036,0,Normal,Critical!!,Normal,Critical!!
2026-05-26 21:26:20.391657,73.80782824492441,0,4.693454823199122,0,Normal,Critical!!,Normal,Critical!!
2026-05-26 21:26:21.393756,73.3604910868565,0,4.36410843656588,0,Normal,Critical!!,Normal,Critical!!
2026-05-26 21:26:22.395838,73.1860889195649,0,4.409576235791814,0,Normal,Critical!!,Normal,Critical!!
2026-05-26 21:26:23.399716,72.76132365423086,0,3.4510920060059775,0,Normal,Critical!!,Warning,Critical!!
2026-05-26 21:26:24.401343,72.32425465521496,0,4.45427895423898,0,Normal,Critical!!,Normal,Critical!!
2026-05-26 21:26:25.406469,72.20860928431806,0,4.010755258977243,0,Normal,Critical!!,Normal,Critical!!
2026-05-26 21:26:26.411318,71.977538740707,0,4.480686555241066,0,Normal,Critical!!,Normal,Critical!!
2026-05-26 21:26:27.413265,71.53242562528776,0,4.487847744498867,0,Normal,Critical!!,Normal,Critical!!
2026-05-26 21:26:28.415343,71.40529199214137,0,3.9197835164061097,0,Normal,Critical!!,Normal,Critical!!
2026-05-26 21:26:29.417350,70.97622902199952,0,4.439943610880642,0,Normal,Critical!!,Normal,Critical!!
2026-05-26 21:26:30.420032,70.78973926281422,0,4.511934973030554,0,Normal,Critical!!,Normal,Critical!!
2026-05-26 21:26:31.421762,70.36643293889331,0,4.989435782180548,0,Normal,Critical!!,Normal,Critical!!
2026-05-26 21:26:32.423643,70.20640911360458,0,3.304545718403033,0,Normal,Critical!!,Warning,Critical!!
2026-05-26 21:26:33.426055,69.88305494223134,0,4.041780984691768,0,Normal,Critical!!,Normal,Critical!!
2026-05-26 21:26:34.428160,69.40279859370804,0,4.302225580797793,0,Normal,Critical!!,Normal,Critical!!
2026-05-26 21:26:35.429979,69.19970847615468,0,4.769262747798271,0,Normal,Critical!!,Normal,Critical!!
2026-05-26 21:26:36.431912,69.02463931239996,0,4.6377403347460655,0,Normal,Critical!!,Normal,Critical!!
2026-05-26 21:26:37.433891,68.67182484378435,0,4.999027140255285,0,Normal,Critical!!,Normal,Critical!!
2026-05-26 21:26:38.435678,68.28712035429696,0,3.3699807942909197,0,Normal,Critical!!,Warning,Critical!!
2026-05-26 21:26:39.437294,67.91176941958489,0,4.621565785378602,0,Normal,Critical!!,Normal,Critical!!
2026-05-26 21:26:40.438509,67.76793167199448,0,3.3156086254012354,0,Normal,Critical!!,Warning,Critical!!
2026-05-26 21:26:41.440212,67.2809160966288,0,4.553233357779148,0,Normal,Critical!!,Normal,Critical!!
2026-05-26 21:26:42.442012,67.07538872282619,0,3.3145044111296915,0,Normal,Critical!!,Warning,Critical!!
2026-05-26 21:26:43.443802,66.76859424189897,0,3.6735031189877487,0,Normal,Critical!!,Normal,Critical!!
2026-05-26 21:26:44.445782,66.34207939494532,0,4.761757223000478,0,Normal,Critical!!,Normal,Critical!!
2026-05-26 21:26:45.447092,66.14505735693479,0,3.996120857384173,0,Normal,Critical!!,Normal,Critical!!
2026-05-26 21:26:46.449238,65.99692204470836,0,4.900124659194708,0,Normal,Critical!!,Normal,Critical!!
2026-05-26 21:26:47.451529,65.73846819118602,0,4.147474179742145,0,Normal,Critical!!,Normal,Critical!!
2026-05-26 21:26:48.453671,65.43649496803872,0,3.766114425217613,0,Normal,Critical!!,Normal,Critical!!
2026-05-26 21:26:49.455176,65.22289435366645,0,3.9772133255177398,0,Normal,Critical!!,Normal,Critical!!
2026-05-26 21:26:50.457661,64.98341626046806,0,3.500807111806017,0,Normal,Critical!!,Warning,Critical!!
2026-05-26 21:26:51.459620,64.77601970669099,0,3.5218938063797838,0,Normal,Critical!!,Warning,Critical!!
2026-05-26 21:26:52.461265,64.31252596155836,0,3.4096842406874357,0,Normal,Critical!!,Warning,Critical!!
2026-05-26 21:26:53.463238,64.16938335683166,0,3.566338027727005,0,Normal,Critical!!,Warning,Critical!!
2026-05-26 21:26:54.464858,63.79393264945052,0,3.441122504725815,0,Normal,Critical!!,Warning,Critical!!
2026-05-26 21:26:55.467179,63.59349287893729,0,4.649271361518842,0,Normal,Critical!!,Normal,Critical!!
2026-05-26 21:26:56.469064,63.1160893724677,0,4.898192480422931,0,Normal,Critical!!,Normal,Critical!!
2026-05-26 21:26:57.471606,62.69483300273616,0,3.716719497680757,0,Normal,Critical!!,Normal,Critical!!
2026-05-26 21:26:58.473693,62.53446607312833,0,4.314746301646672,0,Normal,Critical!!,Normal,Critical!!
2026-05-26 21:26:59.475975,62.08038438197652,0,3.362069781335957,0,Normal,Critical!!,Warning,Critical!!
2026-05-26 21:27:00.478064,61.61643917674844,0,3.662764929871744,0,Normal,Critical!!,Normal,Critical!!
2026-05-26 21:27:01.480315,61.16148736976667,0,3.7225688126068497,0,Normal,Critical!!,Normal,Critical!!
2026-05-26 21:27:02.482197,61.04146397426192,0,4.134404609883879,0,Normal,Critical!!,Normal,Critical!!
2026-05-26 21:27:03.483796,60.7398614336625,0,4.240873197548188,0,Normal,Critical!!,Normal,Critical!!
2026-05-26 21:27:04.485427,60.44167264717213,0,3.871452338437646,0,Normal,Critical!!,Normal,Critical!!
2026-05-26 21:27:05.487193,60.315405520542214,0,4.764467685084401,0,Normal,Critical!!,Normal,Critical!!
2026-05-26 21:27:06.488851,60.01894124031542,0,4.762499079941216,0,Normal,Critical!!,Normal,Critical!!
2026-05-26 21:27:07.490671,59.56691355838182,0,4.076145172140519,0,Normal,Critical!!,Normal,Critical!!
2026-05-26 21:27:08.493087,59.241933594850046,0,4.339423662753541,0,Normal,Critical!!,Normal,Critical!!
2026-05-26 21:27:09.494835,58.814427556799345,0,3.445213946370396,0,Normal,Critical!!,Warning,Critical!!
2026-05-26 21:27:10.497100,58.636376563249996,0,4.02513596131251,0,Normal,Critical!!,Normal,Critical!!
2026-05-26 21:27:11.499300,58.43622395842138,0,4.385363762444487,0,Normal,Critical!!,Normal,Critical!!
2026-05-26 21:27:12.501952,58.324782585573914,0,4.371106637076794,0,Normal,Critical!!,Normal,Critical!!
2026-05-26 21:27:13.503756,57.98111079696661,0,4.7998050376906765,0,Normal,Critical!!,Normal,Critical!!
2026-05-26 21:27:14.505518,57.650525649668786,0,3.665790896656691,0,Normal,Critical!!,Normal,Critical!!
2026-05-26 21:27:15.507182,57.33833608485243,0,4.3225109418444605,0,Normal,Critical!!,Normal,Critical!!
2026-05-26 21:27:16.510026,57.16691594523596,0,4.206442372291503,0,Normal,Critical!!,Normal,Critical!!
2026-05-26 21:27:17.511808,56.785995943988084,0,3.5452790974507997,0,Normal,Critical!!,Warning,Critical!!
2026-05-26 21:27:18.513491,56.456519267168616,0,4.026042135514024,0,Normal,Critical!!,Normal,Critical!!
2026-05-26 21:27:19.515407,56.060876584447676,0,4.075903771180782,0,Normal,Critical!!,Normal,Critical!!
2026-05-26 21:27:20.518411,55.593185718543275,0,4.815945928687125,0,Normal,Critical!!,Normal,Critical!!
2026-05-26 21:27:21.520427,55.484652476617065,0,4.080554398511353,0,Normal,Critical!!,Normal,Critical!!
2026-05-26 21:27:22.522448,55.29556280672386,0,3.881365197268802,0,Normal,Critical!!,Normal,Critical!!
2026-05-26 21:27:23.524404,55.13801112060809,0,4.928333931623032,0,Normal,Critical!!,Normal,Critical!!
2026-05-26 21:27:24.526133,54.97401526212796,0,4.991416999755781,0,Normal,Critical!!,Normal,Critical!!
2026-05-26 21:27:25.527571,54.68304277153289,0,3.4673691078819746,0,Normal,Critical!!,Warning,Critical!!
2026-05-26 21:27:26.529916,54.514867094706084,0,3.8557584966302803,0,Normal,Critical!!,Normal,Critical!!
2026-05-26 21:27:27.531555,54.347926047194676,0,4.153793792765482,0,Normal,Critical!!,Normal,Critical!!
2026-05-26 21:27:28.533950,53.927009808568236,0,3.767044656932756,0,Normal,Critical!!,Normal,Critical!!
2026-05-26 21:27:29.535790,53.747046471786234,0,4.031614750017211,0,Normal,Critical!!,Normal,Critical!!
2026-05-26 21:27:30.537705,53.59487166260065,0,4.697950637351841,0,Normal,Critical!!,Normal,Critical!!
2026-05-26 21:27:31.539392,53.42762397408542,0,4.97138741840503,0,Normal,Critical!!,Normal,Critical!!
2026-05-26 21:27:32.541397,52.98072107246703,0,4.383483003652262,0,Normal,Critical!!,Normal,Critical!!
2026-05-26 21:27:33.543125,52.58250593040306,0,4.442754020710202,0,Normal,Critical!!,Normal,Critical!!
2026-05-26 21:27:34.544635,52.29835043010673,0,3.8626093849362806,0,Normal,Critical!!,Normal,Critical!!
2026-05-26 21:27:35.546714,51.85241997647913,0,3.7031991469468,0,Normal,Critical!!,Normal,Critical!!
2026-05-26 21:27:36.548115,51.45096589038575,0,3.3621518946167837,0,Normal,Critical!!,Warning,Critical!!
2026-05-26 21:27:37.550867,51.12525399028073,0,4.869688052868961,0,Normal,Critical!!,Normal,Critical!!
2026-05-26 21:27:38.552881,50.659386758864905,0,3.9549377102354963,0,Normal,Critical!!,Normal,Critical!!
2026-05-26 21:27:39.554417,50.45553859311503,0,3.979556963231927,0,Normal,Critical!!,Normal,Critical!!
2026-05-26 21:27:40.556033,50.306673915835816,0,3.4959715146515107,0,Normal,Critical!!,Warning,Critical!!
2026-05-26 21:27:41.558119,49.807700270179325,0,4.2513946658960435,0,Normal,Critical!!,Normal,Critical!!
2026-05-26 21:27:42.559950,49.332692980961035,0,4.880971039520988,0,Normal,Critical!!,Normal,Critical!!
2026-05-26 21:27:43.562988,48.87317570943888,0,3.5010021828275817,0,Normal,Critical!!,Warning,Critical!!
2026-05-26 21:27:44.565394,48.63309515448855,0,4.376906031507743,0,Normal,Critical!!,Normal,Critical!!
2026-05-26 21:27:45.567349,48.2006653936875,0,3.6225096963965253,0,Normal,Critical!!,Normal,Critical!!
2026-05-26 21:27:46.568736,47.84221811120092,0,4.242812060421598,0,Normal,Critical!!,Normal,Critical!!
2026-05-26 21:27:47.570717,47.58123789917612,0,4.577904721951088,0,Normal,Critical!!,Normal,Critical!!
2026-05-26 21:27:48.572372,47.311052354123994,0,3.7832233721396724,0,Normal,Critical!!,Normal,Critical!!
2026-05-26 21:27:49.574937,47.18117511405418,0,4.258923647256659,0,Normal,Critical!!,Normal,Critical!!
2026-05-26 21:27:50.576391,46.864083682337345,0,4.231606094840156,0,Normal,Critical!!,Normal,Critical!!
2026-05-26 21:27:51.577885,46.55367599944823,0,3.3352678395668476,0,Normal,Critical!!,Warning,Critical!!
2026-05-26 21:27:52.579827,46.121026790478034,0,4.890738669703953,0,Normal,Critical!!,Normal,Critical!!
2026-05-26 21:27:53.582031,45.9161750312523,0,3.8440069586329235,0,Normal,Critical!!,Normal,Critical!!
2026-05-26 21:27:54.583858,45.763852411947894,0,4.691809306072714,0,Normal,Critical!!,Normal,Critical!!
2026-05-26 21:27:55.585364,45.32691561122249,0,4.7622435487612504,0,Normal,Critical!!,Normal,Critical!!
2026-05-26 21:27:56.587558,44.874442657008885,0,4.927263029831813,0,Normal,Critical!!,Normal,Critical!!
2026-05-26 21:27:57.589596,44.704336928093696,0,3.349575497829694,0,Normal,Critical!!,Warning,Critical!!
2026-05-26 21:27:58.592173,44.47941924219223,0,3.512588801792319,0,Normal,Critical!!,Warning,Critical!!
2026-05-26 21:27:59.594168,43.98407768172545,0,4.833167263015952,0,Normal,Critical!!,Normal,Critical!!
2026-05-26 21:28:00.596428,43.614588086963046,0,4.686736420510135,0,Normal,Critical!!,Normal,Critical!!
2026-05-26 21:28:01.598531,43.34097846616927,0,3.8398352923276953,0,Normal,Critical!!,Normal,Critical!!
2026-05-26 21:28:02.600479,43.04065358647018,0,4.358915303783666,0,Normal,Critical!!,Normal,Critical!!
2026-05-26 21:28:03.602619,42.608702457125226,0,3.413442736016748,0,Normal,Critical!!,Warning,Critical!!
2026-05-26 21:28:04.604390,42.25590096231406,0,3.6629743982741054,0,Normal,Critical!!,Normal,Critical!!
2026-05-26 21:28:05.606535,41.810226151714176,0,3.3985251943187897,0,Normal,Critical!!,Warning,Critical!!
2026-05-26 21:28:06.609154,41.575192868331186,0,4.863236675645336,0,Normal,Critical!!,Normal,Critical!!
2026-05-26 21:28:07.610825,41.34591815070706,0,4.707298103394312,0,Normal,Critical!!,Normal,Critical!!
2026-05-26 21:28:08.612173,41.1867807693782,0,4.0551558432376265,0,Normal,Critical!!,Normal,Critical!!
2026-05-26 21:28:09.613671,41.081057876164685,0,3.9280973487610185,0,Normal,Critical!!,Normal,Critical!!
2026-05-26 21:28:10.615053,40.96578549915132,0,3.6115246917833472,0,Normal,Critical!!,Normal,Critical!!
2026-05-26 21:28:11.618429,40.51656049844611,0,4.855262754027794,0,Normal,Critical!!,Normal,Critical!!
2026-05-26 21:28:12.620501,40.06980872034957,0,3.4439565120299798,0,Normal,Critical!!,Warning,Critical!!
2026-05-26 21:28:13.623206,39.723300048434744,0,3.6442440448591715,0,Normal,Critical!!,Normal,Critical!!
2026-05-26 21:28:14.624774,39.525277053440945,0,4.980469800646585,0,Normal,Critical!!,Normal,Critical!!
2026-05-26 21:28:15.627112,39.04996773183404,0,4.854347523849926,0,Normal,Critical!!,Normal,Critical!!
2026-05-26 21:28:16.629452,38.61643676154043,0,3.410570395593051,0,Normal,Critical!!,Warning,Critical!!
2026-05-26 21:28:17.632021,38.50374597064757,0,4.262146571686156,0,Normal,Critical!!,Normal,Critical!!
2026-05-26 21:28:18.634131,38.16977379111051,0,4.485658778568319,0,Normal,Critical!!,Normal,Critical!!
2026-05-26 21:28:19.636824,38.03254740834633,0,4.595851622975035,0,Normal,Critical!!,Normal,Critical!!
2026-05-26 21:28:20.638922,37.92452750413355,0,4.183595805698144,0,Normal,Critical!!,Normal,Critical!!
2026-05-26 21:28:21.640985,37.5450422377505,0,4.154183653454559,0,Normal,Critical!!,Normal,Critical!!
2026-05-26 21:28:22.643420,37.354591212307064,0,4.3643731198727505,0,Normal,Critical!!,Normal,Critical!!
2026-05-26 21:28:23.645927,37.236679258412224,0,4.208313976689684,0,Normal,Critical!!,Normal,Critical!!
2026-05-26 21:28:24.647996,37.12495897912099,0,3.8426411202465385,0,Normal,Critical!!,Normal,Critical!!
2026-05-26 21:28:25.651189,36.82926942762531,0,4.810781177716272,0,Normal,Critical!!,Normal,Critical!!
2026-05-26 21:28:26.654987,36.50776944948418,0,3.3522592282740336,0,Normal,Critical!!,Warning,Critical!!
2026-05-26 21:28:27.656533,36.338435242908965,0,3.418259551570991,0,Normal,Critical!!,Warning,Critical!!
2026-05-26 21:28:28.658204,35.8447166624699,0,4.52434829867407,0,Normal,Critical!!,Normal,Critical!!
2026-05-26 21:28:29.659718,35.430559225407904,0,4.522657664019757,0,Normal,Critical!!,Normal,Critical!!
2026-05-26 21:28:30.661457,35.01184030286556,0,4.988729710898503,0,Normal,Critical!!,Normal,Critical!!
2026-05-26 21:28:31.663173,34.66512983595978,0,3.7591671048652917,0,Normal,Critical!!,Normal,Critical!!
2026-05-26 21:28:32.665035,34.47150748628303,0,4.164976906922956,0,Normal,Critical!!,Normal,Critical!!
2026-05-26 21:28:33.666457,34.2894808707627,0,4.831216579140628,0,Normal,Critical!!,Normal,Critical!!
2026-05-26 21:28:34.668412,33.96219312895005,0,4.173118340199534,0,Normal,Critical!!,Normal,Critical!!
2026-05-26 21:28:35.670250,33.73284748673143,0,4.713129798728604,0,Normal,Critical!!,Normal,Critical!!
2026-05-26 21:28:36.671930,33.42976049457345,0,4.412375018468854,0,Normal,Critical!!,Normal,Critical!!
2026-05-26 21:28:37.673449,33.04381906966895,0,4.24120599442691,0,Normal,Critical!!,Normal,Critical!!
2026-05-26 21:28:38.675424,32.847357567580964,0,3.9119513801501435,0,Normal,Critical!!,Normal,Critical!!
2026-05-26 21:28:39.676855,32.50686849910988,0,4.607835296514034,0,Normal,Critical!!,Normal,Critical!!
2026-05-26 21:28:40.678362,32.07121008288572,0,4.035088810148869,0,Normal,Critical!!,Normal,Critical!!
2026-05-26 21:28:41.680227,31.592386835551306,0,4.688803454926358,0,Normal,Critical!!,Normal,Critical!!
2026-05-26 21:28:42.682159,31.188956215352174,0,4.533028698566882,0,Normal,Critical!!,Normal,Critical!!
2026-05-26 21:28:43.683635,30.7841581138248,0,3.5776636204000067,0,Normal,Critical!!,Warning,Critical!!
2026-05-26 21:28:44.685516,30.30356331445931,0,4.90390176814215,0,Normal,Critical!!,Normal,Critical!!
2026-05-26 21:28:45.687720,30.02658799090161,0,4.547383744898781,0,Normal,Critical!!,Normal,Critical!!
2026-05-26 21:28:46.690634,29.83380173200293,0,4.542195262072115,0,Normal,Critical!!,Normal,Critical!!
2026-05-26 21:28:47.694348,29.353591033047913,0,3.582944690407412,0,Normal,Critical!!,Warning,Critical!!
2026-05-26 21:28:48.696978,28.936656657082498,0,3.99842478035221,0,Normal,Critical!!,Normal,Critical!!
2026-05-26 21:28:49.698666,28.817692664979358,0,3.3450707997920497,0,Normal,Critical!!,Warning,Critical!!
2026-05-26 21:28:50.700542,28.436018559163458,0,3.7886743822197277,0,Normal,Critical!!,Normal,Critical!!
2026-05-26 21:28:51.702790,27.96195834229986,0,4.420863799436292,0,Normal,Critical!!,Normal,Critical!!
2026-05-26 21:28:52.704689,27.806638263919908,0,3.328637714121278,0,Normal,Critical!!,Warning,Critical!!
2026-05-26 21:28:53.706651,27.341858983933374,0,3.3333188003746583,0,Normal,Critical!!,Warning,Critical!!
2026-05-26 21:28:54.708544,27.03257237896399,0,3.7625448388275045,0,Normal,Critical!!,Normal,Critical!!
2026-05-26 21:28:55.710584,26.60463827868459,0,3.897796499223985,0,Normal,Critical!!,Normal,Critical!!
2026-05-26 21:28:56.712208,26.130855211417817,0,3.9862754423825915,0,Normal,Critical!!,Normal,Critical!!
2026-05-26 21:28:57.714305,25.692208582889293,0,4.463124251712775,0,Normal,Critical!!,Normal,Critical!!
2026-05-26 21:28:58.716404,25.431103058907443,0,4.038581850242045,0,Normal,Critical!!,Normal,Critical!!
2026-05-26 21:28:59.717995,25.302690435392222,0,4.583781752066695,0,Normal,Critical!!,Normal,Critical!!
2026-05-26 21:29:00.720400,24.881803284845926,0,4.6934823287487015,0,Normal,Critical!!,Normal,Critical!!
2026-05-26 21:29:01.722381,24.452144568105897,0,3.942550058169111,0,Normal,Critical!!,Normal,Critical!!
2026-05-26 21:29:02.724556,24.074606729918475,0,4.60563935135073,0,Normal,Critical!!,Normal,Critical!!
2026-05-26 21:29:03.727005,23.672759220061685,0,3.7166425123027533,0,Normal,Critical!!,Normal,Critical!!
2026-05-26 21:29:04.729290,23.309087986082098,0,4.325928029730185,0,Normal,Critical!!,Normal,Critical!!
2026-05-26 21:29:05.732129,22.89510926320071,0,3.852882330468305,0,Normal,Critical!!,Normal,Critical!!
2026-05-26 21:29:06.733422,22.571865081059766,0,3.3484506569114934,0,Normal,Critical!!,Warning,Critical!!
2026-05-26 21:29:07.734908,22.39467364406377,0,3.4150711905192397,0,Normal,Critical!!,Warning,Critical!!
2026-05-26 21:29:08.736556,22.267861151938906,0,4.679736505164493,0,Normal,Critical!!,Normal,Critical!!
2026-05-26 21:29:09.738277,21.974103451972777,0,4.133940980082503,0,Normal,Critical!!,Normal,Critical!!
2026-05-26 21:29:10.740231,21.774429261137378,0,3.560253315550062,0,Normal,Critical!!,Warning,Critical!!
2026-05-26 21:29:11.741682,21.58878255480679,0,4.781782932941491,0,Normal,Critical!!,Normal,Critical!!
2026-05-26 21:29:12.744112,21.324216267235194,0,3.5015406751341986,0,Normal,Critical!!,Warning,Critical!!
2026-05-26 21:29:13.746045,20.82650106351527,0,4.779756680228353,0,Normal,Critical!!,Normal,Critical!!
2026-05-26 21:29:14.747843,20.35233020759289,0,3.597664729646823,0,Normal,Critical!!,Warning,Critical!!
2026-05-26 21:29:15.750415,20.020014818962963,0,4.418887050388961,0,Normal,Critical!!,Normal,Critical!!
2026-05-26 21:29:16.752717,19.679811179929267,0,4.845251996721044,0,Normal,Critical!!,Normal,Critical!!
2026-05-26 21:29:17.755435,20.14010088695962,0,3.5889581018809595,0,Normal,Critical!!,Warning,Critical!!
2026-05-26 21:29:18.757239,20.586150886675288,0,4.14627280097902,0,Normal,Critical!!,Normal,Critical!!
2026-05-26 21:29:19.759814,20.736051668099606,0,4.383409404873699,0,Normal,Critical!!,Normal,Critical!!
2026-05-26 21:29:20.761873,21.086620501684255,0,4.880547791876602,0,Normal,Critical!!,Normal,Critical!!
2026-05-26 21:29:21.763491,21.586566633767074,0,3.7779804930619734,0,Normal,Critical!!,Normal,Critical!!
2026-05-26 21:29:22.765620,21.929043556758764,0,3.958342027948507,0,Normal,Critical!!,Normal,Critical!!
2026-05-26 21:29:23.767834,22.163038316174923,0,3.8307613620814047,0,Normal,Critical!!,Normal,Critical!!
2026-05-26 21:29:24.769813,22.29494196312489,0,4.886177157226894,0,Normal,Critical!!,Normal,Critical!!
2026-05-26 21:29:25.773312,22.473614757523467,0,4.467244126657096,0,Normal,Critical!!,Normal,Critical!!
2026-05-26 21:29:26.775348,22.74637383880963,0,4.088332291753799,0,Normal,Critical!!,Normal,Critical!!
2026-05-26 21:29:27.777168,23.219782584498944,0,4.8620547993651,0,Normal,Critical!!,Normal,Critical!!
2026-05-26 21:29:28.778938,23.644183071519702,0,4.705063758150167,0,Normal,Critical!!,Normal,Critical!!
2026-05-26 21:29:29.781138,23.85466251920578,0,4.084585943807747,0,Normal,Critical!!,Normal,Critical!!
2026-05-26 21:29:30.782892,24.13757980254117,0,3.767465599219706,0,Normal,Critical!!,Normal,Critical!!
2026-05-26 21:29:31.784616,24.476663659054662,0,4.9363360967292,0,Normal,Critical!!,Normal,Critical!!
2026-05-26 21:29:32.787263,24.694875306033165,0,4.642678029595595,0,Normal,Critical!!,Normal,Critical!!
2026-05-26 21:29:33.789375,24.806343659470564,0,3.9289966229019404,0,Normal,Critical!!,Normal,Critical!!
2026-05-26 21:29:34.791077,25.26045148236349,0,3.9832069406135977,0,Normal,Critical!!,Normal,Critical!!
2026-05-26 21:29:35.792604,25.605217943721797,0,4.711268360414442,0,Normal,Critical!!,Normal,Critical!!
2026-05-26 21:29:36.794854,25.854018856059678,0,4.298258569051041,0,Normal,Critical!!,Normal,Critical!!
2026-05-26 21:29:37.796496,26.155970138607145,0,4.019181933388348,0,Normal,Critical!!,Normal,Critical!!
2026-05-26 21:29:38.798727,26.50979246991168,0,3.622275073950611,0,Normal,Critical!!,Normal,Critical!!
2026-05-26 21:29:39.800531,26.734650605148357,0,4.385438255770967,0,Normal,Critical!!,Normal,Critical!!
2026-05-26 21:29:40.801839,27.195089668391216,0,3.5684659803224625,0,Normal,Critical!!,Warning,Critical!!
2026-05-26 21:29:41.803659,27.373828898479367,0,4.836607356277515,0,Normal,Critical!!,Normal,Critical!!
2026-05-26 21:29:42.805936,27.74878158042324,0,3.964412041090627,0,Normal,Critical!!,Normal,Critical!!
2026-05-26 21:29:43.808173,28.105104674522664,0,4.274888368154965,0,Normal,Critical!!,Normal,Critical!!
2026-05-26 21:29:44.810003,28.456315447430345,0,4.825435479366464,0,Normal,Critical!!,Normal,Critical!!
2026-05-26 21:29:45.812158,28.626070773987493,0,3.7010699910742804,0,Normal,Critical!!,Normal,Critical!!
2026-05-26 21:29:46.814542,29.12237947341886,0,4.646141456974745,0,Normal,Critical!!,Normal,Critical!!
2026-05-26 21:29:47.815970,29.503234875912582,0,3.491374277073815,0,Normal,Critical!!,Warning,Critical!!
2026-05-26 21:29:48.817584,29.865181561861224,0,3.3645608587511395,0,Normal,Critical!!,Warning,Critical!!
2026-05-26 21:29:49.819785,30.167584425369196,0,3.595958583724637,0,Normal,Critical!!,Warning,Critical!!
2026-05-26 21:29:50.822040,30.345904147479715,0,4.3442804278245415,0,Normal,Critical!!,Normal,Critical!!
2026-05-26 21:29:51.823951,30.687635822321315,0,4.801061865122741,0,Normal,Critical!!,Normal,Critical!!
2026-05-26 21:29:52.825955,31.161481846189318,0,3.855319237916896,0,Normal,Critical!!,Normal,Critical!!
2026-05-26 21:29:53.828306,31.307481968498855,0,4.612029894052958,0,Normal,Critical!!,Normal,Critical!!
2026-05-26 21:29:54.829975,31.591862909007006,0,4.826902203260177,0,Normal,Critical!!,Normal,Critical!!
2026-05-26 21:29:55.831995,32.06418832184478,0,4.4422500311811755,0,Normal,Critical!!,Normal,Critical!!
2026-05-26 21:29:56.833575,32.27106456618014,0,3.9247325799494766,0,Normal,Critical!!,Normal,Critical!!
2026-05-26 21:29:57.835728,32.43936489113351,0,3.548654307245208,0,Normal,Critical!!,Warning,Critical!!
2026-05-26 21:29:58.838111,32.569709212709576,0,3.835027279444689,0,Normal,Critical!!,Normal,Critical!!
2026-05-26 21:29:59.839685,32.927159987584346,0,4.021473095654122,0,Normal,Critical!!,Normal,Critical!!
2026-05-26 21:30:00.841408,33.08163605953445,0,4.17251772808513,0,Normal,Critical!!,Normal,Critical!!
2026-05-26 21:30:01.843251,33.405848453550746,0,3.8443954116526045,0,Normal,Critical!!,Normal,Critical!!
2026-05-26 21:30:02.844654,33.801920137667786,0,3.579894480321585,0,Normal,Critical!!,Warning,Critical!!
2026-05-26 21:30:03.846195,34.14600854693253,0,4.965802084617897,0,Normal,Critical!!,Normal,Critical!!
2026-05-26 21:30:04.848109,34.411852568953634,0,3.674394380115652,0,Normal,Critical!!,Normal,Critical!!
2026-05-26 21:30:05.850430,34.585088842283085,0,3.64232991985971,0,Normal,Critical!!,Normal,Critical!!
2026-05-26 21:30:06.851805,35.04629570599677,0,4.7576809431322316,0,Normal,Critical!!,Normal,Critical!!
2026-05-26 21:30:07.853515,35.52878705888883,0,4.344937456701328,0,Normal,Critical!!,Normal,Critical!!
2026-05-26 21:30:08.855455,35.962802851224545,0,3.7983536487506866,0,Normal,Critical!!,Normal,Critical!!
2026-05-26 21:30:09.858151,36.260311050983205,0,4.500449271382032,0,Normal,Critical!!,Normal,Critical!!
2026-05-26 21:30:10.860249,36.50541835523565,0,4.119676973479901,0,Normal,Critical!!,Normal,Critical!!
2026-05-26 21:30:11.862214,36.88776482776499,0,4.737536491397721,0,Normal,Critical!!,Normal,Critical!!
2026-05-26 21:30:12.863924,37.368499067038,0,3.3302529440906046,0,Normal,Critical!!,Warning,Critical!!
2026-05-26 21:30:13.865969,37.7039671113732,0,4.44623513253726,0,Normal,Critical!!,Normal,Critical!!
2026-05-26 21:30:14.867989,38.06802140251017,0,4.744186276357424,0,Normal,Critical!!,Normal,Critical!!
2026-05-26 21:30:15.869594,38.44940512422246,0,4.680151246584712,0,Normal,Critical!!,Normal,Critical!!
2026-05-26 21:30:16.871542,38.7080467197824,0,4.5126711850181955,0,Normal,Critical!!,Normal,Critical!!
2026-05-26 21:30:17.873511,38.91605154001837,0,3.455137591602356,0,Normal,Critical!!,Warning,Critical!!
2026-05-26 21:30:18.875262,39.28044516483141,0,4.839120821139618,0,Normal,Critical!!,Normal,Critical!!
2026-05-26 21:30:19.877112,39.69953376793008,0,4.878923980756095,0,Normal,Critical!!,Normal,Critical!!
2026-05-26 21:30:20.879202,40.1265709917903,0,3.811122486929281,0,Normal,Critical!!,Normal,Critical!!
2026-05-26 21:30:21.880994,40.42559910006188,0,4.021573472229748,0,Normal,Critical!!,Normal,Critical!!
2026-05-26 21:30:22.883821,40.758730677315555,0,4.806322041115466,0,Normal,Critical!!,Normal,Critical!!
2026-05-26 21:30:23.886288,40.995806802976844,0,3.3995219349504535,0,Normal,Critical!!,Warning,Critical!!
2026-05-26 21:30:24.887785,41.18201831036129,0,3.3129475249784823,0,Normal,Critical!!,Warning,Critical!!
2026-05-26 21:30:25.890697,41.68011301169584,0,4.860805223764311,0,Normal,Critical!!,Normal,Critical!!
2026-05-26 21:30:26.892434,41.91237164454473,0,4.094956688098866,0,Normal,Critical!!,Normal,Critical!!
2026-05-26 21:30:27.894933,42.20804993163216,0,3.345058068384542,0,Normal,Critical!!,Warning,Critical!!
2026-05-26 21:30:28.896461,42.51741921871018,0,3.708770328830415,0,Normal,Critical!!,Normal,Critical!!
2026-05-26 21:30:29.898791,42.884333045249384,0,4.248533697940066,0,Normal,Critical!!,Normal,Critical!!
2026-05-26 21:30:30.901190,43.02126780305914,0,4.146671426635983,0,Normal,Critical!!,Normal,Critical!!
2026-05-26 21:30:31.903917,43.386658638391076,0,3.575964062537123,0,Normal,Critical!!,Warning,Critical!!
2026-05-26 21:30:32.905838,43.652089774737824,0,4.363554383536591,0,Normal,Critical!!,Normal,Critical!!
2026-05-26 21:30:33.907679,44.010589937609545,0,4.167220771548841,0,Normal,Critical!!,Normal,Critical!!
2026-05-26 21:30:34.909843,44.202301244606915,0,4.107872178933728,0,Normal,Critical!!,Normal,Critical!!
2026-05-26 21:30:35.911873,44.37842864112136,0,3.7431273883753042,0,Normal,Critical!!,Normal,Critical!!
2026-05-26 21:30:36.913708,44.541539681872976,0,4.41202619652565,0,Normal,Critical!!,Normal,Critical!!
2026-05-26 21:30:37.915902,44.95286193789141,0,4.364162472186288,0,Normal,Critical!!,Normal,Critical!!
2026-05-26 21:30:38.918721,45.22077280847247,0,3.428805877579609,0,Normal,Critical!!,Warning,Critical!!
2026-05-26 21:30:39.920576,45.34656919842104,0,3.5034419883517383,0,Normal,Critical!!,Warning,Critical!!
2026-05-26 21:30:40.922676,45.7907188758374,0,3.487713367200723,0,Normal,Critical!!,Warning,Critical!!
2026-05-26 21:30:41.924333,45.93276161397211,0,3.887076525572719,0,Normal,Critical!!,Normal,Critical!!
2026-05-26 21:30:42.926093,46.3603858407561,0,3.563045083057629,0,Normal,Critical!!,Warning,Critical!!
2026-05-26 21:30:43.928061,46.46823916303338,0,3.636656366002862,0,Normal,Critical!!,Normal,Critical!!
2026-05-26 21:30:44.930436,46.76957941341825,0,4.683427500839012,0,Normal,Critical!!,Normal,Critical!!
2026-05-26 21:30:45.932220,46.92570054216443,0,4.555230886693665,0,Normal,Critical!!,Normal,Critical!!
2026-05-26 21:30:46.934722,47.124545350895254,0,3.738361826141867,0,Normal,Critical!!,Normal,Critical!!
2026-05-26 21:30:47.936679,47.53672855270011,0,4.612569908930827,0,Normal,Critical!!,Normal,Critical!!
2026-05-26 21:30:48.940191,47.91049860757019,0,4.1192561764054965,0,Normal,Critical!!,Normal,Critical!!
2026-05-26 21:30:49.942716,48.2293960226028,0,4.355272323178905,0,Normal,Critical!!,Normal,Critical!!
2026-05-26 21:30:50.944396,48.722706622987666,0,3.3054525058848636,0,Normal,Critical!!,Warning,Critical!!
2026-05-26 21:30:51.946588,49.08285779786162,0,3.341618512410141,0,Normal,Critical!!,Warning,Critical!!
2026-05-26 21:30:52.950267,49.408226243451026,0,4.061108508781066,0,Normal,Critical!!,Normal,Critical!!
2026-05-26 21:30:53.952556,49.78329481485365,0,4.309344641157846,0,Normal,Critical!!,Normal,Critical!!
2026-05-26 21:30:54.954751,49.923287834842455,0,4.048717322491966,0,Normal,Critical!!,Normal,Critical!!
2026-05-26 21:30:55.956802,50.2255677754462,0,4.359804887092296,0,Normal,Critical!!,Normal,Critical!!
2026-05-26 21:30:56.958524,50.46052678484322,0,4.273593205461745,0,Normal,Critical!!,Normal,Critical!!
2026-05-26 21:30:57.960686,50.94162012650139,0,4.133996236342078,0,Normal,Critical!!,Normal,Critical!!
2026-05-26 21:30:58.962469,51.37860533839849,0,3.830318017896083,0,Normal,Critical!!,Normal,Critical!!
2026-05-26 21:30:59.964950,51.657032852545115,0,4.685818631778595,0,Normal,Critical!!,Normal,Critical!!
2026-05-26 21:31:00.966891,52.15211443065082,0,3.474396302973168,0,Normal,Critical!!,Warning,Critical!!
2026-05-26 21:31:01.969350,52.460167203072515,0,3.5256949178783668,0,Normal,Critical!!,Warning,Critical!!
2026-05-26 21:31:02.970936,52.80659536097839,0,3.753101353722793,0,Normal,Critical!!,Normal,Critical!!
2026-05-26 21:31:03.973424,53.03314964044703,0,4.504931208334915,0,Normal,Critical!!,Normal,Critical!!
2026-05-26 21:31:04.975623,53.15825380582099,0,3.8762324253566987,0,Normal,Critical!!,Normal,Critical!!
2026-05-26 21:31:05.978611,53.647277810985294,0,3.605010547500023,0,Normal,Critical!!,Normal,Critical!!
2026-05-26 21:31:06.980206,53.96974021791064,0,4.974722933556526,0,Normal,Critical!!,Normal,Critical!!
2026-05-26 21:31:07.982029,54.13543459475206,0,3.3509865320188066,0,Normal,Critical!!,Warning,Critical!!
2026-05-26 21:31:08.983655,54.33958851936559,0,4.116488007934822,0,Normal,Critical!!,Normal,Critical!!
2026-05-26 21:31:09.985240,54.54012122117786,0,4.159594925050051,0,Normal,Critical!!,Normal,Critical!!
2026-05-26 21:31:10.987100,54.75981199653116,0,3.6159064314140723,0,Normal,Critical!!,Normal,Critical!!
2026-05-26 21:31:11.989450,54.98241314431254,0,4.018538383754547,0,Normal,Critical!!,Normal,Critical!!
2026-05-26 21:31:12.991875,55.33331219846055,0,3.5542870987752617,0,Normal,Critical!!,Warning,Critical!!
2026-05-26 21:31:13.993796,55.67882090672365,0,3.6893357493637824,0,Normal,Critical!!,Normal,Critical!!
2026-05-26 21:31:14.995383,55.86427605295596,0,3.747143653572887,0,Normal,Critical!!,Normal,Critical!!
2026-05-26 21:31:15.997409,56.23177575819937,0,4.159986921255708,0,Normal,Critical!!,Normal,Critical!!
2026-05-26 21:31:17.000163,56.612915570851335,0,3.6252411266958573,0,Normal,Critical!!,Normal,Critical!!
2026-05-26 21:31:18.001755,56.93163156692447,0,3.4368427948632436,0,Normal,Critical!!,Warning,Critical!!
2026-05-26 21:31:19.003790,57.41019161053293,0,4.245421497400496,0,Normal,Critical!!,Normal,Critical!!
2026-05-26 21:31:20.005180,57.5531000899829,0,4.3017255439467545,0,Normal,Critical!!,Normal,Critical!!
2026-05-26 21:31:21.007526,57.93921358280449,0,3.60620004909503,0,Normal,Critical!!,Normal,Critical!!
2026-05-26 21:31:22.009228,58.25790422016017,0,4.305424992384398,0,Normal,Critical!!,Normal,Critical!!
2026-05-26 21:31:23.010733,58.62445044025129,0,4.38448270680157,0,Normal,Critical!!,Normal,Critical!!
2026-05-26 21:31:24.012599,58.78051525514915,0,3.762821397688533,0,Normal,Critical!!,Normal,Critical!!
2026-05-26 21:31:25.014700,59.15436346671596,0,4.320356056529517,0,Normal,Critical!!,Normal,Critical!!
2026-05-26 21:31:26.016695,59.464834533043195,0,3.847381060638326,0,Normal,Critical!!,Normal,Critical!!
2026-05-26 21:31:27.019411,59.94611611689546,0,4.663776905859817,0,Normal,Critical!!,Normal,Critical!!
2026-05-26 21:31:28.021850,60.13060473863593,0,4.513613337151942,0,Normal,Critical!!,Normal,Critical!!
2026-05-26 21:31:29.023782,60.44487124459256,0,4.261530636412284,0,Normal,Critical!!,Normal,Critical!!
2026-05-26 21:31:30.025645,60.68103803698615,0,4.725592029629015,0,Normal,Critical!!,Normal,Critical!!
2026-05-26 21:31:31.027718,60.91219626860381,0,4.517730178265739,0,Normal,Critical!!,Normal,Critical!!
2026-05-26 21:31:32.029746,61.073485563302754,0,4.734702627046575,0,Normal,Critical!!,Normal,Critical!!
2026-05-26 21:31:33.031437,61.3589028101636,0,4.442826785234904,0,Normal,Critical!!,Normal,Critical!!
2026-05-26 21:31:34.033479,61.539412710999144,0,3.453365889369975,0,Normal,Critical!!,Warning,Critical!!
2026-05-26 21:31:35.035488,61.726883924671384,0,3.4221215975020036,0,Normal,Critical!!,Warning,Critical!!
2026-05-26 22:09:01.808743,62.003500713219125,0,4.530356924327659,0,Normal,Critical!!,Normal,Critical!!
2026-05-26 22:09:02.986265,62.20258654289061,0,4.498765865738561,0,Normal,Critical!!,Normal,Critical!!
2026-05-26 22:09:03.998006,62.44511812473066,0,3.6244414696865968,0,Normal,Critical!!,Normal,Critical!!
2026-05-26 22:09:05.010105,62.56914422875981,0,3.70567816096896,0,Normal,Critical!!,Normal,Critical!!
2026-05-26 22:09:06.014193,63.04924724169048,0,3.9802340910372775,0,Normal,Critical!!,Normal,Critical!!
2026-05-27 00:31:35.562779,63.453253864090016,0,4.27455663041055,0,Normal,Critical!!,Normal,Critical!!
2026-05-27 00:31:36.705064,63.637017992181335,0,4.690192447775193,0,Normal,Critical!!,Normal,Critical!!
2026-05-27 00:31:37.708065,63.77275083101815,0,3.4833450778395227,0,Normal,Critical!!,Warning,Critical!!
2026-05-27 00:31:38.715213,64.19598668404429,0,4.4318203276871495,0,Normal,Critical!!,Normal,Critical!!
2026-05-27 00:31:39.716851,64.46545567235856,0,3.9197549227581705,0,Normal,Critical!!,Normal,Critical!!
2026-05-27 00:31:40.718554,64.68642549232531,0,3.9617865979144957,0,Normal,Critical!!,Normal,Critical!!
2026-05-27 00:31:41.719961,65.04981931746256,0,4.672786208677538,0,Normal,Critical!!,Normal,Critical!!
2026-05-27 00:31:42.722116,65.37809841428376,0,4.34056657854493,0,Normal,Critical!!,Normal,Critical!!
2026-05-27 00:31:43.734990,65.5611263069111,0,3.425878881461609,0,Normal,Critical!!,Warning,Critical!!
2026-05-27 00:31:44.756289,65.81400824800917,0,3.9218687628836366,0,Normal,Critical!!,Normal,Critical!!
2026-05-27 00:31:45.758019,66.3137383382085,0,4.739259072364322,0,Normal,Critical!!,Normal,Critical!!
2026-05-27 00:31:46.759937,66.58220180264631,0,3.53332623815778,0,Normal,Critical!!,Warning,Critical!!
2026-05-27 00:31:47.761398,66.75989281752226,0,4.411565319816573,0,Normal,Critical!!,Normal,Critical!!
2026-05-27 11:56:09.958082,67.0677506169145,0,4.7599357430514395,0,Normal,Critical!!,Normal,Critical!!
2026-05-27 11:56:11.021044,67.2935094330595,0,4.573593663563212,0,Normal,Critical!!,Normal,Critical!!
2026-05-27 11:56:12.156367,67.7800140783365,0,4.666335312563869,0,Normal,Critical!!,Normal,Critical!!
2026-05-27 11:56:13.168052,68.20860774119777,0,4.164271015791688,0,Normal,Critical!!,Normal,Critical!!
2026-05-27 11:56:14.170034,68.59177046962915,0,3.679851524184236,0,Normal,Critical!!,Normal,Critical!!
2026-05-27 11:56:15.172264,68.69608976525618,0,3.6490823284938427,0,Normal,Critical!!,Normal,Critical!!
2026-05-27 11:56:16.173853,69.11801903083813,0,4.788909897205943,0,Normal,Critical!!,Normal,Critical!!
2026-05-27 11:56:17.175335,69.2417656106172,0,4.232026212051271,0,Normal,Critical!!,Normal,Critical!!
2026-05-27 11:56:18.176617,69.6910439121112,0,4.640731975379356,0,Normal,Critical!!,Normal,Critical!!
2026-05-27 11:56:19.178027,69.86419078591251,0,4.995301444130531,0,Normal,Critical!!,Normal,Critical!!
2026-05-27 11:56:20.187561,70.13903286694614,0,3.8626651904653366,0,Normal,Critical!!,Normal,Critical!!
2026-05-27 11:56:21.201826,70.34634665819799,0,3.6087741260315265,0,Normal,Critical!!,Normal,Critical!!
2026-05-27 11:56:22.204260,70.68563622716302,0,3.591277024597644,0,Normal,Critical!!,Warning,Critical!!
2026-05-27 11:56:23.206295,70.96484029943566,0,3.547000050487361,0,Normal,Critical!!,Warning,Critical!!
2026-05-27 11:56:24.207467,71.35228988075558,0,4.14231364851653,0,Normal,Critical!!,Normal,Critical!!
2026-05-27 11:56:25.208567,71.84974601682663,0,4.43281558840884,0,Normal,Critical!!,Normal,Critical!!
2026-05-27 11:56:26.209752,72.16488744233105,0,4.897624036131523,0,Normal,Critical!!,Normal,Critical!!
2026-05-27 11:56:27.210959,72.5622689381274,0,3.362678578479581,0,Normal,Critical!!,Warning,Critical!!
2026-05-27 11:56:28.212592,72.98708956033668,0,4.906547743647508,0,Normal,Critical!!,Normal,Critical!!
2026-05-27 11:56:29.213600,73.42441015756522,0,4.4449680737632065,0,Normal,Critical!!,Normal,Critical!!
2026-05-27 11:56:30.214837,73.74919150415823,0,4.886541338380002,0,Normal,Critical!!,Normal,Critical!!
2026-05-27 11:56:31.216397,73.98327178835376,0,4.4437734521003085,0,Normal,Critical!!,Normal,Critical!!
2026-05-27 11:56:32.217942,74.11255179792848,0,3.7289284387090342,0,Normal,Critical!!,Normal,Critical!!
2026-05-27 11:56:33.219004,74.39035340576807,0,4.435762720451411,0,Normal,Critical!!,Normal,Critical!!
2026-05-27 11:56:34.220573,74.68046191308989,0,3.996307273686448,0,Normal,Critical!!,Normal,Critical!!
2026-05-27 11:56:35.222261,75.09274196582282,0,4.457051767916564,0,Normal,Critical!!,Normal,Critical!!
2026-05-27 11:56:36.223974,75.27714128647385,0,4.195198170107016,0,Normal,Critical!!,Normal,Critical!!
2026-05-27 11:56:37.225495,75.65258656082493,0,4.418027940167812,0,Normal,Critical!!,Normal,Critical!!
2026-05-27 11:56:38.227532,75.9899192607036,0,4.981271134359488,0,Normal,Critical!!,Normal,Critical!!
2026-05-27 11:56:39.229085,76.36930051620034,0,4.352047094001627,0,Normal,Critical!!,Normal,Critical!!
2026-05-27 11:56:40.230628,76.4709420706305,0,4.581343697215856,0,Normal,Critical!!,Normal,Critical!!
2026-05-27 11:56:41.231794,76.84717883598324,0,4.649586211079167,0,Normal,Critical!!,Normal,Critical!!
2026-05-27 11:56:42.237382,77.31910174882613,0,3.61838963123577,0,Normal,Critical!!,Normal,Critical!!
2026-05-27 11:56:43.240366,77.62544828416011,0,3.9487920149530025,0,Normal,Critical!!,Normal,Critical!!
2026-05-27 11:56:44.241491,77.98005687141685,0,3.3791175222818306,0,Normal,Critical!!,Warning,Critical!!
2026-05-27 11:56:45.242626,78.43629185065241,0,3.4220415401213278,0,Normal,Critical!!,Warning,Critical!!
2026-05-27 11:56:46.244281,78.56859131455177,0,4.739473325750253,0,Normal,Critical!!,Normal,Critical!!
2026-05-27 11:56:47.246117,78.90514573116192,0,3.3353966369947368,0,Normal,Critical!!,Warning,Critical!!
2026-05-27 11:56:48.248823,79.10152039584403,0,3.422909042937814,0,Normal,Critical!!,Warning,Critical!!
2026-05-27 11:56:49.250430,79.42070225718214,0,3.6572235074499146,0,Normal,Critical!!,Normal,Critical!!
2026-05-27 11:56:50.252124,79.60905824014448,0,4.51377001278696,0,Normal,Critical!!,Normal,Critical!!
2026-05-27 11:56:51.253179,79.91002515019152,0,4.1857550412986635,0,Normal,Critical!!,Normal,Critical!!
2026-05-27 11:56:52.254508,80.10009312603547,0,3.9961598772787514,0,Warning,Critical!!,Normal,Critical!!
2026-05-27 11:56:53.255990,79.70467323561795,0,3.828040684242233,0,Normal,Critical!!,Normal,Critical!!
2026-05-27 11:56:54.257476,79.50919808196991,0,3.536501199688445,0,Normal,Critical!!,Warning,Critical!!
2026-05-27 11:56:55.258742,79.25700023001532,0,4.714536246983501,0,Normal,Critical!!,Normal,Critical!!
2026-05-27 11:56:56.260552,78.80298209433103,0,4.059620943981027,0,Normal,Critical!!,Normal,Critical!!
2026-05-27 11:57:01.682416,78.3867048084096,0,4.261478790770838,0,Normal,Critical!!,Normal,Critical!!
2026-05-27 11:57:02.684284,77.99780510828467,0,4.677722010877618,0,Normal,Critical!!,Normal,Critical!!
2026-05-27 11:57:03.686848,77.83840538145205,0,3.7053689542965778,0,Normal,Critical!!,Normal,Critical!!
2026-05-27 11:57:04.688530,77.49309839638173,0,4.097673349982624,0,Normal,Critical!!,Normal,Critical!!
2026-05-27 11:57:05.689935,77.27516351113887,0,3.3134143162881613,0,Normal,Critical!!,Warning,Critical!!
2026-05-27 11:57:06.691538,77.12470430215038,0,4.588719163503854,0,Normal,Critical!!,Normal,Critical!!
2026-05-27 11:57:07.692722,76.7183747732892,0,3.843583318473134,0,Normal,Critical!!,Normal,Critical!!
2026-05-27 11:57:08.694218,76.379920023777,0,4.278654878159383,0,Normal,Critical!!,Normal,Critical!!
2026-05-27 11:57:09.695501,75.95366889381677,0,3.59125885162289,0,Normal,Critical!!,Warning,Critical!!
2026-05-27 11:57:10.696966,75.72367274929499,0,3.732531130003931,0,Normal,Critical!!,Normal,Critical!!
2026-05-27 11:57:11.698690,75.2390709053243,0,4.630935386677269,0,Normal,Critical!!,Normal,Critical!!
2026-05-27 11:57:12.700255,75.04210691076571,0,4.277804520532889,0,Normal,Critical!!,Normal,Critical!!
2026-05-27 11:57:13.701803,74.56754304340937,0,4.594255980169437,0,Normal,Critical!!,Normal,Critical!!
2026-05-27 11:57:14.702987,74.44398118206377,0,4.497146945013105,0,Normal,Critical!!,Normal,Critical!!
2026-05-27 11:57:15.704603,74.1188188150422,0,3.897304199579188,0,Normal,Critical!!,Normal,Critical!!
2026-05-27 11:57:16.706188,73.94126118321533,0,3.90419713945296,0,Normal,Critical!!,Normal,Critical!!
2026-05-27 11:57:17.707566,73.819319467058,0,3.564150169159495,0,Normal,Critical!!,Warning,Critical!!
2026-05-27 11:57:18.709290,73.65995160907121,0,4.694978884027627,0,Normal,Critical!!,Normal,Critical!!
2026-05-27 11:57:19.710623,73.33618524422545,0,3.5982402104995614,0,Normal,Critical!!,Warning,Critical!!
2026-05-27 11:57:20.712381,72.8427897135161,0,3.3281112344340853,0,Normal,Critical!!,Warning,Critical!!
2026-05-27 11:57:21.713923,72.4771220570571,0,4.37486896242485,0,Normal,Critical!!,Normal,Critical!!
2026-05-27 11:57:22.715347,72.20230303332083,0,4.485947897794789,0,Normal,Critical!!,Normal,Critical!!
2026-05-27 11:57:23.717061,71.7982850644508,0,3.5376347457191293,0,Normal,Critical!!,Warning,Critical!!
2026-05-27 11:57:24.718828,71.43793763773118,0,3.8499249384289476,0,Normal,Critical!!,Normal,Critical!!
2026-05-27 11:57:25.720017,71.15356638863254,0,4.439343734868252,0,Normal,Critical!!,Normal,Critical!!
2026-05-27 11:57:26.721798,70.80313582535035,0,3.836361954109714,0,Normal,Critical!!,Normal,Critical!!
2026-05-27 11:57:27.723255,70.33349659943562,0,4.588682296911937,0,Normal,Critical!!,Normal,Critical!!
2026-05-27 11:57:28.724822,70.0401026574627,0,4.394938966323231,0,Normal,Critical!!,Normal,Critical!!
2026-05-27 11:57:29.726248,69.55768751430695,0,4.33988833171158,0,Normal,Critical!!,Normal,Critical!!
2026-05-27 11:57:30.727530,69.08443697576153,0,3.9483312341961754,0,Normal,Critical!!,Normal,Critical!!
2026-05-27 11:57:31.729308,68.72382604579907,0,3.4845805124398064,0,Normal,Critical!!,Warning,Critical!!
2026-05-27 11:57:32.731167,68.3944445650202,0,4.468256321818876,0,Normal,Critical!!,Normal,Critical!!
2026-05-27 11:57:33.732985,68.25055295150887,0,3.663177495821313,0,Normal,Critical!!,Normal,Critical!!
2026-05-27 11:57:34.734735,67.91169782710706,0,3.60129134046455,0,Normal,Critical!!,Normal,Critical!!
2026-05-27 11:57:35.736128,67.79361473686089,0,4.664239601915694,0,Normal,Critical!!,Normal,Critical!!
2026-05-27 11:57:36.737512,67.48863629842333,0,4.451052120848336,0,Normal,Critical!!,Normal,Critical!!
2026-05-27 11:57:37.738931,67.28822114974456,0,3.9061530046712045,0,Normal,Critical!!,Normal,Critical!!
2026-05-27 11:57:38.740623,67.08353175342083,0,4.5269504910248255,0,Normal,Critical!!,Normal,Critical!!
2026-05-27 11:57:39.742148,66.82289403536357,0,4.606408538469114,0,Normal,Critical!!,Normal,Critical!!
2026-05-27 11:57:40.743993,66.62816799838673,0,4.68295934278725,0,Normal,Critical!!,Normal,Critical!!
2026-05-27 11:57:41.746139,66.1432808339017,0,3.7110165696769055,0,Normal,Critical!!,Normal,Critical!!
2026-05-27 11:57:42.747293,65.9390310114545,0,4.411754132409574,0,Normal,Critical!!,Normal,Critical!!
2026-05-27 11:57:43.748445,65.64435320065922,0,3.6332686888583865,0,Normal,Critical!!,Normal,Critical!!
2026-05-27 11:57:44.750017,65.17281292186566,0,4.55258593000893,0,Normal,Critical!!,Normal,Critical!!
2026-05-27 11:57:45.751695,64.84639530145881,0,3.8367535240316264,0,Normal,Critical!!,Normal,Critical!!
2026-05-27 11:57:46.753526,64.46257468424781,0,4.6144271743716505,0,Normal,Critical!!,Normal,Critical!!
2026-05-27 11:57:48.502539,64.24509802243081,0,4.679865072092781,0,Normal,Critical!!,Normal,Critical!!
2026-05-27 11:57:49.503980,64.09568024015834,0,3.4883612638596633,0,Normal,Critical!!,Warning,Critical!!
2026-05-27 11:57:50.505992,63.978213833360165,0,4.633126214517782,0,Normal,Critical!!,Normal,Critical!!
2026-05-27 11:57:51.507605,63.57404388526983,0,3.7697145378984813,0,Normal,Critical!!,Normal,Critical!!
2026-05-27 11:57:52.508933,63.12035076495403,0,4.215214324842325,0,Normal,Critical!!,Normal,Critical!!
2026-05-27 11:57:53.510334,62.64855072439446,0,3.6293817160441955,0,Normal,Critical!!,Normal,Critical!!
2026-05-27 11:57:54.512139,62.31213681037461,0,3.5335507097629986,0,Normal,Critical!!,Warning,Critical!!
2026-05-27 11:57:55.513971,61.89367135218168,0,4.37373620566025,0,Normal,Critical!!,Normal,Critical!!
2026-05-27 11:57:56.515435,61.730568302352246,0,3.8203748866866114,0,Normal,Critical!!,Normal,Critical!!
2026-05-27 11:57:57.517233,61.398137425624675,0,3.5455245911571946,0,Normal,Critical!!,Warning,Critical!!
2026-05-27 11:57:58.518868,61.12209352746742,0,4.333363842349368,0,Normal,Critical!!,Normal,Critical!!
2026-05-27 11:57:59.520508,60.73834019690721,0,3.615208502418022,0,Normal,Critical!!,Normal,Critical!!
2026-05-27 11:58:00.522428,60.438435805856415,0,4.090031522642921,0,Normal,Critical!!,Normal,Critical!!
2026-05-27 11:58:01.524060,60.05188074556261,0,4.817992512726016,0,Normal,Critical!!,Normal,Critical!!
2026-05-27 11:58:02.525985,59.7397532607551,0,4.152486922608489,0,Normal,Critical!!,Normal,Critical!!
2026-05-27 11:58:03.527540,59.33802275399198,0,3.514081845309659,0,Normal,Critical!!,Warning,Critical!!
2026-05-27 11:58:04.529183,58.84961149286215,0,4.262847204280111,0,Normal,Critical!!,Normal,Critical!!
2026-05-27 11:58:05.531246,58.41682991886463,0,4.473737813985364,0,Normal,Critical!!,Normal,Critical!!
2026-05-27 11:58:06.533343,58.12273316960102,0,4.229715437357659,0,Normal,Critical!!,Normal,Critical!!
2026-05-27 11:58:07.535156,57.74297279311935,0,3.915816374545638,0,Normal,Critical!!,Normal,Critical!!
2026-05-27 11:58:08.537262,57.30569317267824,0,4.445518970767588,0,Normal,Critical!!,Normal,Critical!!
2026-05-27 11:58:09.538969,56.9943479776488,0,4.149353022481403,0,Normal,Critical!!,Normal,Critical!!
2026-05-27 11:58:10.540678,56.73168234602523,0,4.495612491055054,0,Normal,Critical!!,Normal,Critical!!
2026-05-27 11:58:11.542501,56.62884335837167,0,4.447193632350617,0,Normal,Critical!!,Normal,Critical!!
2026-05-27 11:58:12.544156,56.42080811153267,0,4.16426427099336,0,Normal,Critical!!,Normal,Critical!!
2026-05-27 11:58:13.546007,55.99224800088825,0,3.7721813915343505,0,Normal,Critical!!,Normal,Critical!!
2026-05-27 11:58:14.547939,55.68977838094147,0,3.7348434913190074,0,Normal,Critical!!,Normal,Critical!!
2026-05-27 11:58:15.549689,55.4763693356803,0,3.5217496609226844,0,Normal,Critical!!,Warning,Critical!!
2026-05-27 11:58:16.551283,55.35637834775418,0,3.347603463232768,0,Normal,Critical!!,Warning,Critical!!
2026-05-27 11:58:17.553796,54.887603030898994,0,3.539950709007662,0,Normal,Critical!!,Warning,Critical!!
2026-05-27 11:58:18.555386,54.54429836163769,0,4.149943799596168,0,Normal,Critical!!,Normal,Critical!!
2026-05-27 11:58:19.557403,54.25653729737325,0,4.942822149509038,0,Normal,Critical!!,Normal,Critical!!
2026-05-27 11:58:20.558884,54.097714064265745,0,3.852182816584042,0,Normal,Critical!!,Normal,Critical!!
2026-05-27 11:58:21.560983,53.81758155544416,0,4.039144845858381,0,Normal,Critical!!,Normal,Critical!!
2026-05-27 11:58:22.563124,53.327612627909545,0,3.8637626741974045,0,Normal,Critical!!,Normal,Critical!!
2026-05-27 11:58:23.565004,53.065998444078176,0,3.4234725102501917,0,Normal,Critical!!,Warning,Critical!!
2026-05-27 11:58:24.566595,52.647683546532654,0,3.9950517213904444,0,Normal,Critical!!,Normal,Critical!!
2026-05-27 11:58:25.568453,52.53950648764901,0,4.947943186325958,0,Normal,Critical!!,Normal,Critical!!
2026-05-27 11:58:26.570376,52.3101709132435,0,3.825508587504838,0,Normal,Critical!!,Normal,Critical!!
2026-05-27 11:58:27.572144,51.826288123707386,0,4.512747279280346,0,Normal,Critical!!,Normal,Critical!!
2026-05-27 11:58:28.574112,51.70186416377159,0,4.2876179740868245,0,Normal,Critical!!,Normal,Critical!!
2026-05-27 11:58:29.576029,51.22240554781901,0,3.5827914654506023,0,Normal,Critical!!,Warning,Critical!!
2026-05-27 11:58:30.578068,50.89328350495232,0,3.388590016258516,0,Normal,Critical!!,Warning,Critical!!
2026-05-27 11:58:31.579853,50.412640621891335,0,3.787724484910304,0,Normal,Critical!!,Normal,Critical!!
2026-05-27 11:58:32.581818,50.209242111467695,0,4.268752678919665,0,Normal,Critical!!,Normal,Critical!!
2026-05-27 11:58:33.583625,50.0538349206706,0,3.7424185458613954,0,Normal,Critical!!,Normal,Critical!!
2026-05-27 11:58:34.585162,49.61969866002475,0,4.137435771200396,0,Normal,Critical!!,Normal,Critical!!
2026-05-27 11:58:35.586672,49.41927398904687,0,4.671177650294731,0,Normal,Critical!!,Normal,Critical!!
2026-05-27 11:58:36.588330,49.27932295296961,0,4.148602778832486,0,Normal,Critical!!,Normal,Critical!!
2026-05-27 11:58:37.590499,49.08214800382448,0,4.3371824430343064,0,Normal,Critical!!,Normal,Critical!!
2026-05-27 11:58:38.591983,48.731687035680594,0,3.489823214267184,0,Normal,Critical!!,Warning,Critical!!
2026-05-27 11:58:39.594040,48.37239752322413,0,4.023466503357589,0,Normal,Critical!!,Normal,Critical!!
2026-05-27 11:58:40.595872,48.23400401361861,0,3.978706930006236,0,Normal,Critical!!,Normal,Critical!!
2026-05-27 11:58:41.598053,47.81322854317452,0,4.412253326222841,0,Normal,Critical!!,Normal,Critical!!
2026-05-27 11:58:42.599494,47.52786060419648,0,4.909827539769291,0,Normal,Critical!!,Normal,Critical!!
2026-05-27 11:58:43.601477,47.42741102296065,0,4.718862002638964,0,Normal,Critical!!,Normal,Critical!!
2026-05-27 11:58:44.603772,47.27366660061962,0,4.44649912188434,0,Normal,Critical!!,Normal,Critical!!
2026-05-27 11:58:45.605767,46.80509450330117,0,4.505594849765777,0,Normal,Critical!!,Normal,Critical!!
2026-05-27 11:58:46.607326,46.50486604064862,0,3.6889798985739515,0,Normal,Critical!!,Normal,Critical!!
2026-05-27 11:58:47.609014,46.15542282883888,0,4.412063533231563,0,Normal,Critical!!,Normal,Critical!!
2026-05-27 11:58:48.610796,45.73698116373177,0,3.3648698983751224,0,Normal,Critical!!,Warning,Critical!!
2026-05-27 11:58:49.612043,45.34968117973116,0,3.818916555968758,0,Normal,Critical!!,Normal,Critical!!
2026-05-27 11:58:50.613644,44.99434983873495,0,3.782690792889486,0,Normal,Critical!!,Normal,Critical!!
2026-05-27 11:58:51.615287,44.85264441517173,0,4.487223032690044,0,Normal,Critical!!,Normal,Critical!!
2026-05-27 11:58:52.616810,44.56681378786306,0,4.86055924316147,0,Normal,Critical!!,Normal,Critical!!
2026-05-27 11:58:53.618537,44.20276854242354,0,4.9842480353052485,0,Normal,Critical!!,Normal,Critical!!
2026-05-27 11:58:54.620379,43.83455902515585,0,4.966754629293021,0,Normal,Critical!!,Normal,Critical!!
2026-05-27 11:58:55.622216,43.557608121972336,0,4.496690631422672,0,Normal,Critical!!,Normal,Critical!!
2026-05-27 11:58:56.624423,43.35670504653289,0,4.503484318196745,0,Normal,Critical!!,Normal,Critical!!
2026-05-27 11:58:57.626029,42.99387087598055,0,3.4536329888726542,0,Normal,Critical!!,Warning,Critical!!
2026-05-27 11:58:58.627551,42.52190394452587,0,4.449735231740391,0,Normal,Critical!!,Normal,Critical!!
2026-05-27 11:58:59.629207,42.24184592451146,0,3.557595149920571,0,Normal,Critical!!,Warning,Critical!!
2026-05-27 11:59:00.630590,41.99163921975561,0,4.833574326656476,0,Normal,Critical!!,Normal,Critical!!
2026-05-27 11:59:01.632123,41.85804701194565,0,3.7549726753716954,0,Normal,Critical!!,Normal,Critical!!
2026-05-27 11:59:02.633886,41.45658008563775,0,4.699503675324482,0,Normal,Critical!!,Normal,Critical!!
2026-05-27 11:59:03.635647,41.2260544760872,0,4.118585580741733,0,Normal,Critical!!,Normal,Critical!!
2026-05-27 11:59:04.636684,41.0157461087173,0,4.564942761309748,0,Normal,Critical!!,Normal,Critical!!
2026-05-27 11:59:05.638248,40.519738963626395,0,4.783297585726187,0,Normal,Critical!!,Normal,Critical!!
2026-05-27 11:59:06.639915,40.197559774457794,0,4.862918452811445,0,Normal,Critical!!,Normal,Critical!!
2026-05-27 11:59:07.641561,39.88363435972607,0,4.284983624469797,0,Normal,Critical!!,Normal,Critical!!
2026-05-27 11:59:08.643294,39.62355876963884,0,3.9836382710118317,0,Normal,Critical!!,Normal,Critical!!
2026-05-27 11:59:09.645220,39.48563099244649,0,4.431330990902981,0,Normal,Critical!!,Normal,Critical!!
2026-05-27 11:59:10.646584,39.03340044702127,0,4.542508092066113,0,Normal,Critical!!,Normal,Critical!!
2026-05-27 11:59:11.647787,38.83339748266397,0,4.665340747492907,0,Normal,Critical!!,Normal,Critical!!
2026-05-27 11:59:12.649591,38.67704927784668,0,3.4008781864231628,0,Normal,Critical!!,Warning,Critical!!
2026-05-27 11:59:13.651285,38.180827263405135,0,3.9507565741165775,0,Normal,Critical!!,Normal,Critical!!
2026-05-27 11:59:14.653102,37.86871919013645,0,4.882895639946792,0,Normal,Critical!!,Normal,Critical!!
2026-05-27 11:59:15.654764,37.4190144074339,0,3.9530597302007364,0,Normal,Critical!!,Normal,Critical!!
2026-05-27 11:59:17.311041,37.08464381811969,0,3.483335179155845,0,Normal,Critical!!,Warning,Critical!!
2026-05-27 11:59:18.312537,36.981647544654095,0,4.403997937159501,0,Normal,Critical!!,Normal,Critical!!
2026-05-27 11:59:19.314061,36.584622156615424,0,4.4885041713365395,0,Normal,Critical!!,Normal,Critical!!
2026-05-27 11:59:20.315674,36.2648045924205,0,4.841774277128947,0,Normal,Critical!!,Normal,Critical!!
2026-05-27 11:59:21.317237,36.05084910394667,0,3.6916968227255347,0,Normal,Critical!!,Normal,Critical!!
2026-05-27 11:59:22.318915,35.884170654895065,0,4.831299980771311,0,Normal,Critical!!,Normal,Critical!!
2026-05-27 11:59:23.320756,35.72308481183458,0,3.513136941220219,0,Normal,Critical!!,Warning,Critical!!
2026-05-27 11:59:24.322634,35.47545481184659,0,4.303922242451015,0,Normal,Critical!!,Normal,Critical!!
2026-05-27 11:59:25.324188,35.08793898781796,0,3.7961496425002186,0,Normal,Critical!!,Normal,Critical!!
2026-05-27 11:59:27.313973,34.9722413561812,0,4.986377236922314,0,Normal,Critical!!,Normal,Critical!!
2026-05-27 11:59:28.315589,34.576810674995315,0,3.9519944064722172,0,Normal,Critical!!,Normal,Critical!!
2026-05-27 11:59:29.317573,34.271856730364384,0,3.6080784988771,0,Normal,Critical!!,Normal,Critical!!
2026-05-27 11:59:30.319119,33.781133923849374,0,3.3369627991619355,0,Normal,Critical!!,Warning,Critical!!
2026-05-27 11:59:31.320796,33.568986174552236,0,4.96324754894812,0,Normal,Critical!!,Normal,Critical!!
2026-05-27 11:59:32.322658,33.448710796719816,0,4.3590205781783755,0,Normal,Critical!!,Normal,Critical!!
2026-05-27 11:59:33.324009,33.188972416745095,0,4.775488284973243,0,Normal,Critical!!,Normal,Critical!!
2026-05-27 11:59:34.325922,32.93945705617085,0,4.305558005202533,0,Normal,Critical!!,Normal,Critical!!
2026-05-27 11:59:35.327589,32.466035820016074,0,4.317741390396057,0,Normal,Critical!!,Normal,Critical!!
2026-05-27 11:59:36.329172,32.04727418358971,0,4.672778651209027,0,Normal,Critical!!,Normal,Critical!!
2026-05-27 11:59:37.330821,31.606805428718435,0,4.50738480736735,0,Normal,Critical!!,Normal,Critical!!
2026-05-27 11:59:38.332518,31.291260008816185,0,3.974394085241957,0,Normal,Critical!!,Normal,Critical!!
2026-05-27 11:59:39.334306,31.012293400635212,0,4.950277028428979,0,Normal,Critical!!,Normal,Critical!!
2026-05-27 11:59:40.336163,30.55865336424905,0,4.778632582254904,0,Normal,Critical!!,Normal,Critical!!
2026-05-27 11:59:41.337861,30.069405053257633,0,4.536690126382504,0,Normal,Critical!!,Normal,Critical!!
2026-05-27 11:59:42.339991,29.64189827067144,0,4.873523860957398,0,Normal,Critical!!,Normal,Critical!!
2026-05-27 11:59:43.341618,29.40573091880558,0,3.62037487067723,0,Normal,Critical!!,Normal,Critical!!
2026-05-27 11:59:44.343664,28.969538754042325,0,3.5774710064537443,0,Normal,Critical!!,Warning,Critical!!
2026-05-27 11:59:45.345777,28.538617390287484,0,3.4064472395339944,0,Normal,Critical!!,Warning,Critical!!
2026-05-27 11:59:46.347317,28.24777082437009,0,3.933546503940974,0,Normal,Critical!!,Normal,Critical!!
2026-05-27 11:59:47.349063,27.91812588058856,0,4.930639291272074,0,Normal,Critical!!,Normal,Critical!!
2026-05-27 11:59:48.350490,27.80672568107459,0,4.915681296536353,0,Normal,Critical!!,Normal,Critical!!
2026-05-27 11:59:49.352376,27.645894292446886,0,3.627488245615631,0,Normal,Critical!!,Normal,Critical!!
2026-05-27 11:59:50.353880,27.530144965288073,0,4.32692975833805,0,Normal,Critical!!,Normal,Critical!!
2026-05-27 11:59:51.355490,27.246560745415522,0,4.330356655267623,0,Normal,Critical!!,Normal,Critical!!
2026-05-27 11:59:52.356807,27.10604426482594,0,4.452619873876834,0,Normal,Critical!!,Normal,Critical!!
2026-05-27 11:59:53.358251,26.665207726721132,0,4.390325152056445,0,Normal,Critical!!,Normal,Critical!!
2026-05-27 11:59:54.360158,26.206236104971858,0,3.70221361192523,0,Normal,Critical!!,Normal,Critical!!
2026-05-27 11:59:55.361700,25.84151563528719,0,3.891140828567805,0,Normal,Critical!!,Normal,Critical!!
2026-05-27 11:59:56.363375,25.3723672692875,0,4.7565064700406,0,Normal,Critical!!,Normal,Critical!!
2026-05-27 11:59:57.364930,24.944703512956785,0,4.978865614280138,0,Normal,Critical!!,Normal,Critical!!
2026-05-27 11:59:58.366691,24.50437545045697,0,4.05175209294031,0,Normal,Critical!!,Normal,Critical!!
2026-05-27 11:59:59.367982,24.151869478391397,0,3.9044564395270096,0,Normal,Critical!!,Normal,Critical!!
2026-05-27 12:00:00.369262,23.88581659505784,0,4.257130183967534,0,Normal,Critical!!,Normal,Critical!!
2026-05-27 12:00:01.370480,23.636297607683584,0,4.941253842132315,0,Normal,Critical!!,Normal,Critical!!
2026-05-27 12:00:02.372475,23.211738608518296,0,4.1331774218241994,0,Normal,Critical!!,Normal,Critical!!
2026-05-27 12:00:03.374334,22.83571243171935,0,4.195359704793573,0,Normal,Critical!!,Normal,Critical!!
2026-05-27 12:00:04.375782,22.635588374996228,0,4.696374032503889,0,Normal,Critical!!,Normal,Critical!!
2026-05-27 12:00:05.377259,22.486016725411787,0,3.3252675194037926,0,Normal,Critical!!,Warning,Critical!!
2026-05-27 12:00:06.379083,22.068199164519015,0,4.714666335796767,0,Normal,Critical!!,Normal,Critical!!
2026-05-27 12:00:07.380807,21.575269160739843,0,3.346962072946948,0,Normal,Critical!!,Warning,Critical!!
2026-05-27 12:00:08.382369,21.220684010003712,0,3.929609778694155,0,Normal,Critical!!,Normal,Critical!!
2026-05-27 12:00:09.383831,21.087754393047817,0,4.428635025120916,0,Normal,Critical!!,Normal,Critical!!
2026-05-27 12:00:10.385386,20.658811354795652,0,3.872443840010707,0,Normal,Critical!!,Normal,Critical!!
2026-05-27 12:00:11.387412,20.18998107876002,0,3.407424043939261,0,Normal,Critical!!,Warning,Critical!!
2026-05-27 12:00:12.388721,19.89040893246312,0,3.3987541013679654,0,Normal,Critical!!,Warning,Critical!!
2026-05-27 12:00:13.390394,20.389463957220467,0,3.4118428614025356,0,Normal,Critical!!,Warning,Critical!!
2026-05-27 12:00:14.392103,20.732880810403174,0,4.337960137031808,0,Normal,Critical!!,Normal,Critical!!
2026-05-27 12:00:15.393566,21.168554224623826,0,4.110137075318593,0,Normal,Critical!!,Normal,Critical!!
2026-05-27 12:00:16.395115,21.417431417627068,0,4.766487819999342,0,Normal,Critical!!,Normal,Critical!!
2026-05-27 12:00:17.396641,21.79740368381995,0,3.5956932538046176,0,Normal,Critical!!,Warning,Critical!!
2026-05-27 12:00:18.398234,22.198704764870335,0,4.199103595739247,0,Normal,Critical!!,Normal,Critical!!
2026-05-27 12:00:19.400249,22.68679024578842,0,3.938621193937682,0,Normal,Critical!!,Normal,Critical!!
2026-05-27 12:00:20.401692,23.112859457305365,0,4.496707217828673,0,Normal,Critical!!,Normal,Critical!!
2026-05-27 12:00:21.403438,23.404773420307784,0,3.9639380833627613,0,Normal,Critical!!,Normal,Critical!!
2026-05-27 12:00:22.405060,23.56604398937713,0,4.111538213065979,0,Normal,Critical!!,Normal,Critical!!
2026-05-27 12:00:23.406780,23.72305677853983,0,4.30043213388604,0,Normal,Critical!!,Normal,Critical!!
2026-05-27 12:00:24.408599,24.051630455631514,0,4.702236710759237,0,Normal,Critical!!,Normal,Critical!!
2026-05-27 12:00:25.410234,24.247659706792405,0,3.963375890157722,0,Normal,Critical!!,Normal,Critical!!
2026-05-27 12:00:26.412379,24.662125459196986,0,4.140760408321078,0,Normal,Critical!!,Normal,Critical!!
2026-05-27 12:00:27.413751,24.774194468555145,0,4.379234547395971,0,Normal,Critical!!,Normal,Critical!!
2026-05-27 12:00:28.415473,25.261583687728834,0,4.470203003329136,0,Normal,Critical!!,Normal,Critical!!
2026-05-27 12:00:29.417108,25.547782246319155,0,3.6668378664650034,0,Normal,Critical!!,Normal,Critical!!
2026-05-27 12:00:30.418087,26.015675796658247,0,3.3894046758307095,0,Normal,Critical!!,Warning,Critical!!
2026-05-27 12:00:31.419345,26.207088619798505,0,3.602114251773267,0,Normal,Critical!!,Normal,Critical!!
2026-05-27 12:00:32.420854,26.32153262163133,0,4.382170560765276,0,Normal,Critical!!,Normal,Critical!!
2026-05-27 12:00:33.422564,26.806668612271444,0,3.707619749783494,0,Normal,Critical!!,Normal,Critical!!
2026-05-27 12:00:34.424371,26.95653234738442,0,4.199454042096319,0,Normal,Critical!!,Normal,Critical!!
2026-05-27 12:00:35.426403,27.40190542215024,0,4.694321573380007,0,Normal,Critical!!,Normal,Critical!!
2026-05-27 12:00:36.427803,27.642177546088625,0,4.969520758335088,0,Normal,Critical!!,Normal,Critical!!
2026-05-27 12:00:37.430095,27.863395149283523,0,4.178424240230884,0,Normal,Critical!!,Normal,Critical!!
2026-05-27 12:00:38.431884,28.120025706803663,0,4.260582430949119,0,Normal,Critical!!,Normal,Critical!!
2026-05-27 12:00:39.433749,28.607090398509893,0,4.791280114093561,0,Normal,Critical!!,Normal,Critical!!
2026-05-27 12:00:40.435313,28.948120883939747,0,4.0465417247845235,0,Normal,Critical!!,Normal,Critical!!
2026-05-27 12:00:41.436942,29.138096598102525,0,3.3963862987111595,0,Normal,Critical!!,Warning,Critical!!
2026-05-27 12:00:42.438852,29.381635039543212,0,4.9007894624864194,0,Normal,Critical!!,Normal,Critical!!
2026-05-27 12:00:43.440434,29.70018195808509,0,4.073595619253525,0,Normal,Critical!!,Normal,Critical!!
2026-05-27 12:00:44.441940,30.093111181558193,0,3.5422788579364655,0,Normal,Critical!!,Warning,Critical!!
2026-05-27 12:00:45.443084,30.322272994143173,0,4.381661417514499,0,Normal,Critical!!,Normal,Critical!!
2026-05-27 12:00:46.444445,30.820490742206378,0,3.3976168344192477,0,Normal,Critical!!,Warning,Critical!!
2026-05-27 12:00:47.446139,31.25335934306324,0,3.585816673698957,0,Normal,Critical!!,Warning,Critical!!
2026-05-27 12:00:48.447743,31.561067491019546,0,4.128656160289732,0,Normal,Critical!!,Normal,Critical!!
2026-05-27 12:00:49.449691,32.03355000189225,0,4.4235414513357965,0,Normal,Critical!!,Normal,Critical!!
2026-05-27 12:00:50.451384,32.30449834178002,0,3.3386691580473236,0,Normal,Critical!!,Warning,Critical!!
2026-05-27 12:00:51.453017,32.632047314065865,0,3.687134885805694,0,Normal,Critical!!,Normal,Critical!!
2026-05-27 12:00:52.454447,33.10023665017512,0,3.301283026381756,0,Normal,Critical!!,Warning,Critical!!
2026-05-27 12:00:53.455993,33.43401845362642,0,4.01068176591331,0,Normal,Critical!!,Normal,Critical!!
2026-05-27 12:00:54.457583,33.88400655229116,0,4.127603136808001,0,Normal,Critical!!,Normal,Critical!!
2026-05-27 12:00:55.459049,34.06156474587412,0,3.5882321966033057,0,Normal,Critical!!,Warning,Critical!!
2026-05-27 12:00:56.460832,34.366649766878155,0,4.9312031500406155,0,Normal,Critical!!,Normal,Critical!!
2026-05-27 12:00:57.462069,34.66420524905136,0,4.1326787907341975,0,Normal,Critical!!,Normal,Critical!!
2026-05-27 12:00:58.463812,34.98541737522135,0,3.938972721747052,0,Normal,Critical!!,Normal,Critical!!
2026-05-27 12:00:59.465608,35.401056603755464,0,3.610788230253222,0,Normal,Critical!!,Normal,Critical!!
2026-05-27 12:01:00.467254,35.7969824117047,0,3.628641424914296,0,Normal,Critical!!,Normal,Critical!!
2026-05-27 12:01:01.468686,36.007360674680804,0,4.722682682635105,0,Normal,Critical!!,Normal,Critical!!
2026-05-27 12:01:02.470505,36.42265184170151,0,4.100767095944403,0,Normal,Critical!!,Normal,Critical!!
2026-05-27 12:01:03.472078,36.78641652815722,0,4.4205350471883,0,Normal,Critical!!,Normal,Critical!!
2026-05-27 12:01:04.473772,37.14750286163834,0,3.4161848927836123,0,Normal,Critical!!,Warning,Critical!!
2026-05-27 12:01:05.475918,37.41856681984444,0,4.482765144961562,0,Normal,Critical!!,Normal,Critical!!
2026-05-27 12:01:06.477684,37.714626467709024,0,4.144400712517636,0,Normal,Critical!!,Normal,Critical!!
2026-05-27 12:01:07.479518,38.067193459352595,0,4.516007120352944,0,Normal,Critical!!,Normal,Critical!!
2026-05-27 12:01:08.481425,38.28785142076841,0,4.505528759316316,0,Normal,Critical!!,Normal,Critical!!
2026-05-27 12:01:09.483198,38.49041250654229,0,4.860724228503024,0,Normal,Critical!!,Normal,Critical!!
2026-05-27 12:01:10.484675,38.696041073369976,0,4.290027659971504,0,Normal,Critical!!,Normal,Critical!!
2026-05-27 12:01:11.485892,38.94868890305633,0,4.7332071362694474,0,Normal,Critical!!,Normal,Critical!!
2026-05-27 12:01:12.487584,39.41982890358074,0,4.607173732136798,0,Normal,Critical!!,Normal,Critical!!
2026-05-27 12:01:13.489187,39.68913871048852,0,4.375423629407244,0,Normal,Critical!!,Normal,Critical!!
2026-05-27 12:01:14.490675,40.14700193224615,0,3.3868638273025216,0,Normal,Critical!!,Warning,Critical!!
2026-05-27 12:01:15.492510,40.54707685648263,0,4.078315120552308,0,Normal,Critical!!,Normal,Critical!!
2026-05-27 12:01:16.494368,40.681861368303686,0,4.628919081371007,0,Normal,Critical!!,Normal,Critical!!
2026-05-27 12:01:17.495733,40.95767131100395,0,4.327294004143358,0,Normal,Critical!!,Normal,Critical!!
2026-05-27 12:01:18.497524,41.20043598697971,0,4.985126358137415,0,Normal,Critical!!,Normal,Critical!!
2026-05-27 12:01:19.499361,41.668656452351016,0,4.594916397359472,0,Normal,Critical!!,Normal,Critical!!
2026-05-27 12:01:20.501105,41.77505263981039,0,4.192938991812474,0,Normal,Critical!!,Normal,Critical!!
2026-05-27 12:01:21.502854,42.07703015150104,0,4.1892825969673,0,Normal,Critical!!,Normal,Critical!!
2026-05-27 12:01:22.504536,42.521580835290976,0,4.992127945945117,0,Normal,Critical!!,Normal,Critical!!
2026-05-27 12:01:23.506420,42.849853195778294,0,3.5784892534395225,0,Normal,Critical!!,Warning,Critical!!
2026-05-27 12:01:24.507588,43.28938212457338,0,3.8590536275974094,0,Normal,Critical!!,Normal,Critical!!
2026-05-27 12:01:25.509491,43.433071659639154,0,3.937682988936408,0,Normal,Critical!!,Normal,Critical!!
2026-05-27 12:01:26.510945,43.73415388459905,0,3.5105671915205114,0,Normal,Critical!!,Warning,Critical!!
2026-05-27 12:01:27.512690,43.85924980342224,0,3.761283938320432,0,Normal,Critical!!,Normal,Critical!!
2026-05-27 12:01:28.514239,44.33570011954162,0,3.8130904462901265,0,Normal,Critical!!,Normal,Critical!!
2026-05-27 12:01:29.515966,44.7528652683418,0,3.583733363334426,0,Normal,Critical!!,Warning,Critical!!
2026-05-27 12:01:30.518224,44.97779945336989,0,4.691760420690523,0,Normal,Critical!!,Normal,Critical!!
2026-05-27 12:01:31.519890,45.324818252037765,0,4.75135327652704,0,Normal,Critical!!,Normal,Critical!!
2026-05-27 12:01:32.521754,45.66198369727581,0,3.829141339420466,0,Normal,Critical!!,Normal,Critical!!
2026-05-27 12:01:33.523597,45.98337413566638,0,3.6695378741193867,0,Normal,Critical!!,Normal,Critical!!
2026-05-27 12:01:34.525057,46.40871775783651,0,3.489536575187771,0,Normal,Critical!!,Warning,Critical!!
2026-05-27 12:01:35.526888,46.81206992111851,0,4.420757123103119,0,Normal,Critical!!,Normal,Critical!!
2026-05-27 12:01:36.528580,47.137292851797376,0,4.050338506705353,0,Normal,Critical!!,Normal,Critical!!
2026-05-27 12:01:37.530321,47.58633703557268,0,4.899567699442597,0,Normal,Critical!!,Normal,Critical!!
2026-05-27 12:01:38.531818,47.92989068213938,0,3.4608907628879146,0,Normal,Critical!!,Warning,Critical!!
2026-05-27 12:01:39.533689,48.26625198994209,0,4.822555344623167,0,Normal,Critical!!,Normal,Critical!!
2026-05-27 12:01:40.535469,48.712369105053995,0,3.5336164577036473,0,Normal,Critical!!,Warning,Critical!!
2026-05-27 12:01:41.537578,48.85295514145567,0,4.156121190530655,0,Normal,Critical!!,Normal,Critical!!
2026-05-27 12:01:42.539385,49.297928316436554,0,3.459335926052055,0,Normal,Critical!!,Warning,Critical!!
2026-05-27 12:01:43.541016,49.676463229565734,0,3.706547883231418,0,Normal,Critical!!,Normal,Critical!!
2026-05-27 12:01:44.542708,49.93338441375269,0,4.499197987827159,0,Normal,Critical!!,Normal,Critical!!
2026-05-27 12:01:45.544283,50.234296174717535,0,3.5694598421866215,0,Normal,Critical!!,Warning,Critical!!
2026-05-27 12:01:46.545826,50.34482723247338,0,4.445495760095437,0,Normal,Critical!!,Normal,Critical!!
2026-05-27 12:01:47.547471,50.82281054384051,0,3.3991540911650007,0,Normal,Critical!!,Warning,Critical!!
2026-05-27 12:01:48.548724,51.2372498767211,0,4.118552031354418,0,Normal,Critical!!,Normal,Critical!!
2026-05-27 12:01:49.550345,51.58415689086872,0,3.7675383683711714,0,Normal,Critical!!,Normal,Critical!!
2026-05-27 12:01:50.551909,52.03247377791486,0,3.6206279194488022,0,Normal,Critical!!,Normal,Critical!!
2026-05-27 12:01:51.553402,52.24087399034869,0,4.300768263465631,0,Normal,Critical!!,Normal,Critical!!
2026-05-27 12:01:52.555491,52.49381695268142,0,4.722450468335729,0,Normal,Critical!!,Normal,Critical!!
2026-05-27 12:01:53.557055,52.7027648102858,0,4.312110165505649,0,Normal,Critical!!,Normal,Critical!!
2026-05-27 12:01:54.558876,53.0234974571663,0,4.041171284744207,0,Normal,Critical!!,Normal,Critical!!
2026-05-27 12:01:55.560147,53.28805992107749,0,4.917557393865052,0,Normal,Critical!!,Normal,Critical!!
2026-05-27 12:01:56.561707,53.756929136066894,0,4.170591792878682,0,Normal,Critical!!,Normal,Critical!!
2026-05-27 12:01:57.563470,53.98069974253301,0,4.814697609147143,0,Normal,Critical!!,Normal,Critical!!
2026-05-27 12:01:58.564506,54.46872515232993,0,3.9555327486372276,0,Normal,Critical!!,Normal,Critical!!
2026-05-27 12:01:59.565586,54.70682010692876,0,4.487397190951099,0,Normal,Critical!!,Normal,Critical!!
2026-05-27 12:02:00.567087,55.07350218567581,0,3.390852926604287,0,Normal,Critical!!,Warning,Critical!!
2026-05-27 12:02:01.568643,55.386983203896975,0,3.8433384636743986,0,Normal,Critical!!,Normal,Critical!!
2026-05-27 12:02:02.570440,55.76468514993283,0,3.4353241454276535,0,Normal,Critical!!,Warning,Critical!!
2026-05-27 12:02:03.572013,56.21155233820735,0,3.5401063120920875,0,Normal,Critical!!,Warning,Critical!!
2026-05-27 12:02:04.573792,56.47080384076893,0,3.9990300819078466,0,Normal,Critical!!,Normal,Critical!!
2026-05-27 12:02:05.575533,56.798054257862006,0,4.842197537567165,0,Normal,Critical!!,Normal,Critical!!
2026-05-27 12:02:06.577091,56.943367272283886,0,3.6203292552614337,0,Normal,Critical!!,Normal,Critical!!
2026-05-27 12:02:07.578718,57.12077840563913,0,4.3321405102093715,0,Normal,Critical!!,Normal,Critical!!
2026-05-27 12:02:08.580443,57.30432280331399,0,4.2183956304410986,0,Normal,Critical!!,Normal,Critical!!
2026-05-27 12:02:09.581745,57.42256639354873,0,4.1518031034780485,0,Normal,Critical!!,Normal,Critical!!
2026-05-27 12:02:10.583674,57.52351473282497,0,3.637920880516724,0,Normal,Critical!!,Normal,Critical!!
2026-05-27 12:02:11.585473,57.91115312225084,0,4.344436902586767,0,Normal,Critical!!,Normal,Critical!!
2026-05-27 12:02:12.587353,58.4104047375025,0,4.6582875122366865,0,Normal,Critical!!,Normal,Critical!!
2026-05-27 12:02:13.589038,58.85951101802127,0,4.199291647248545,0,Normal,Critical!!,Normal,Critical!!
2026-05-27 12:02:14.590733,59.25153863480903,0,4.120260277612777,0,Normal,Critical!!,Normal,Critical!!
2026-05-27 12:02:15.592898,59.71477146248895,0,4.855701263181494,0,Normal,Critical!!,Normal,Critical!!
2026-05-27 12:02:16.594207,59.87270269535179,0,4.092274860460528,0,Normal,Critical!!,Normal,Critical!!
2026-05-27 12:02:17.596364,60.17264273987214,0,4.54757935188596,0,Normal,Critical!!,Normal,Critical!!
2026-05-27 12:02:18.597828,60.415685502186086,0,4.024395587748622,0,Normal,Critical!!,Normal,Critical!!
2026-05-27 12:02:19.599720,60.821512593046094,0,3.730642981708766,0,Normal,Critical!!,Normal,Critical!!
2026-05-27 12:02:20.601796,61.034354673869935,0,3.636311873204346,0,Normal,Critical!!,Normal,Critical!!
2026-05-27 12:02:21.603311,61.52154035940208,0,3.5907610293458734,0,Normal,Critical!!,Warning,Critical!!
2026-05-27 12:02:22.604554,61.82761996637432,0,3.8725800096925074,0,Normal,Critical!!,Normal,Critical!!
2026-05-27 12:02:23.606564,61.9603997185336,0,4.835190096488335,0,Normal,Critical!!,Normal,Critical!!
2026-05-27 12:02:24.608778,62.17793726247257,0,4.823431236503505,0,Normal,Critical!!,Normal,Critical!!
2026-05-27 12:02:25.610559,62.30416172781291,0,3.4555566500741275,0,Normal,Critical!!,Warning,Critical!!
2026-05-27 12:02:26.612102,62.77676966519705,0,4.275996907120899,0,Normal,Critical!!,Normal,Critical!!
2026-05-27 12:02:27.613833,63.13919233822946,0,4.295931148098198,0,Normal,Critical!!,Normal,Critical!!
2026-05-27 12:02:28.615454,63.240974527867394,0,4.628047271022746,0,Normal,Critical!!,Normal,Critical!!
2026-05-27 12:02:29.617131,63.41516647401037,0,4.415129243230737,0,Normal,Critical!!,Normal,Critical!!
2026-05-27 12:02:30.618529,63.53237562948123,0,3.7551248800642125,0,Normal,Critical!!,Normal,Critical!!
2026-05-27 12:02:31.619960,64.02146849622571,0,3.3679848029103483,0,Normal,Critical!!,Warning,Critical!!
2026-05-27 12:02:32.621671,64.38335861978506,0,4.690767331330415,0,Normal,Critical!!,Normal,Critical!!
2026-05-27 12:02:33.623235,64.67899537618942,0,4.858924952485143,0,Normal,Critical!!,Normal,Critical!!
2026-05-27 12:02:34.624559,65.06062748914125,0,3.862495458790236,0,Normal,Critical!!,Normal,Critical!!
2026-05-27 12:02:35.626199,65.3279898197906,0,4.676594732004277,0,Normal,Critical!!,Normal,Critical!!
2026-05-27 12:02:36.627643,65.50043188716649,0,3.693742367216922,0,Normal,Critical!!,Normal,Critical!!
2026-05-27 12:02:37.628793,65.7131899288584,0,3.6261080164806545,0,Normal,Critical!!,Normal,Critical!!
2026-05-27 12:02:38.630476,66.18437299662652,0,4.17198846404732,0,Normal,Critical!!,Normal,Critical!!
2026-05-27 12:02:39.631957,66.51364800942503,0,3.8468295422249037,0,Normal,Critical!!,Normal,Critical!!
2026-05-27 12:02:40.633311,66.70058897307867,0,4.659984998208394,0,Normal,Critical!!,Normal,Critical!!
2026-05-27 12:02:41.634888,67.13951449214319,0,3.5797928569292323,0,Normal,Critical!!,Warning,Critical!!
2026-05-27 12:02:42.636439,67.27589959529121,0,4.967791515175784,0,Normal,Critical!!,Normal,Critical!!
2026-05-27 12:02:43.637622,67.60644530874353,0,4.073068111356218,0,Normal,Critical!!,Normal,Critical!!
2026-05-27 12:02:44.639326,67.78957245130385,0,3.7820618529637113,0,Normal,Critical!!,Normal,Critical!!
2026-05-27 12:02:45.640945,68.26261874417945,0,4.978520333861466,0,Normal,Critical!!,Normal,Critical!!
2026-05-27 12:02:46.642665,68.48110725454589,0,4.6684966793142575,0,Normal,Critical!!,Normal,Critical!!
2026-05-27 12:02:47.644023,68.7423100429729,0,4.827351511807307,0,Normal,Critical!!,Normal,Critical!!
2026-05-27 12:02:48.646129,68.93277661934384,0,3.5252876453250632,0,Normal,Critical!!,Warning,Critical!!
2026-05-27 12:02:49.647618,69.27544133146742,0,4.422154220410013,0,Normal,Critical!!,Normal,Critical!!
2026-05-27 12:02:50.649496,69.43101177303421,0,4.902539511386818,0,Normal,Critical!!,Normal,Critical!!
2026-05-27 12:02:51.651294,69.53659255150487,0,4.126190386086652,0,Normal,Critical!!,Normal,Critical!!
2026-05-27 12:02:52.652747,69.77548945900446,0,3.87906146705835,0,Normal,Critical!!,Normal,Critical!!
2026-05-27 12:02:53.654974,70.06183996244727,0,3.9825148064674902,0,Normal,Critical!!,Normal,Critical!!
2026-05-27 12:02:54.656767,70.18080789093625,0,4.450828164962453,0,Normal,Critical!!,Normal,Critical!!
2026-05-27 12:02:55.658339,70.31401386223187,0,3.435283694609718,0,Normal,Critical!!,Warning,Critical!!
2026-05-27 12:02:56.659735,70.65938388565117,0,4.285579091561566,0,Normal,Critical!!,Normal,Critical!!
2026-05-27 12:02:57.661156,71.07098873415865,0,4.76153753243596,0,Normal,Critical!!,Normal,Critical!!
2026-05-27 12:02:58.662906,71.2497522406071,0,4.551141543881164,0,Normal,Critical!!,Normal,Critical!!
2026-05-27 12:02:59.664593,71.51493956659274,0,3.6808749056562435,0,Normal,Critical!!,Normal,Critical!!
2026-05-27 12:03:00.666356,71.73360352428767,0,4.436517726239242,0,Normal,Critical!!,Normal,Critical!!
2026-05-27 12:03:01.668249,71.95365166892299,0,4.453445788258395,0,Normal,Critical!!,Normal,Critical!!
2026-05-27 12:03:02.669874,72.30112462561361,0,3.6047859695415,0,Normal,Critical!!,Normal,Critical!!
2026-05-27 12:03:03.672967,72.64935931574806,0,4.696424535942807,0,Normal,Critical!!,Normal,Critical!!
2026-05-27 12:03:04.675108,73.06943842127438,0,4.993512523723116,0,Normal,Critical!!,Normal,Critical!!
2026-05-27 12:03:05.676960,73.27786998682295,0,3.674247446440809,0,Normal,Critical!!,Normal,Critical!!
2026-05-27 12:03:06.679175,73.406209138714,0,4.509232520804424,0,Normal,Critical!!,Normal,Critical!!
2026-05-27 12:03:07.681243,73.7575295916026,0,3.601473753961638,0,Normal,Critical!!,Normal,Critical!!
2026-05-27 12:03:08.683434,74.15988980747234,0,3.9604584663003863,0,Normal,Critical!!,Normal,Critical!!
2026-05-27 12:03:09.685554,74.31127130502549,0,4.999650493016609,0,Normal,Critical!!,Normal,Critical!!
2026-05-27 12:03:10.687603,74.76951515363177,0,4.913093866269534,0,Normal,Critical!!,Normal,Critical!!
2026-05-27 12:03:11.689740,74.93912661935656,0,4.733785091829314,0,Normal,Critical!!,Normal,Critical!!
2026-05-27 12:03:12.691184,75.30452540393581,0,4.24604272947873,0,Normal,Critical!!,Normal,Critical!!
2026-05-27 12:03:13.693254,75.48858336674931,0,4.76700604462061,0,Normal,Critical!!,Normal,Critical!!
2026-05-27 12:03:14.695283,75.74194216838892,0,4.641472799930177,0,Normal,Critical!!,Normal,Critical!!
2026-05-27 12:03:15.696950,75.92627147329915,0,3.4697698257567677,0,Normal,Critical!!,Warning,Critical!!
2026-05-27 12:03:16.699627,76.29833425944986,0,3.522454622565349,0,Normal,Critical!!,Warning,Critical!!
2026-05-27 12:03:17.702071,76.67398602097747,0,3.7390100567905886,0,Normal,Critical!!,Normal,Critical!!
2026-05-27 12:03:18.703532,77.16117922082191,0,4.5173808756360785,0,Normal,Critical!!,Normal,Critical!!
2026-05-27 12:03:19.705251,77.29578441510506,0,3.530030549929215,0,Normal,Critical!!,Warning,Critical!!
2026-05-27 12:03:20.707319,77.5026125281049,0,3.70130778472216,0,Normal,Critical!!,Normal,Critical!!
2026-05-27 12:03:21.709111,77.95761814316566,0,4.656512692268961,0,Normal,Critical!!,Normal,Critical!!
2026-05-27 12:03:22.711253,78.14588778911131,0,4.208920378826276,0,Normal,Critical!!,Normal,Critical!!
2026-05-27 12:03:23.712876,78.49155495018584,0,3.482732601798332,0,Normal,Critical!!,Warning,Critical!!
2026-05-27 12:03:24.714606,78.75865436027982,0,3.783920009107987,0,Normal,Critical!!,Normal,Critical!!
2026-05-27 12:03:25.716301,79.21734435265064,0,4.331036628485618,0,Normal,Critical!!,Normal,Critical!!
2026-05-27 12:03:26.717876,79.5061696535923,0,3.981085346765452,0,Normal,Critical!!,Normal,Critical!!
2026-05-27 12:03:27.719351,79.69747579358382,0,3.505311611117717,0,Normal,Critical!!,Warning,Critical!!
2026-05-27 12:03:28.720887,79.86286306247156,0,4.248881610110608,0,Normal,Critical!!,Normal,Critical!!
2026-05-27 12:03:29.722842,80.34975871956112,0,3.6333290913594585,0,Warning,Critical!!,Normal,Critical!!
2026-05-27 12:03:30.724256,80.09227288351879,0,4.185964409150742,0,Warning,Critical!!,Normal,Critical!!
2026-05-27 12:03:31.725913,79.7436504393474,0,4.5831761333429135,0,Normal,Critical!!,Normal,Critical!!
2026-05-27 12:03:32.727766,79.36542824569685,0,3.8568503000987047,0,Normal,Critical!!,Normal,Critical!!
2026-05-27 12:03:33.729250,79.26242998878062,0,3.4397993373519147,0,Normal,Critical!!,Warning,Critical!!
2026-05-27 12:03:34.730890,79.15497276995335,0,4.827126221471723,0,Normal,Critical!!,Normal,Critical!!
2026-05-27 12:03:35.732876,78.82105429560504,0,4.634648236079232,0,Normal,Critical!!,Normal,Critical!!
2026-05-27 12:03:36.734436,78.34155194456257,0,4.248476680766572,0,Normal,Critical!!,Normal,Critical!!
2026-05-27 12:03:37.736562,78.0782462284387,0,3.455643538325434,0,Normal,Critical!!,Warning,Critical!!
2026-05-27 12:03:38.737779,77.595761553328,0,4.070073707903598,0,Normal,Critical!!,Normal,Critical!!
2026-05-27 12:03:39.739101,77.42628383843999,0,4.470617848329194,0,Normal,Critical!!,Normal,Critical!!
2026-05-27 12:03:40.740808,77.26629350544528,0,4.977899124319261,0,Normal,Critical!!,Normal,Critical!!
2026-05-27 12:03:41.742542,77.1209787606049,0,4.777873511792959,0,Normal,Critical!!,Normal,Critical!!
2026-05-27 12:03:42.743664,76.84144164672986,0,4.865313856777728,0,Normal,Critical!!,Normal,Critical!!
2026-05-27 12:03:43.745238,76.57071234285901,0,4.557440857650352,0,Normal,Critical!!,Normal,Critical!!
2026-05-27 12:03:44.747218,76.18105226107329,0,3.8741882808964547,0,Normal,Critical!!,Normal,Critical!!
2026-05-27 12:03:45.748965,75.72778743516078,0,3.654678670646975,0,Normal,Critical!!,Normal,Critical!!
2026-05-27 12:03:46.750996,75.48034302235193,0,3.6924857514723075,0,Normal,Critical!!,Normal,Critical!!
2026-05-27 12:03:47.752940,75.19332141027442,0,4.656338708279581,0,Normal,Critical!!,Normal,Critical!!
2026-05-27 12:03:48.754503,74.81564124311319,0,4.730311163607624,0,Normal,Critical!!,Normal,Critical!!
2026-05-27 12:03:49.756254,74.43104438628535,0,4.248401509427033,0,Normal,Critical!!,Normal,Critical!!
2026-05-27 12:03:50.766547,74.05403611931992,0,3.894388520348514,0,Normal,Critical!!,Normal,Critical!!
2026-05-27 12:03:51.784881,73.71459672783065,0,3.5348755270301284,0,Normal,Critical!!,Warning,Critical!!
2026-05-27 12:03:52.795457,73.46946644518351,0,3.857637935980276,0,Normal,Critical!!,Normal,Critical!!
2026-05-27 12:03:53.805337,73.06299496321974,0,3.9807696040268565,0,Normal,Critical!!,Normal,Critical!!
2026-05-27 12:03:54.815716,72.84794138825255,0,3.715838361065693,0,Normal,Critical!!,Normal,Critical!!
2026-05-27 12:03:55.817628,72.48478502688425,0,4.797074051484623,0,Normal,Critical!!,Normal,Critical!!
2026-05-27 12:03:56.820331,72.03851122031459,0,4.727407403471196,0,Normal,Critical!!,Normal,Critical!!
2026-05-27 12:03:57.822346,71.77644145503034,0,3.9176090584936527,0,Normal,Critical!!,Normal,Critical!!
2026-05-27 12:03:58.824441,71.3584306564728,0,3.482260421970486,0,Normal,Critical!!,Warning,Critical!!
2026-05-27 12:03:59.826577,70.9623741609069,0,4.836209494298597,0,Normal,Critical!!,Normal,Critical!!
2026-05-27 12:04:00.828657,70.83619522544562,0,4.225233605218651,0,Normal,Critical!!,Normal,Critical!!
2026-05-27 12:04:01.831057,70.37731212900533,0,3.3024233860584533,0,Normal,Critical!!,Warning,Critical!!
2026-05-27 12:04:02.833477,70.02758472337517,0,3.9105792301038007,0,Normal,Critical!!,Normal,Critical!!
2026-05-27 12:04:03.836102,69.84012058821874,0,4.094994996395468,0,Normal,Critical!!,Normal,Critical!!
2026-05-27 12:04:04.838867,69.56902617566543,0,3.5298067530249284,0,Normal,Critical!!,Warning,Critical!!
2026-05-27 12:04:05.841385,69.41231501780975,0,3.7277217586601576,0,Normal,Critical!!,Normal,Critical!!
2026-05-27 12:04:06.843188,69.22846066197589,0,4.352978089785716,0,Normal,Critical!!,Normal,Critical!!
2026-05-27 12:04:07.844685,68.9961886121319,0,4.176441623972451,0,Normal,Critical!!,Normal,Critical!!
2026-05-27 12:04:08.847178,68.54364199331079,0,4.602932169641002,0,Normal,Critical!!,Normal,Critical!!
2026-05-27 12:04:09.848869,68.16992556457338,0,3.974232905570638,0,Normal,Critical!!,Normal,Critical!!
2026-05-27 12:04:10.851563,67.87240401117663,0,4.7382930207538685,0,Normal,Critical!!,Normal,Critical!!
2026-05-27 12:04:11.854207,67.72399803546269,0,3.718107732975223,0,Normal,Critical!!,Normal,Critical!!
2026-05-27 12:04:12.857458,67.41128933943598,0,4.86153916318215,0,Normal,Critical!!,Normal,Critical!!
2026-05-27 12:04:13.859411,67.14868978955317,0,4.337600931464079,0,Normal,Critical!!,Normal,Critical!!
2026-05-27 12:04:14.861431,66.78188849025473,0,4.1240227007693555,0,Normal,Critical!!,Normal,Critical!!
2026-05-27 12:04:15.862970,66.42249695178981,0,3.590007706640108,0,Normal,Critical!!,Warning,Critical!!
2026-05-27 12:04:16.864468,66.05134431282991,0,3.76762519705406,0,Normal,Critical!!,Normal,Critical!!
2026-05-27 12:04:17.866275,65.87308791520046,0,3.773045168333212,0,Normal,Critical!!,Normal,Critical!!
2026-05-27 12:04:18.868944,65.38939287822308,0,3.7009482381707,0,Normal,Critical!!,Normal,Critical!!
2026-05-27 12:04:19.870827,64.92649916735104,0,4.969765786072541,0,Normal,Critical!!,Normal,Critical!!
2026-05-27 12:04:20.872720,64.61516964921053,0,3.597923666515229,0,Normal,Critical!!,Warning,Critical!!
2026-05-27 12:04:21.875029,64.17120017525541,0,4.586073934782867,0,Normal,Critical!!,Normal,Critical!!
2026-05-27 12:04:22.876912,63.95331498589007,0,4.534929280662098,0,Normal,Critical!!,Normal,Critical!!
2026-05-27 12:04:23.878977,63.82235543252188,0,3.4184536803660017,0,Normal,Critical!!,Warning,Critical!!
2026-05-27 12:04:24.882149,63.68715642539707,0,4.021007313665565,0,Normal,Critical!!,Normal,Critical!!
2026-05-27 12:04:25.884677,63.368543274740105,0,4.949308083556543,0,Normal,Critical!!,Normal,Critical!!
2026-05-27 12:04:26.887180,62.959112221549894,0,4.353344087018341,0,Normal,Critical!!,Normal,Critical!!
2026-05-27 12:04:27.888910,62.496750025123646,0,3.631221957440246,0,Normal,Critical!!,Normal,Critical!!
2026-05-27 12:04:28.892085,62.39039888386729,0,4.187045523931084,0,Normal,Critical!!,Normal,Critical!!
2026-05-27 12:04:29.894714,61.97530940406905,0,4.070923335654854,0,Normal,Critical!!,Normal,Critical!!
2026-05-27 12:04:30.897407,61.5156045295522,0,3.875258897680555,0,Normal,Critical!!,Normal,Critical!!
2026-05-27 12:04:31.899115,61.28194303991712,0,4.877171713374734,0,Normal,Critical!!,Normal,Critical!!
2026-05-27 12:04:32.902539,60.82587279781967,0,4.117473384841935,0,Normal,Critical!!,Normal,Critical!!
2026-05-27 12:04:33.905360,60.58208650303407,0,4.811210905589533,0,Normal,Critical!!,Normal,Critical!!
2026-05-27 12:04:34.906974,60.357898839513645,0,3.398252051457226,0,Normal,Critical!!,Warning,Critical!!
2026-05-27 12:04:35.908859,60.114204397736664,0,3.8897350544496203,0,Normal,Critical!!,Normal,Critical!!
2026-05-27 12:04:36.910962,59.952281217078536,0,3.878902465687653,0,Normal,Critical!!,Normal,Critical!!
2026-05-27 12:04:37.913098,59.78071535830478,0,3.9911486004636796,0,Normal,Critical!!,Normal,Critical!!
2026-05-27 12:04:38.914998,59.592753017299316,0,4.275230269397995,0,Normal,Critical!!,Normal,Critical!!
2026-05-27 12:04:39.916968,59.2549844212069,0,4.4372268871582685,0,Normal,Critical!!,Normal,Critical!!
2026-05-27 12:04:40.919227,58.89860100946799,0,4.943057901101599,0,Normal,Critical!!,Normal,Critical!!
2026-05-27 12:04:41.921714,58.42404145916682,0,4.845696393914925,0,Normal,Critical!!,Normal,Critical!!
2026-05-27 12:04:42.924270,57.944597437685864,0,4.7231178100902795,0,Normal,Critical!!,Normal,Critical!!
2026-05-27 12:04:43.926705,57.51111652149266,0,4.631843212688436,0,Normal,Critical!!,Normal,Critical!!
2026-05-27 12:04:44.929142,57.09478747021349,0,4.237185882135304,0,Normal,Critical!!,Normal,Critical!!
2026-05-27 12:04:45.930784,56.9908352315957,0,4.994538294443705,0,Normal,Critical!!,Normal,Critical!!
2026-05-27 12:04:46.933301,56.80400350024848,0,3.301331283253392,0,Normal,Critical!!,Warning,Critical!!
2026-05-27 12:04:47.936164,56.33913306226838,0,3.392498453323139,0,Normal,Critical!!,Warning,Critical!!
2026-05-27 12:04:48.938297,56.0827031552948,0,3.3638935425696213,0,Normal,Critical!!,Warning,Critical!!
2026-05-27 12:04:49.940796,55.64842475189665,0,3.8798956403095413,0,Normal,Critical!!,Normal,Critical!!
2026-05-27 12:04:50.942967,55.36701025270564,0,4.892794352277404,0,Normal,Critical!!,Normal,Critical!!
2026-05-27 12:04:51.945274,55.13872645190857,0,4.920188519041177,0,Normal,Critical!!,Normal,Critical!!
2026-05-27 12:04:52.946936,54.85298251616152,0,4.8398887472376515,0,Normal,Critical!!,Normal,Critical!!
2026-05-27 12:04:53.948608,54.39010051756196,0,4.434958589862135,0,Normal,Critical!!,Normal,Critical!!
2026-05-27 12:04:54.950340,53.94713401469349,0,4.131434378564314,0,Normal,Critical!!,Normal,Critical!!
2026-05-27 12:04:55.952411,53.74916019989047,0,4.818603338153611,0,Normal,Critical!!,Normal,Critical!!
2026-05-27 12:04:56.954446,53.60977614176971,0,4.216701749004909,0,Normal,Critical!!,Normal,Critical!!
2026-05-27 12:04:57.957037,53.235726498542434,0,3.7032190097784925,0,Normal,Critical!!,Normal,Critical!!
2026-05-27 12:04:58.959412,52.87222381679912,0,3.8965202212905643,0,Normal,Critical!!,Normal,Critical!!
2026-05-27 12:04:59.961856,52.70436495463881,0,4.664144959618576,0,Normal,Critical!!,Normal,Critical!!
2026-05-27 12:05:00.966222,52.27694955617492,0,4.966287051545544,0,Normal,Critical!!,Normal,Critical!!
2026-05-27 12:05:01.967811,51.99378847560812,0,4.616515851252524,0,Normal,Critical!!,Normal,Critical!!
2026-05-27 12:05:02.969362,51.64952979069743,0,4.01875936447012,0,Normal,Critical!!,Normal,Critical!!
2026-05-27 12:05:03.971506,51.26589327067242,0,4.958128261632112,0,Normal,Critical!!,Normal,Critical!!
2026-05-27 12:05:04.973124,50.870359159173944,0,4.177079632494504,0,Normal,Critical!!,Normal,Critical!!
2026-05-27 12:05:05.974590,50.58460408327451,0,4.953402349110194,0,Normal,Critical!!,Normal,Critical!!
2026-05-27 12:05:06.976968,50.19679003747348,0,4.8389428074067,0,Normal,Critical!!,Normal,Critical!!
2026-05-27 12:05:07.978509,49.775940534608324,0,4.730917881733097,0,Normal,Critical!!,Normal,Critical!!
2026-05-27 12:05:08.981615,49.30448298779886,0,3.5523522217286727,0,Normal,Critical!!,Warning,Critical!!
2026-05-27 12:05:09.983966,48.93828828149365,0,3.7392121127855065,0,Normal,Critical!!,Normal,Critical!!
2026-05-27 12:05:10.985403,48.79444569613881,0,4.591453511038226,0,Normal,Critical!!,Normal,Critical!!
2026-05-27 12:05:11.987295,48.60193221098006,0,3.5774139952287163,0,Normal,Critical!!,Warning,Critical!!
2026-05-27 12:05:12.988975,48.233063760683095,0,4.740030655477059,0,Normal,Critical!!,Normal,Critical!!
2026-05-27 12:05:13.991134,47.976655015483495,0,4.859352222088269,0,Normal,Critical!!,Normal,Critical!!
2026-05-27 12:05:14.993435,47.56496428637557,0,4.808435486499034,0,Normal,Critical!!,Normal,Critical!!
2026-05-27 12:05:15.995386,47.22698770413479,0,4.995039457655455,0,Normal,Critical!!,Normal,Critical!!
2026-05-27 12:05:16.997419,47.10769862152733,0,3.304969148614175,0,Normal,Critical!!,Warning,Critical!!
2026-05-27 12:05:17.999496,46.89434113246274,0,4.063107455202217,0,Normal,Critical!!,Normal,Critical!!
2026-05-27 12:05:19.001479,46.413146157402444,0,4.59526041811891,0,Normal,Critical!!,Normal,Critical!!
2026-05-27 12:05:20.004823,46.238857356401056,0,4.075280972941223,0,Normal,Critical!!,Normal,Critical!!
2026-05-27 12:05:21.006822,45.92517851149094,0,3.9558860989051867,0,Normal,Critical!!,Normal,Critical!!
2026-05-27 12:05:22.009688,45.74962205453005,0,4.069189147530566,0,Normal,Critical!!,Normal,Critical!!
2026-05-27 12:05:23.011828,45.47305700247789,0,4.483579062710684,0,Normal,Critical!!,Normal,Critical!!
2026-05-27 12:05:24.014358,45.153641552294765,0,4.439756303576011,0,Normal,Critical!!,Normal,Critical!!
2026-05-27 12:05:25.016236,44.941980019630655,0,4.250623433336713,0,Normal,Critical!!,Normal,Critical!!
2026-05-27 12:05:26.017750,44.472492845405974,0,4.0485415967067295,0,Normal,Critical!!,Normal,Critical!!
2026-05-27 12:05:27.020419,44.31891020609584,0,3.679280245201164,0,Normal,Critical!!,Normal,Critical!!
2026-05-27 12:05:28.023356,43.83668543365446,0,4.497288548390838,0,Normal,Critical!!,Normal,Critical!!
2026-05-27 12:05:29.025591,43.607449490409635,0,4.040677631691593,0,Normal,Critical!!,Normal,Critical!!
2026-05-27 12:05:30.027451,43.226024126504704,0,4.46427837174031,0,Normal,Critical!!,Normal,Critical!!
2026-05-27 12:05:31.029524,42.7918380500517,0,4.659959490305127,0,Normal,Critical!!,Normal,Critical!!
2026-05-27 12:05:32.031138,42.50830545583662,0,3.6179871634478937,0,Normal,Critical!!,Normal,Critical!!
2026-05-27 12:05:33.033278,42.20016839381868,0,4.622672009651303,0,Normal,Critical!!,Normal,Critical!!
2026-05-27 12:05:34.035137,42.06882972945327,0,3.6711472594959496,0,Normal,Critical!!,Normal,Critical!!
2026-05-27 12:05:35.037119,41.71690833638902,0,4.14235230251819,0,Normal,Critical!!,Normal,Critical!!
2026-05-27 12:05:36.039487,41.217564164911174,0,4.067005454829357,0,Normal,Critical!!,Normal,Critical!!
2026-05-27 12:05:37.042560,40.90614571604117,0,4.8990838971831305,0,Normal,Critical!!,Normal,Critical!!
2026-05-27 12:05:38.044557,40.58774783344099,0,3.623825366449651,0,Normal,Critical!!,Normal,Critical!!
2026-05-27 12:05:39.046546,40.0913603475742,0,4.799744192386292,0,Normal,Critical!!,Normal,Critical!!
2026-05-27 12:05:40.048444,39.84434596021589,0,4.890245913615132,0,Normal,Critical!!,Normal,Critical!!
2026-05-27 12:05:41.050044,39.727449648322576,0,3.7262390958935767,0,Normal,Critical!!,Normal,Critical!!
2026-05-27 12:05:42.051750,39.30236411762998,0,4.259577670036123,0,Normal,Critical!!,Normal,Critical!!
2026-05-27 12:05:43.053443,38.99981886792708,0,3.789143611489915,0,Normal,Critical!!,Normal,Critical!!
2026-05-27 12:05:44.055372,38.75179711010569,0,3.65163798992026,0,Normal,Critical!!,Normal,Critical!!
2026-05-27 12:05:45.057573,38.52688840635904,0,3.4442345689646148,0,Normal,Critical!!,Warning,Critical!!
2026-05-27 12:05:46.059761,38.09122139376192,0,3.447118194195489,0,Normal,Critical!!,Warning,Critical!!
2026-05-27 12:05:47.061612,37.777817790526235,0,4.862071735758128,0,Normal,Critical!!,Normal,Critical!!
2026-05-27 12:05:48.063417,37.32485067193542,0,3.6851563474762097,0,Normal,Critical!!,Normal,Critical!!
2026-05-27 12:05:49.065542,36.831591805312485,0,4.336578669591943,0,Normal,Critical!!,Normal,Critical!!
2026-05-27 12:05:50.067592,36.41175844116434,0,4.787077959193086,0,Normal,Critical!!,Normal,Critical!!
2026-05-27 12:05:51.069458,36.22607230253643,0,4.80780713365625,0,Normal,Critical!!,Normal,Critical!!
2026-05-27 12:05:52.071453,35.98006881270076,0,4.396204273276577,0,Normal,Critical!!,Normal,Critical!!
2026-05-27 12:05:53.073193,35.8058159673861,0,3.7041145923787866,0,Normal,Critical!!,Normal,Critical!!
2026-05-27 12:05:54.075345,35.41088389302245,0,4.336468712594355,0,Normal,Critical!!,Normal,Critical!!
2026-05-27 12:05:55.077587,34.938384654559336,0,4.660395842173994,0,Normal,Critical!!,Normal,Critical!!
2026-05-27 12:05:56.080119,34.78414683591256,0,3.7726301327688967,0,Normal,Critical!!,Normal,Critical!!
2026-05-27 12:05:57.082737,34.59378373791409,0,3.3231997343210313,0,Normal,Critical!!,Warning,Critical!!
2026-05-27 12:05:58.085287,34.44762450343446,0,4.430387703659779,0,Normal,Critical!!,Normal,Critical!!
2026-05-27 12:05:59.087506,34.14468278733555,0,4.547931491157662,0,Normal,Critical!!,Normal,Critical!!
2026-05-27 12:06:00.089112,33.840155545299496,0,3.831177821081289,0,Normal,Critical!!,Normal,Critical!!
2026-05-27 12:06:01.091100,33.69357093715047,0,3.5215736842737484,0,Normal,Critical!!,Warning,Critical!!
2026-05-27 12:06:02.092929,33.386768780336,0,3.6263579127278187,0,Normal,Critical!!,Normal,Critical!!
2026-05-27 12:06:03.095380,33.2162498109209,0,3.8062160037043515,0,Normal,Critical!!,Normal,Critical!!
2026-05-27 12:06:04.096799,32.85057748255142,0,4.3527853267057655,0,Normal,Critical!!,Normal,Critical!!
2026-05-27 12:06:05.098811,32.64713516009704,0,3.7513455898791497,0,Normal,Critical!!,Normal,Critical!!
2026-05-27 12:06:06.101113,32.390006201582935,0,4.4475696899372075,0,Normal,Critical!!,Normal,Critical!!
2026-05-27 12:06:07.102664,32.17523891148796,0,4.331202525807043,0,Normal,Critical!!,Normal,Critical!!
2026-05-27 12:06:08.104955,31.994988517205122,0,4.078301622304762,0,Normal,Critical!!,Normal,Critical!!
2026-05-27 12:06:09.106745,31.59422457178086,0,4.197145148651109,0,Normal,Critical!!,Normal,Critical!!
2026-05-27 12:06:10.109058,31.144683185044332,0,4.1995166774868835,0,Normal,Critical!!,Normal,Critical!!
2026-05-27 12:06:11.110879,31.007159424059576,0,3.3779755290243276,0,Normal,Critical!!,Warning,Critical!!
2026-05-27 12:06:12.112882,30.81443043799423,0,4.79457980055487,0,Normal,Critical!!,Normal,Critical!!
2026-05-27 12:06:13.115259,30.53226513764576,0,4.569220708810045,0,Normal,Critical!!,Normal,Critical!!
2026-05-27 12:06:14.116833,30.15110867624708,0,3.4654830746262286,0,Normal,Critical!!,Warning,Critical!!
2026-05-27 12:06:15.120012,30.005949844576502,0,3.3257949724144606,0,Normal,Critical!!,Warning,Critical!!
2026-05-27 12:06:16.121779,29.556921797080772,0,3.561581534502465,0,Normal,Critical!!,Warning,Critical!!
2026-05-27 12:06:17.124544,29.312447650510226,0,4.89741124399665,0,Normal,Critical!!,Normal,Critical!!
2026-05-27 12:06:18.126860,28.814252405108583,0,4.570374112076527,0,Normal,Critical!!,Normal,Critical!!
2026-05-27 12:06:19.128132,28.383978050539817,0,4.698606865385282,0,Normal,Critical!!,Normal,Critical!!
2026-05-27 12:06:20.130037,27.93482855242114,0,4.667716763061021,0,Normal,Critical!!,Normal,Critical!!
2026-05-27 12:06:21.132726,27.71891886020705,0,4.296209007317224,0,Normal,Critical!!,Normal,Critical!!
2026-05-27 12:06:22.134424,27.22072958315211,0,4.097158877999542,0,Normal,Critical!!,Normal,Critical!!
2026-05-27 12:06:23.170951,26.919522687819118,0,4.678247766698157,0,Normal,Critical!!,Normal,Critical!!
2026-05-27 12:06:24.172668,26.495775643428715,0,3.4735757072908617,0,Normal,Critical!!,Warning,Critical!!
2026-05-27 12:06:25.174742,26.169329693007878,0,3.7432771812415906,0,Normal,Critical!!,Normal,Critical!!
2026-05-27 12:06:26.177235,25.88401564217897,0,3.7391143044225257,0,Normal,Critical!!,Normal,Critical!!
2026-05-27 12:06:27.178896,25.77553663932588,0,3.385581911607625,0,Normal,Critical!!,Warning,Critical!!
2026-05-27 12:06:28.181040,25.632456970820787,0,4.426021410805918,0,Normal,Critical!!,Normal,Critical!!
2026-05-27 12:06:29.183335,25.17193757952823,0,4.63780601859621,0,Normal,Critical!!,Normal,Critical!!
2026-05-27 12:06:30.185573,24.699972509713454,0,3.5978672549660975,0,Normal,Critical!!,Warning,Critical!!
2026-05-27 12:06:31.187466,24.305437247869683,0,4.503206823858872,0,Normal,Critical!!,Normal,Critical!!
2026-05-27 12:06:32.189562,23.882933424943992,0,4.942140647422155,0,Normal,Critical!!,Normal,Critical!!
2026-05-27 12:06:33.191102,23.564796838975607,0,4.743982867484249,0,Normal,Critical!!,Normal,Critical!!
2026-05-27 12:06:34.193368,23.374416512171592,0,4.140492631725323,0,Normal,Critical!!,Normal,Critical!!
2026-05-27 12:06:35.199154,23.126374784476262,0,4.252683771320707,0,Normal,Critical!!,Normal,Critical!!
2026-05-27 12:06:36.200648,22.729577735348244,0,4.171115901578557,0,Normal,Critical!!,Normal,Critical!!
2026-05-27 12:06:37.202257,22.390596239352533,0,4.009793019755052,0,Normal,Critical!!,Normal,Critical!!
2026-05-27 12:06:38.204588,22.26657703755262,0,4.293282791912664,0,Normal,Critical!!,Normal,Critical!!
2026-05-27 12:06:39.206896,22.150433760806344,0,3.9271581631380315,0,Normal,Critical!!,Normal,Critical!!
2026-05-27 12:06:40.208696,21.973453724423578,0,4.846408214994364,0,Normal,Critical!!,Normal,Critical!!
2026-05-27 12:06:41.211354,21.792554223906308,0,4.506867607500398,0,Normal,Critical!!,Normal,Critical!!
2026-05-27 12:06:42.213001,21.516841859018758,0,3.842718393899472,0,Normal,Critical!!,Normal,Critical!!
2026-05-27 12:06:43.215039,21.12161365944864,0,3.625855561259172,0,Normal,Critical!!,Normal,Critical!!
2026-05-27 12:06:44.216782,20.65235344415169,0,4.601503863245042,0,Normal,Critical!!,Normal,Critical!!
2026-05-27 12:06:45.218521,20.39750120020474,0,3.6561859472534044,0,Normal,Critical!!,Normal,Critical!!
2026-05-27 12:06:46.220449,20.07363959336831,0,4.678919068336295,0,Normal,Critical!!,Normal,Critical!!
2026-05-27 12:06:47.222708,19.90386650674071,0,4.597152469267913,0,Normal,Critical!!,Normal,Critical!!
2026-05-27 12:06:48.225283,20.1143506844558,0,3.9669953420386577,0,Normal,Critical!!,Normal,Critical!!
2026-05-27 12:06:49.227381,20.356909931285358,0,3.3608568149144538,0,Normal,Critical!!,Warning,Critical!!
2026-05-27 12:06:50.229830,20.502380359659192,0,3.9703398416657714,0,Normal,Critical!!,Normal,Critical!!
2026-05-27 12:06:51.232586,20.72947953600521,0,4.716495080821812,0,Normal,Critical!!,Normal,Critical!!
2026-05-27 12:06:52.234912,21.14864146404056,0,3.4445611591888854,0,Normal,Critical!!,Warning,Critical!!
2026-05-27 12:06:53.236887,21.49822214821758,0,4.23985551476147,0,Normal,Critical!!,Normal,Critical!!
2026-05-27 12:06:54.238665,21.902266831735922,0,4.165575283724447,0,Normal,Critical!!,Normal,Critical!!
2026-05-27 12:06:55.240126,22.182075234247264,0,4.797665875406017,0,Normal,Critical!!,Normal,Critical!!
2026-05-27 12:06:56.241850,22.42222724699034,0,3.674954363666272,0,Normal,Critical!!,Normal,Critical!!
2026-05-27 12:06:57.243630,22.65267294317435,0,4.760315218936221,0,Normal,Critical!!,Normal,Critical!!
2026-05-27 12:06:58.245906,23.036256598412624,0,3.373182387438435,0,Normal,Critical!!,Warning,Critical!!
2026-05-27 12:06:59.247789,23.495571461889057,0,4.185099816011406,0,Normal,Critical!!,Normal,Critical!!
2026-05-27 12:07:00.249873,23.970825032571653,0,3.9014196869964577,0,Normal,Critical!!,Normal,Critical!!
2026-05-27 12:07:01.251713,24.220610473701356,0,4.213857647982251,0,Normal,Critical!!,Normal,Critical!!
2026-05-27 12:07:02.253794,24.661967784077753,0,3.6419954250128255,0,Normal,Critical!!,Normal,Critical!!
2026-05-27 12:07:03.255831,24.991216967217916,0,3.9229223933011452,0,Normal,Critical!!,Normal,Critical!!
2026-05-27 12:07:04.763515,25.36661584545264,0,3.814890542104234,0,Normal,Critical!!,Normal,Critical!!
2026-05-27 12:07:05.765721,25.60324281635608,0,3.45650263637638,0,Normal,Critical!!,Warning,Critical!!
2026-05-27 12:07:06.769274,25.808336062704456,0,3.6661567959881585,0,Normal,Critical!!,Normal,Critical!!
2026-05-27 12:07:07.770791,26.279291356627535,0,4.761468625470708,0,Normal,Critical!!,Normal,Critical!!
2026-05-27 12:07:08.772553,26.62464394990681,0,4.135826383068394,0,Normal,Critical!!,Normal,Critical!!
2026-05-27 12:07:09.774252,27.04786900097226,0,3.558334803809189,0,Normal,Critical!!,Warning,Critical!!
2026-05-27 12:07:10.776099,27.495280558122634,0,3.4645513366772134,0,Normal,Critical!!,Warning,Critical!!
2026-05-27 12:07:11.778091,27.606755655434057,0,4.137641757311406,0,Normal,Critical!!,Normal,Critical!!
2026-05-27 12:07:12.780329,27.896708384487276,0,4.3669164688521205,0,Normal,Critical!!,Normal,Critical!!
2026-05-27 12:07:13.782219,28.068542723455447,0,4.043193853341241,0,Normal,Critical!!,Normal,Critical!!
2026-05-27 12:07:14.783987,28.380195176800264,0,4.5622262980556485,0,Normal,Critical!!,Normal,Critical!!
2026-05-27 12:07:15.785619,28.601898945417698,0,4.02260022883819,0,Normal,Critical!!,Normal,Critical!!
2026-05-27 12:07:16.787711,28.784960919493397,0,3.7104058314766686,0,Normal,Critical!!,Normal,Critical!!
2026-05-27 12:07:17.789323,29.026831638786454,0,4.086740162138185,0,Normal,Critical!!,Normal,Critical!!
2026-05-27 12:07:18.791473,29.150111517163918,0,4.235481432361071,0,Normal,Critical!!,Normal,Critical!!
2026-05-27 12:07:19.793776,29.518890777012885,0,4.073904289283424,0,Normal,Critical!!,Normal,Critical!!
2026-05-27 12:07:20.796255,29.62761519471883,0,3.662266894227463,0,Normal,Critical!!,Normal,Critical!!
2026-05-27 12:07:21.798297,30.065513738101373,0,4.905592856371438,0,Normal,Critical!!,Normal,Critical!!
2026-05-27 12:07:22.799788,30.28435401161062,0,4.388970530208853,0,Normal,Critical!!,Normal,Critical!!
2026-05-27 12:07:23.801521,30.476475026687247,0,3.4485826765130136,0,Normal,Critical!!,Warning,Critical!!
2026-05-27 12:07:24.803019,30.9281878923369,0,3.6882943636410404,0,Normal,Critical!!,Normal,Critical!!
2026-05-27 12:07:25.805248,31.189179736784304,0,4.690636659934488,0,Normal,Critical!!,Normal,Critical!!
2026-05-27 12:07:26.807396,31.347444089086597,0,3.4512734064468162,0,Normal,Critical!!,Warning,Critical!!
2026-05-27 12:07:27.809503,31.692241576744614,0,4.208006080257646,0,Normal,Critical!!,Normal,Critical!!
2026-05-27 12:07:28.811624,32.05030596054146,0,4.2499029985547745,0,Normal,Critical!!,Normal,Critical!!
2026-05-27 12:07:29.813668,32.15630979333091,0,4.839966599841977,0,Normal,Critical!!,Normal,Critical!!
2026-05-27 12:07:30.815745,32.501056064583416,0,4.802533007312019,0,Normal,Critical!!,Normal,Critical!!
2026-05-27 12:07:31.817437,32.90846614624176,0,3.423412619862804,0,Normal,Critical!!,Warning,Critical!!
2026-05-27 12:07:32.818954,33.1701097489594,0,4.1368786619377795,0,Normal,Critical!!,Normal,Critical!!
2026-05-27 12:07:33.820920,33.40534356561962,0,4.629845501645541,0,Normal,Critical!!,Normal,Critical!!
2026-05-27 12:07:34.823054,33.86754974588071,0,4.305094859495499,0,Normal,Critical!!,Normal,Critical!!
2026-05-27 12:07:35.824788,34.201832678102505,0,4.095108003605081,0,Normal,Critical!!,Normal,Critical!!
2026-05-27 12:07:36.826953,34.47846946554577,0,4.166075159888942,0,Normal,Critical!!,Normal,Critical!!
2026-05-27 12:07:37.828719,34.902762815393636,0,3.582199850243314,0,Normal,Critical!!,Warning,Critical!!
2026-05-27 12:07:38.833895,35.217421381247156,0,4.358473823880742,0,Normal,Critical!!,Normal,Critical!!
2026-05-27 12:07:39.836089,35.56940204144102,0,4.921732264840591,0,Normal,Critical!!,Normal,Critical!!
2026-05-27 12:07:40.838830,35.78534974103225,0,4.60893643270185,0,Normal,Critical!!,Normal,Critical!!
2026-05-27 12:07:41.840551,35.93185231749317,0,4.832533643091534,0,Normal,Critical!!,Normal,Critical!!
2026-05-27 12:07:42.842824,36.42975838469719,0,3.48866634019507,0,Normal,Critical!!,Warning,Critical!!
2026-05-27 12:07:43.844766,36.857124433487826,0,4.304165860104275,0,Normal,Critical!!,Normal,Critical!!
2026-05-27 12:07:44.846212,37.33676843350548,0,3.6429574924965666,0,Normal,Critical!!,Normal,Critical!!
2026-05-27 12:07:45.848384,37.67123624210791,0,3.8147203851046396,0,Normal,Critical!!,Normal,Critical!!
2026-05-27 12:07:46.850481,37.78518258115215,0,4.810836586444926,0,Normal,Critical!!,Normal,Critical!!
2026-05-27 12:07:47.853114,37.9925677664779,0,4.373221282024715,0,Normal,Critical!!,Normal,Critical!!
2026-05-27 12:07:48.855888,38.163131095284065,0,3.3038510999513657,0,Normal,Critical!!,Warning,Critical!!
2026-05-27 12:07:49.858474,38.300522270683594,0,3.825671575024525,0,Normal,Critical!!,Normal,Critical!!
2026-05-27 12:07:50.860083,38.425976524866044,0,4.073606463768057,0,Normal,Critical!!,Normal,Critical!!
2026-05-27 12:07:51.862628,38.63652846516222,0,4.38818443817841,0,Normal,Critical!!,Normal,Critical!!
2026-05-27 12:07:52.864236,39.06769053183281,0,3.9852928324697086,0,Normal,Critical!!,Normal,Critical!!
2026-05-27 12:07:53.867103,39.274620152082846,0,4.408588693500073,0,Normal,Critical!!,Normal,Critical!!
2026-05-27 12:07:54.869254,39.599693958039275,0,3.4713287813900444,0,Normal,Critical!!,Warning,Critical!!
2026-05-27 12:07:55.871326,39.85920739362469,0,3.5197288686073986,0,Normal,Critical!!,Warning,Critical!!
2026-05-27 12:07:56.873673,40.22470877073907,0,3.731130083976053,0,Normal,Critical!!,Normal,Critical!!
2026-05-27 12:07:57.875739,40.372640634500364,0,3.3718976080488186,0,Normal,Critical!!,Warning,Critical!!
2026-05-27 12:07:58.877923,40.60443665105677,0,3.4721640236075015,0,Normal,Critical!!,Warning,Critical!!
2026-05-27 12:07:59.879774,41.02826681121386,0,3.741761749307825,0,Normal,Critical!!,Normal,Critical!!
2026-05-27 12:08:00.881938,41.2163225076146,0,3.996619694092751,0,Normal,Critical!!,Normal,Critical!!
2026-05-27 12:08:01.884106,41.63315069451017,0,3.975787609493762,0,Normal,Critical!!,Normal,Critical!!
2026-05-27 12:08:02.886160,41.90343689717643,0,3.712419354678286,0,Normal,Critical!!,Normal,Critical!!
2026-05-27 12:08:03.889115,42.29998985848984,0,3.5117706817798027,0,Normal,Critical!!,Warning,Critical!!
2026-05-27 12:08:04.892602,42.583385716599935,0,4.352346778323536,0,Normal,Critical!!,Normal,Critical!!
2026-05-27 12:08:05.894218,42.80295656460278,0,4.51746089461136,0,Normal,Critical!!,Normal,Critical!!
2026-05-27 12:08:06.896331,43.26593714955341,0,4.933497277449919,0,Normal,Critical!!,Normal,Critical!!
2026-05-27 12:08:07.898471,43.450686749887886,0,4.022353976260254,0,Normal,Critical!!,Normal,Critical!!
2026-05-27 12:08:08.900103,43.55446720042116,0,3.515993435431509,0,Normal,Critical!!,Warning,Critical!!
2026-05-27 12:08:09.901941,43.83011440456948,0,4.135039245957056,0,Normal,Critical!!,Normal,Critical!!
2026-05-27 12:08:10.904010,44.29727940158607,0,4.683885600756715,0,Normal,Critical!!,Normal,Critical!!
2026-05-27 12:08:11.905494,44.43351556419497,0,4.499505988761127,0,Normal,Critical!!,Normal,Critical!!
2026-05-27 12:08:12.908287,44.80719207648627,0,3.648848824384178,0,Normal,Critical!!,Normal,Critical!!
2026-05-27 12:08:13.910147,44.92550462317433,0,4.375079200195451,0,Normal,Critical!!,Normal,Critical!!
2026-05-27 12:08:14.912515,45.31821117086991,0,4.913383159232466,0,Normal,Critical!!,Normal,Critical!!
2026-05-27 12:08:15.914605,45.45986268274072,0,4.969378559232247,0,Normal,Critical!!,Normal,Critical!!
2026-05-27 12:08:16.916979,45.88057927692193,0,4.8146893490034826,0,Normal,Critical!!,Normal,Critical!!
2026-05-27 12:08:17.919093,46.07756390158943,0,4.723130931917574,0,Normal,Critical!!,Normal,Critical!!
2026-05-27 12:08:18.920924,46.507839110193,0,3.587962943258998,0,Normal,Critical!!,Warning,Critical!!
2026-05-27 12:08:19.923150,46.82589710172913,0,4.428685195197171,0,Normal,Critical!!,Normal,Critical!!
2026-05-27 12:08:20.925815,47.28005182098507,0,3.9479431673598526,0,Normal,Critical!!,Normal,Critical!!
2026-05-27 12:08:21.929375,47.6735430255502,0,4.169107557663348,0,Normal,Critical!!,Normal,Critical!!
2026-05-27 12:08:22.930732,48.1029318344663,0,4.971640175166771,0,Normal,Critical!!,Normal,Critical!!
2026-05-27 12:08:23.934254,48.56013685833942,0,3.633385318496102,0,Normal,Critical!!,Normal,Critical!!
2026-05-27 12:08:24.935925,48.96435121952531,0,4.507670728487022,0,Normal,Critical!!,Normal,Critical!!
2026-05-27 12:08:25.937801,49.085910414344184,0,4.347167511547679,0,Normal,Critical!!,Normal,Critical!!
2026-05-27 12:08:26.940041,49.27189901711903,0,3.6012354057180183,0,Normal,Critical!!,Normal,Critical!!
2026-05-27 12:08:27.942102,49.40963711435297,0,4.198216318588421,0,Normal,Critical!!,Normal,Critical!!
2026-05-27 12:08:28.944050,49.791507135558675,0,4.484188415776881,0,Normal,Critical!!,Normal,Critical!!
2026-05-27 12:08:29.946221,49.953513178179655,0,4.1861704578037795,0,Normal,Critical!!,Normal,Critical!!
2026-05-27 12:08:30.948866,50.381207964240204,0,3.6336698920620805,0,Normal,Critical!!,Normal,Critical!!
2026-05-27 12:08:31.951089,50.783659566246975,0,3.985034596430074,0,Normal,Critical!!,Normal,Critical!!
2026-05-27 12:08:32.953017,51.10106264496889,0,4.718782347178485,0,Normal,Critical!!,Normal,Critical!!
2026-05-27 12:08:33.955175,51.36959176216637,0,3.589730500462751,0,Normal,Critical!!,Warning,Critical!!
2026-05-27 12:08:34.957453,51.54493203268515,0,4.408761090252503,0,Normal,Critical!!,Normal,Critical!!
2026-05-27 12:08:35.959810,51.753755869165715,0,4.075478956383805,0,Normal,Critical!!,Normal,Critical!!
2026-05-27 12:08:36.963393,52.04985746557779,0,4.386702262714579,0,Normal,Critical!!,Normal,Critical!!
2026-05-27 12:08:37.965958,52.2830820564089,0,4.138703831171517,0,Normal,Critical!!,Normal,Critical!!
2026-05-27 12:08:38.967825,52.70047734250049,0,3.582473529850014,0,Normal,Critical!!,Warning,Critical!!
2026-05-27 12:08:39.969651,52.992738101548774,0,4.5931740476466505,0,Normal,Critical!!,Normal,Critical!!
2026-05-27 12:08:40.971236,53.10283984639816,0,4.415235466757611,0,Normal,Critical!!,Normal,Critical!!
2026-05-27 12:08:41.972898,53.53001410535916,0,4.584517893108734,0,Normal,Critical!!,Normal,Critical!!
2026-05-27 12:08:42.974889,53.8753247904659,0,3.3001971646199153,0,Normal,Critical!!,Warning,Critical!!
2026-05-27 12:08:43.977165,54.14692238988582,0,3.7741284500051444,0,Normal,Critical!!,Normal,Critical!!
2026-05-27 12:08:44.979564,54.546986350767234,0,3.860612733020116,0,Normal,Critical!!,Normal,Critical!!
2026-05-27 12:08:45.981788,55.02292826812834,0,3.5013306790298264,0,Normal,Critical!!,Warning,Critical!!
2026-05-27 12:08:46.983510,55.240328381958705,0,3.577004494422025,0,Normal,Critical!!,Warning,Critical!!
2026-05-27 12:08:47.985640,55.54050403655585,0,4.188825407265348,0,Normal,Critical!!,Normal,Critical!!
2026-05-27 12:08:48.987825,55.90415175681433,0,3.785771867186666,0,Normal,Critical!!,Normal,Critical!!
2026-05-27 12:08:49.989620,56.236592389605114,0,4.1478136780237875,0,Normal,Critical!!,Normal,Critical!!
2026-05-27 12:08:50.991182,56.34881943029222,0,4.838224859035048,0,Normal,Critical!!,Normal,Critical!!
2026-05-27 12:08:51.993684,56.4893349904104,0,3.8082725802557045,0,Normal,Critical!!,Normal,Critical!!
2026-05-27 12:08:52.996143,56.92592165468583,0,4.6047492658980795,0,Normal,Critical!!,Normal,Critical!!
2026-05-27 12:08:53.998516,57.227194203331656,0,3.3283513156210662,0,Normal,Critical!!,Warning,Critical!!
2026-05-27 12:08:55.001499,57.65128454054606,0,4.979612690821784,0,Normal,Critical!!,Normal,Critical!!
2026-05-27 12:08:56.003443,57.82244116251838,0,4.8865370237472465,0,Normal,Critical!!,Normal,Critical!!
2026-05-27 12:08:57.005711,58.20626751354849,0,4.370634387057372,0,Normal,Critical!!,Normal,Critical!!
2026-05-27 12:08:58.008367,58.513603661852635,0,4.555076005430797,0,Normal,Critical!!,Normal,Critical!!
2026-05-27 12:08:59.010108,58.649851792752806,0,4.933721830064994,0,Normal,Critical!!,Normal,Critical!!
2026-05-27 12:09:00.027007,58.83287099883604,0,3.907600010278224,0,Normal,Critical!!,Normal,Critical!!
2026-05-27 12:09:01.046993,59.21625622419471,0,3.783931266159855,0,Normal,Critical!!,Normal,Critical!!
2026-05-27 12:09:02.050440,59.52097080916631,0,4.96624289529312,0,Normal,Critical!!,Normal,Critical!!
2026-05-27 12:09:03.052621,59.97250941193869,0,3.4725590934846755,0,Normal,Critical!!,Warning,Critical!!
2026-05-27 12:09:04.054688,60.227907573496395,0,3.3376292131458647,0,Normal,Critical!!,Warning,Critical!!
2026-05-27 12:09:05.056857,60.7170949348013,0,3.7432941663373125,0,Normal,Critical!!,Normal,Critical!!
2026-05-27 12:09:06.059452,60.95290572494225,0,3.8044032704293125,0,Normal,Critical!!,Normal,Critical!!
2026-05-27 12:09:07.061725,61.313408486998554,0,4.959505643792584,0,Normal,Critical!!,Normal,Critical!!
2026-05-27 12:09:08.064090,61.60112901210658,0,3.778429828609963,0,Normal,Critical!!,Normal,Critical!!
2026-05-27 12:09:09.065751,61.71739489956173,0,3.467859891684025,0,Normal,Critical!!,Warning,Critical!!
2026-05-27 12:09:10.067909,62.035941360467376,0,3.545968340700076,0,Normal,Critical!!,Warning,Critical!!
2026-05-27 12:09:11.070097,62.40782172450112,0,4.962613856305024,0,Normal,Critical!!,Normal,Critical!!
2026-05-27 12:09:12.072233,62.851798577769415,0,4.388501137661127,0,Normal,Critical!!,Normal,Critical!!
2026-05-27 12:09:13.074118,62.976977934691774,0,4.061964503756674,0,Normal,Critical!!,Normal,Critical!!
2026-05-27 12:09:14.075942,63.18540192717525,0,3.8230003756995328,0,Normal,Critical!!,Normal,Critical!!
2026-05-27 12:09:15.077975,63.299434616392745,0,3.9087543022240703,0,Normal,Critical!!,Normal,Critical!!
2026-05-27 12:09:16.079823,63.43939545604751,0,4.276439104945629,0,Normal,Critical!!,Normal,Critical!!
2026-05-27 12:09:17.081620,63.684570219649906,0,3.572624759305807,0,Normal,Critical!!,Warning,Critical!!
2026-05-27 12:09:18.084404,63.97243533990219,0,4.4303693456679145,0,Normal,Critical!!,Normal,Critical!!
2026-05-27 12:09:19.086429,64.2465867092952,0,3.903186162360496,0,Normal,Critical!!,Normal,Critical!!
2026-05-27 12:09:20.088907,64.69714698507873,0,3.327370816899108,0,Normal,Critical!!,Warning,Critical!!
2026-05-27 12:09:21.090844,64.96970433624098,0,4.74425281360985,0,Normal,Critical!!,Normal,Critical!!
2026-05-27 12:09:22.092753,65.17151720683836,0,4.3557136660991524,0,Normal,Critical!!,Normal,Critical!!
2026-05-27 12:09:23.094566,65.6605317757962,0,4.7685353168755125,0,Normal,Critical!!,Normal,Critical!!
2026-05-27 12:09:24.096642,66.12553639805077,0,3.4003753216099004,0,Normal,Critical!!,Warning,Critical!!
2026-05-27 12:09:25.098480,66.57856844553801,0,4.943407067723658,0,Normal,Critical!!,Normal,Critical!!
2026-05-27 12:09:26.100771,66.96869573031283,0,4.7363750474717055,0,Normal,Critical!!,Normal,Critical!!
2026-05-27 12:09:27.110676,67.4439035685247,0,4.356705992059101,0,Normal,Critical!!,Normal,Critical!!
2026-05-27 12:09:28.112016,67.92510003135966,0,3.631037868434938,0,Normal,Critical!!,Normal,Critical!!
2026-05-27 12:09:29.113810,68.10972420324887,0,3.3859518149419388,0,Normal,Critical!!,Warning,Critical!!
2026-05-27 12:09:30.116460,68.30189284572545,0,3.443779750895391,0,Normal,Critical!!,Warning,Critical!!
2026-05-27 12:09:31.118634,68.66857821062969,0,3.676354667587971,0,Normal,Critical!!,Normal,Critical!!
2026-05-27 12:09:32.120660,68.83829096558382,0,4.3828878199197945,0,Normal,Critical!!,Normal,Critical!!
2026-05-27 12:09:33.122740,69.13880656257837,0,4.3483975416566905,0,Normal,Critical!!,Normal,Critical!!
2026-05-27 12:09:34.124670,69.2526624496601,0,3.4193706747085986,0,Normal,Critical!!,Warning,Critical!!
2026-05-27 12:09:35.127013,69.40421289164024,0,3.5046098989445884,0,Normal,Critical!!,Warning,Critical!!
2026-05-27 12:09:36.128944,69.76776816829015,0,4.590601040820207,0,Normal,Critical!!,Normal,Critical!!
2026-05-27 12:09:37.130992,69.92048519329909,0,3.6311063178079395,0,Normal,Critical!!,Normal,Critical!!
2026-05-27 12:09:38.132827,70.37219017787862,0,3.419103336425169,0,Normal,Critical!!,Warning,Critical!!
2026-05-27 12:09:39.136378,70.85088845674393,0,3.5958865125812816,0,Normal,Critical!!,Warning,Critical!!
2026-05-27 12:09:40.138912,71.09459924983415,0,3.325694042540777,0,Normal,Critical!!,Warning,Critical!!
2026-05-27 12:09:41.142099,71.25379200521182,0,3.883083379467654,0,Normal,Critical!!,Normal,Critical!!
2026-05-27 12:09:42.143869,71.52544559069577,0,4.112766616820077,0,Normal,Critical!!,Normal,Critical!!
2026-05-27 12:09:43.145861,71.65880903719311,0,4.860623136596214,0,Normal,Critical!!,Normal,Critical!!
2026-05-27 12:09:44.148144,71.84026642492829,0,3.434432559015378,0,Normal,Critical!!,Warning,Critical!!
2026-05-27 12:09:45.150555,71.9669187995513,0,4.829744629394131,0,Normal,Critical!!,Normal,Critical!!
2026-05-27 12:09:46.152495,72.15771155163696,0,4.96351132979353,0,Normal,Critical!!,Normal,Critical!!
2026-05-27 12:09:47.154828,72.60806957747818,0,3.7566009058357146,0,Normal,Critical!!,Normal,Critical!!
2026-05-27 12:09:48.156762,73.05794357607118,0,4.410624283942128,0,Normal,Critical!!,Normal,Critical!!
2026-05-27 12:09:49.158648,73.34427454154549,0,4.867767844892541,0,Normal,Critical!!,Normal,Critical!!
2026-05-27 12:09:50.161281,73.7521445044656,0,4.324951910006666,0,Normal,Critical!!,Normal,Critical!!
2026-05-27 12:09:51.163168,74.12386028715451,0,4.937448665040005,0,Normal,Critical!!,Normal,Critical!!
2026-05-27 12:09:52.164967,74.31480947044629,0,4.774650126709455,0,Normal,Critical!!,Normal,Critical!!
2026-05-27 12:09:53.166628,74.80698473356706,0,4.521071822842458,0,Normal,Critical!!,Normal,Critical!!
2026-05-27 12:09:54.168713,74.92842726072276,0,4.203892613617285,0,Normal,Critical!!,Normal,Critical!!
2026-05-27 12:09:55.171210,75.3112426128724,0,4.317057604005202,0,Normal,Critical!!,Normal,Critical!!
2026-05-27 12:09:56.173243,75.71785387390071,0,4.952565473878992,0,Normal,Critical!!,Normal,Critical!!
2026-05-27 12:09:57.175115,75.99177654677113,0,3.5410597136074804,0,Normal,Critical!!,Warning,Critical!!
2026-05-27 12:09:58.177750,76.1233496458711,0,4.072558801293298,0,Normal,Critical!!,Normal,Critical!!
2026-05-27 12:09:59.180217,76.27610400198435,0,4.312739337787236,0,Normal,Critical!!,Normal,Critical!!
2026-05-27 12:10:00.183358,76.65977101352681,0,3.746188593423046,0,Normal,Critical!!,Normal,Critical!!
2026-05-27 12:10:01.193291,76.86074641924021,0,3.988791938735663,0,Normal,Critical!!,Normal,Critical!!
2026-05-27 12:10:02.194730,77.2345196679721,0,4.082507998457551,0,Normal,Critical!!,Normal,Critical!!
2026-05-27 12:10:03.196666,77.596123065195,0,4.8081008666382505,0,Normal,Critical!!,Normal,Critical!!
2026-05-27 12:10:04.198380,77.70781138512503,0,3.646405137975299,0,Normal,Critical!!,Normal,Critical!!
2026-05-27 12:10:05.200669,77.98015520008121,0,3.462961435557375,0,Normal,Critical!!,Warning,Critical!!
2026-05-27 12:10:06.202478,78.11146135382168,0,4.827010438439001,0,Normal,Critical!!,Normal,Critical!!
2026-05-27 12:10:07.204413,78.48162100795919,0,4.796338054775018,0,Normal,Critical!!,Normal,Critical!!
2026-05-27 12:10:08.207559,78.68228617752219,0,3.8220892261507373,0,Normal,Critical!!,Normal,Critical!!
2026-05-27 12:10:09.209119,79.02350677746095,0,3.729018487423728,0,Normal,Critical!!,Normal,Critical!!
2026-05-27 12:10:10.210682,79.25572418380526,0,4.445241997671131,0,Normal,Critical!!,Normal,Critical!!
2026-05-27 12:10:11.212409,79.48850812221032,0,4.013028567471409,0,Normal,Critical!!,Normal,Critical!!
2026-05-27 12:10:12.214219,79.73552135499544,0,3.4168669639243627,0,Normal,Critical!!,Warning,Critical!!
2026-05-27 12:10:13.215889,79.91794356438402,0,3.945166970017688,0,Normal,Critical!!,Normal,Critical!!
2026-05-27 12:10:14.218189,80.3405728165319,0,3.5056021464670324,0,Warning,Critical!!,Warning,Critical!!
2026-05-27 12:10:15.220869,80.21341705020973,0,4.631075555991972,0,Warning,Critical!!,Normal,Critical!!
2026-05-27 12:10:16.222836,80.06726917462116,0,3.329680118150006,0,Warning,Critical!!,Warning,Critical!!
2026-05-27 12:10:17.224518,79.6936066401244,0,4.576817344719688,0,Normal,Critical!!,Normal,Critical!!
2026-05-27 12:10:18.226448,79.57401936582556,0,3.9181158132038547,0,Normal,Critical!!,Normal,Critical!!
2026-05-27 12:10:19.228600,79.13799981174951,0,3.4756623128162745,0,Normal,Critical!!,Warning,Critical!!
2026-05-27 12:10:20.231237,78.71663179760598,0,3.4917198802842697,0,Normal,Critical!!,Warning,Critical!!
2026-05-27 12:10:21.233279,78.48620714492581,0,3.4210404558469265,0,Normal,Critical!!,Warning,Critical!!
2026-05-27 12:10:22.234826,78.06915925494825,0,4.635639667352179,0,Normal,Critical!!,Normal,Critical!!
2026-05-27 12:10:23.236872,77.78573895711888,0,4.393278276988357,0,Normal,Critical!!,Normal,Critical!!
2026-05-27 12:10:24.239232,77.29734555386476,0,4.649075507144742,0,Normal,Critical!!,Normal,Critical!!
2026-05-27 12:10:25.241026,77.0436855454451,0,4.002886078434791,0,Normal,Critical!!,Normal,Critical!!
2026-05-27 12:10:26.242759,76.8918926244164,0,4.017940944497475,0,Normal,Critical!!,Normal,Critical!!
2026-05-27 12:10:27.244217,76.74239343528045,0,3.7284601960907318,0,Normal,Critical!!,Normal,Critical!!
2026-05-27 12:10:28.246600,76.58723770596285,0,4.8292845365613815,0,Normal,Critical!!,Normal,Critical!!
2026-05-27 12:10:29.249996,76.12105472677322,0,3.9479739164500463,0,Normal,Critical!!,Normal,Critical!!
2026-05-27 12:10:30.252363,75.75760767487185,0,4.802858005645702,0,Normal,Critical!!,Normal,Critical!!
2026-05-27 12:10:31.254736,75.3417763039093,0,4.965756027229871,0,Normal,Critical!!,Normal,Critical!!
2026-05-27 12:10:32.256630,75.1677772980149,0,4.216112124610047,0,Normal,Critical!!,Normal,Critical!!
2026-05-27 12:10:33.259041,74.91622791834766,0,3.5435206868186775,0,Normal,Critical!!,Warning,Critical!!
2026-05-27 12:10:34.261166,74.4301910653079,0,3.849514441788253,0,Normal,Critical!!,Normal,Critical!!
2026-05-27 12:10:35.286244,74.10479018429639,0,4.366255739050307,0,Normal,Critical!!,Normal,Critical!!
2026-05-27 12:10:36.288304,73.81848593093923,0,3.904653592270111,0,Normal,Critical!!,Normal,Critical!!
2026-05-27 12:10:37.290313,73.69207136795141,0,3.8950334573895917,0,Normal,Critical!!,Normal,Critical!!
2026-05-27 12:10:38.292074,73.45971666485337,0,4.466310003204038,0,Normal,Critical!!,Normal,Critical!!
2026-05-27 12:10:39.294589,72.98215575450733,0,4.247271808694381,0,Normal,Critical!!,Normal,Critical!!
2026-05-27 12:10:40.297578,72.5864189008445,0,3.801850182967176,0,Normal,Critical!!,Normal,Critical!!
2026-05-27 12:10:41.299456,72.1589139490176,0,4.67453491870134,0,Normal,Critical!!,Normal,Critical!!
2026-05-27 12:10:42.301820,71.86935517691228,0,3.3391596695276036,0,Normal,Critical!!,Warning,Critical!!
2026-05-27 12:10:43.303982,71.48536308792337,0,3.30964291807059,0,Normal,Critical!!,Warning,Critical!!
2026-05-27 12:10:44.305486,71.35361897525617,0,4.521495890719461,0,Normal,Critical!!,Normal,Critical!!
2026-05-27 12:10:45.307933,71.16503273173608,0,4.102872190765672,0,Normal,Critical!!,Normal,Critical!!
2026-05-27 12:10:46.310315,70.77202105627597,0,4.962813040250127,0,Normal,Critical!!,Normal,Critical!!
2026-05-27 12:10:47.311900,70.41900863927077,0,4.668449273152712,0,Normal,Critical!!,Normal,Critical!!
2026-05-27 12:10:48.314957,70.11984328876613,0,3.345949476022169,0,Normal,Critical!!,Warning,Critical!!
2026-05-27 12:10:49.317205,69.90321233554084,0,4.335545997391206,0,Normal,Critical!!,Normal,Critical!!
2026-05-27 12:10:50.319281,69.56932169885116,0,3.6135722045476806,0,Normal,Critical!!,Normal,Critical!!
2026-05-27 12:10:51.321543,69.46682987024082,0,4.401391609571259,0,Normal,Critical!!,Normal,Critical!!
2026-05-27 12:10:52.325054,69.36403466767902,0,4.4598498417352115,0,Normal,Critical!!,Normal,Critical!!
2026-05-27 12:10:53.327577,69.24896385377663,0,4.6208656891625575,0,Normal,Critical!!,Normal,Critical!!
2026-05-27 12:10:54.330169,68.89577786073163,0,4.596840882189927,0,Normal,Critical!!,Normal,Critical!!
2026-05-27 12:10:55.333212,68.44988467528962,0,4.131823391429167,0,Normal,Critical!!,Normal,Critical!!
2026-05-27 12:10:56.335013,68.28525127642858,0,3.9566075800626384,0,Normal,Critical!!,Normal,Critical!!
2026-05-27 12:10:57.337175,67.8008300224899,0,3.3832009776277223,0,Normal,Critical!!,Warning,Critical!!
2026-05-27 12:10:58.339207,67.60367313548177,0,3.475998280173063,0,Normal,Critical!!,Warning,Critical!!
2026-05-27 12:10:59.341077,67.44564503736258,0,4.6430618288209855,0,Normal,Critical!!,Normal,Critical!!
2026-05-27 12:11:00.343823,67.02965539942647,0,3.317709418070975,0,Normal,Critical!!,Warning,Critical!!
2026-05-27 12:11:01.345592,66.57263834438498,0,4.7377625687002745,0,Normal,Critical!!,Normal,Critical!!
2026-05-27 12:11:02.347523,66.34243225812384,0,4.894652283068744,0,Normal,Critical!!,Normal,Critical!!
2026-05-27 12:11:03.349795,66.0737775552764,0,4.48391406258316,0,Normal,Critical!!,Normal,Critical!!
2026-05-27 12:11:04.352227,65.87468125726237,0,4.899922313217237,0,Normal,Critical!!,Normal,Critical!!
2026-05-27 12:11:05.354133,65.54583006810083,0,4.196293410697302,0,Normal,Critical!!,Normal,Critical!!
2026-05-27 12:11:06.357020,65.35421382535863,0,4.872067081764794,0,Normal,Critical!!,Normal,Critical!!
2026-05-27 12:11:07.358460,65.16672189390225,0,4.919377690424771,0,Normal,Critical!!,Normal,Critical!!
2026-05-27 12:11:08.360570,64.97839687959039,0,4.042448281476883,0,Normal,Critical!!,Normal,Critical!!
2026-05-27 12:11:09.362829,64.77474698434544,0,3.990438130113486,0,Normal,Critical!!,Normal,Critical!!
2026-05-27 12:11:10.364670,64.54097711663455,0,4.031442004088173,0,Normal,Critical!!,Normal,Critical!!
2026-05-27 12:11:11.366977,64.41714388693825,0,4.437154646967162,0,Normal,Critical!!,Normal,Critical!!
2026-05-27 12:11:12.369646,64.0698513378989,0,3.6193015681172467,0,Normal,Critical!!,Normal,Critical!!
2026-05-27 12:11:13.371839,63.665466891417154,0,4.569128096999979,0,Normal,Critical!!,Normal,Critical!!
2026-05-27 12:11:14.373474,63.20273981548208,0,3.778459372038723,0,Normal,Critical!!,Normal,Critical!!
2026-05-27 12:11:15.375376,62.92466652926013,0,4.2620872499480305,0,Normal,Critical!!,Normal,Critical!!
2026-05-27 12:11:16.376915,62.59570078399458,0,4.938413751166701,0,Normal,Critical!!,Normal,Critical!!
2026-05-27 12:11:17.379162,62.39560298206519,0,3.6107779184467867,0,Normal,Critical!!,Normal,Critical!!
2026-05-27 12:11:18.381574,62.055864760425436,0,4.998507648451069,0,Normal,Critical!!,Normal,Critical!!
2026-05-27 12:11:19.384189,61.94708188498255,0,4.886402130512838,0,Normal,Critical!!,Normal,Critical!!
2026-05-27 12:11:20.385945,61.524459432130016,0,3.839589983902911,0,Normal,Critical!!,Normal,Critical!!
2026-05-27 12:11:21.387963,61.08516907050839,0,3.450373593698118,0,Normal,Critical!!,Warning,Critical!!
2026-05-27 12:11:22.390213,60.71011397744658,0,4.1166742949752075,0,Normal,Critical!!,Normal,Critical!!
2026-05-27 12:11:23.393066,60.29907656953325,0,3.855241374407891,0,Normal,Critical!!,Normal,Critical!!
2026-05-27 12:11:24.395194,59.846869202125625,0,3.375279248055655,0,Normal,Critical!!,Warning,Critical!!
2026-05-27 12:11:25.397535,59.46203853876688,0,3.8154475913445633,0,Normal,Critical!!,Normal,Critical!!
2026-05-27 12:11:26.399617,58.992943633957964,0,4.717380641233767,0,Normal,Critical!!,Normal,Critical!!
2026-05-27 12:11:27.402074,58.747676928155734,0,4.275372896914089,0,Normal,Critical!!,Normal,Critical!!
2026-05-27 12:11:28.405226,58.30596813316289,0,4.794379601291995,0,Normal,Critical!!,Normal,Critical!!
2026-05-27 12:11:29.408433,58.13515252449698,0,4.475941180556341,0,Normal,Critical!!,Normal,Critical!!
2026-05-27 12:11:30.410305,57.661560173092575,0,4.220102401107752,0,Normal,Critical!!,Normal,Critical!!
2026-05-27 12:11:31.412874,57.19841236917695,0,4.259092127247956,0,Normal,Critical!!,Normal,Critical!!
2026-05-27 12:11:32.414380,56.74908597909583,0,4.087279047055028,0,Normal,Critical!!,Normal,Critical!!
2026-05-27 12:11:33.415956,56.589460740317676,0,4.108088753492158,0,Normal,Critical!!,Normal,Critical!!
2026-05-27 12:11:34.417921,56.32755251323344,0,3.9730389441743412,0,Normal,Critical!!,Normal,Critical!!
2026-05-27 12:11:35.419951,56.134250277012306,0,4.979931100641213,0,Normal,Critical!!,Normal,Critical!!
2026-05-27 12:11:36.421746,55.68160345525189,0,4.577777457338451,0,Normal,Critical!!,Normal,Critical!!
2026-05-27 12:11:37.424028,55.35378619945503,0,4.668307609834031,0,Normal,Critical!!,Normal,Critical!!
2026-05-27 12:11:38.425898,54.85915857532539,0,4.5557311854338804,0,Normal,Critical!!,Normal,Critical!!
2026-05-27 12:11:39.427600,54.64354496710894,0,3.9354046527698596,0,Normal,Critical!!,Normal,Critical!!
2026-05-27 12:11:40.429823,54.382675522716845,0,4.99622499111487,0,Normal,Critical!!,Normal,Critical!!
2026-05-27 12:11:41.433475,53.96150612887717,0,3.8780645549248813,0,Normal,Critical!!,Normal,Critical!!
2026-05-27 12:11:42.435434,53.53557827082317,0,4.491359056288019,0,Normal,Critical!!,Normal,Critical!!
2026-05-27 12:11:43.437044,53.075984745638365,0,3.3513186626496196,0,Normal,Critical!!,Warning,Critical!!
2026-05-27 12:11:44.439712,52.810596211187324,0,3.831368691998489,0,Normal,Critical!!,Normal,Critical!!
2026-05-27 12:11:45.441927,52.31869524844754,0,4.352426387057916,0,Normal,Critical!!,Normal,Critical!!
2026-05-27 12:11:46.445149,52.105992165369294,0,4.043006829932788,0,Normal,Critical!!,Normal,Critical!!
2026-05-27 12:11:47.447215,51.61257363063961,0,4.896655322307204,0,Normal,Critical!!,Normal,Critical!!
2026-05-27 12:11:48.448680,51.41266981480127,0,4.088600816196811,0,Normal,Critical!!,Normal,Critical!!
2026-05-27 12:11:49.450054,51.17704504550586,0,4.0711294934680655,0,Normal,Critical!!,Normal,Critical!!
2026-05-27 12:11:50.452479,50.89751167170862,0,4.705510815435945,0,Normal,Critical!!,Normal,Critical!!
2026-05-27 12:11:51.454366,50.641615891723376,0,3.718023984002053,0,Normal,Critical!!,Normal,Critical!!
2026-05-27 12:11:52.455894,50.389309632147175,0,3.6672824963448205,0,Normal,Critical!!,Normal,Critical!!
2026-05-27 12:11:53.458015,50.1344483611191,0,4.690999368612322,0,Normal,Critical!!,Normal,Critical!!
2026-05-27 12:11:54.460302,49.940513996931976,0,4.147384075582564,0,Normal,Critical!!,Normal,Critical!!
2026-05-27 12:11:55.462674,49.48158357489846,0,4.899561336907929,0,Normal,Critical!!,Normal,Critical!!
2026-05-27 12:11:56.464878,49.26621356151926,0,3.4916004187449374,0,Normal,Critical!!,Warning,Critical!!
2026-05-27 12:11:57.466400,48.796760197190295,0,3.711723046608487,0,Normal,Critical!!,Normal,Critical!!
2026-05-27 12:11:58.468312,48.609036531178184,0,4.1475909194777305,0,Normal,Critical!!,Normal,Critical!!
2026-05-27 12:11:59.470367,48.320567367175684,0,4.582672532097371,0,Normal,Critical!!,Normal,Critical!!
2026-05-27 12:12:00.472001,47.83750956086418,0,3.45589932377202,0,Normal,Critical!!,Warning,Critical!!
2026-05-27 12:12:01.474176,47.61441167210655,0,4.009148158772883,0,Normal,Critical!!,Normal,Critical!!
2026-05-27 12:12:02.475813,47.260328678197865,0,3.593929478862635,0,Normal,Critical!!,Warning,Critical!!
2026-05-27 12:12:03.477929,47.02923079988249,0,4.940824944863988,0,Normal,Critical!!,Normal,Critical!!
2026-05-27 12:12:04.480125,46.613476069661026,0,4.439604685721333,0,Normal,Critical!!,Normal,Critical!!
2026-05-27 12:12:05.482695,46.30868367046741,0,4.466539556920259,0,Normal,Critical!!,Normal,Critical!!
2026-05-27 12:12:06.485086,45.81855724054629,0,4.288513082726195,0,Normal,Critical!!,Normal,Critical!!
2026-05-27 12:12:07.487563,45.71518113132345,0,4.128083267818492,0,Normal,Critical!!,Normal,Critical!!
2026-05-27 12:12:08.489136,45.50368737696524,0,4.810901461638752,0,Normal,Critical!!,Normal,Critical!!
2026-05-27 12:12:09.490799,45.014383948262264,0,3.370798493324147,0,Normal,Critical!!,Warning,Critical!!
2026-05-27 12:12:10.492110,44.5720086658062,0,4.106220901659446,0,Normal,Critical!!,Normal,Critical!!
2026-05-27 12:12:11.494185,44.341045335336275,0,3.5840001157411003,0,Normal,Critical!!,Warning,Critical!!
2026-05-27 12:12:12.496080,44.18902537571079,0,4.014233319738482,0,Normal,Critical!!,Normal,Critical!!
2026-05-27 12:12:13.497744,43.80118157274475,0,3.5597550933028086,0,Normal,Critical!!,Warning,Critical!!
2026-05-27 12:12:14.499639,43.428827925696886,0,3.4545194717260794,0,Normal,Critical!!,Warning,Critical!!
2026-05-27 12:12:15.501906,43.210753935353296,0,4.6012111811866765,0,Normal,Critical!!,Normal,Critical!!
2026-05-27 12:12:16.503826,42.91445889948374,0,3.6649684072125206,0,Normal,Critical!!,Normal,Critical!!
2026-05-27 12:12:17.506518,42.54244062102221,0,3.951764082558131,0,Normal,Critical!!,Normal,Critical!!
2026-05-27 12:12:18.508499,42.185215589794396,0,4.265805595615362,0,Normal,Critical!!,Normal,Critical!!
2026-05-27 12:12:19.510422,41.95830833375367,0,4.504943832724089,0,Normal,Critical!!,Normal,Critical!!
2026-05-27 12:12:20.512982,41.6668091449596,0,4.401253351783346,0,Normal,Critical!!,Normal,Critical!!
2026-05-27 12:12:21.515437,41.24841397259915,0,3.357968942228385,0,Normal,Critical!!,Warning,Critical!!
2026-05-27 12:12:22.517437,40.949117379925205,0,4.7572366471232055,0,Normal,Critical!!,Normal,Critical!!
2026-05-27 12:12:23.519345,40.47565675872563,0,4.671457793479469,0,Normal,Critical!!,Normal,Critical!!
2026-05-27 12:12:24.521584,40.125771947051,0,4.643198592364548,0,Normal,Critical!!,Normal,Critical!!
2026-05-27 12:12:25.523023,40.014332415037245,0,4.767388332816219,0,Normal,Critical!!,Normal,Critical!!
2026-05-27 12:12:26.525999,39.73587914502211,0,4.906791182087805,0,Normal,Critical!!,Normal,Critical!!
2026-05-27 12:12:27.528229,39.608277820551855,0,3.7433987020963584,0,Normal,Critical!!,Normal,Critical!!
2026-05-27 12:12:28.530265,39.16417292685619,0,4.203136785460611,0,Normal,Critical!!,Normal,Critical!!
2026-05-27 12:12:29.532144,38.93136125685013,0,4.45494487477932,0,Normal,Critical!!,Normal,Critical!!
2026-05-27 12:12:30.533770,38.69990262148674,0,4.946677987034286,0,Normal,Critical!!,Normal,Critical!!
2026-05-27 12:12:31.535993,38.52935949476715,0,4.728260574253779,0,Normal,Critical!!,Normal,Critical!!
2026-05-27 12:12:32.537968,38.260124830432765,0,3.8644227665387416,0,Normal,Critical!!,Normal,Critical!!
2026-05-27 12:12:33.540068,37.85098521978499,0,3.5452147008989665,0,Normal,Critical!!,Warning,Critical!!
2026-05-27 12:12:34.542897,37.58347699045268,0,4.5158219164964475,0,Normal,Critical!!,Normal,Critical!!
2026-05-27 12:12:35.545597,37.13395286389914,0,4.938771719209861,0,Normal,Critical!!,Normal,Critical!!
2026-05-27 12:12:36.547802,36.940552193356375,0,4.516889487717737,0,Normal,Critical!!,Normal,Critical!!
2026-05-27 12:12:37.549711,36.566369087714946,0,4.785057910439945,0,Normal,Critical!!,Normal,Critical!!
2026-05-27 12:12:38.552016,36.18668613655962,0,4.629480690751069,0,Normal,Critical!!,Normal,Critical!!
2026-05-27 12:12:39.553985,35.873948875967926,0,4.192422115536223,0,Normal,Critical!!,Normal,Critical!!
2026-05-27 12:12:40.555889,35.7056486105996,0,3.641482606274849,0,Normal,Critical!!,Normal,Critical!!
2026-05-27 12:12:41.558105,35.35168346540665,0,4.689996820633483,0,Normal,Critical!!,Normal,Critical!!
2026-05-27 12:12:42.560021,34.99277400427953,0,3.660385308109856,0,Normal,Critical!!,Normal,Critical!!
2026-05-27 12:12:43.561953,34.80772620978457,0,3.3377255325790873,0,Normal,Critical!!,Warning,Critical!!
2026-05-27 12:12:44.564836,34.68260680212912,0,4.809258444543902,0,Normal,Critical!!,Normal,Critical!!
2026-05-27 12:12:45.567253,34.53103381462765,0,4.27872408054554,0,Normal,Critical!!,Normal,Critical!!
2026-05-27 12:12:46.569376,34.175667387108554,0,3.9636463824876924,0,Normal,Critical!!,Normal,Critical!!
2026-05-27 12:12:47.571111,34.02118096608003,0,3.4878850033075937,0,Normal,Critical!!,Warning,Critical!!
2026-05-27 12:12:48.572790,33.60662011109698,0,3.977876171360431,0,Normal,Critical!!,Normal,Critical!!
2026-05-27 12:12:49.575282,33.13486744107288,0,4.051466034681318,0,Normal,Critical!!,Normal,Critical!!
2026-05-27 12:12:50.577309,32.68600859741148,0,4.647189928158647,0,Normal,Critical!!,Normal,Critical!!
2026-05-27 12:12:51.587057,32.47792984630928,0,4.862171301716714,0,Normal,Critical!!,Normal,Critical!!
2026-05-27 12:12:52.588984,32.05786270748838,0,4.999945454361507,0,Normal,Critical!!,Normal,Critical!!
2026-05-27 12:12:53.590797,31.585232940093437,0,3.3947526224112203,0,Normal,Critical!!,Warning,Critical!!
2026-05-27 12:12:54.594366,31.36835502882222,0,3.6654073888592937,0,Normal,Critical!!,Normal,Critical!!
2026-05-27 12:12:55.596798,31.156268182587795,0,3.4447495135150294,0,Normal,Critical!!,Warning,Critical!!
2026-05-27 12:12:56.598945,30.744697936608326,0,4.226509390399851,0,Normal,Critical!!,Normal,Critical!!
2026-05-27 12:12:57.600558,30.55538665598072,0,4.805919392643065,0,Normal,Critical!!,Normal,Critical!!
2026-05-27 12:12:58.602453,30.330085234559164,0,3.4940189403699295,0,Normal,Critical!!,Warning,Critical!!
2026-05-27 12:12:59.604475,29.97128587696031,0,4.478154538267905,0,Normal,Critical!!,Normal,Critical!!
2026-05-27 12:13:00.606502,29.61234164096768,0,4.9044278844972915,0,Normal,Critical!!,Normal,Critical!!
2026-05-27 12:13:01.609363,29.26739168758573,0,3.667122486525469,0,Normal,Critical!!,Normal,Critical!!
2026-05-27 12:13:02.611783,29.059725803937575,0,3.6035099445341454,0,Normal,Critical!!,Normal,Critical!!
2026-05-27 12:13:03.614143,28.62060647203404,0,4.0941168851383685,0,Normal,Critical!!,Normal,Critical!!
2026-05-27 12:13:04.616475,28.374848714431803,0,3.777470827691001,0,Normal,Critical!!,Normal,Critical!!
2026-05-27 12:13:05.617948,27.998738746027705,0,3.821990992005774,0,Normal,Critical!!,Normal,Critical!!
2026-05-27 12:13:06.620204,27.857557961896095,0,3.5577801385449126,0,Normal,Critical!!,Warning,Critical!!
2026-05-27 12:13:07.621733,27.75283094240221,0,4.053115389913693,0,Normal,Critical!!,Normal,Critical!!
2026-05-27 12:13:08.623298,27.44032025680869,0,3.8908168613684144,0,Normal,Critical!!,Normal,Critical!!
2026-05-27 12:13:09.625354,27.167690281475917,0,3.7938269603025336,0,Normal,Critical!!,Normal,Critical!!
2026-05-27 12:13:10.627600,26.843042608064756,0,4.258529072181585,0,Normal,Critical!!,Normal,Critical!!
2026-05-27 12:13:11.629793,26.580308068941697,0,3.8201019602780075,0,Normal,Critical!!,Normal,Critical!!
2026-05-27 12:13:12.631977,26.458819406565578,0,3.5456815054734947,0,Normal,Critical!!,Warning,Critical!!
2026-05-27 12:13:13.634531,26.2585017715129,0,3.4968218827739794,0,Normal,Critical!!,Warning,Critical!!
2026-05-27 12:13:14.636841,25.84395784395195,0,4.133882768766139,0,Normal,Critical!!,Normal,Critical!!
2026-05-27 12:13:15.639318,25.589106681599816,0,4.156661546962544,0,Normal,Critical!!,Normal,Critical!!
2026-05-27 12:13:16.641605,25.38895356080098,0,4.937643309974438,0,Normal,Critical!!,Normal,Critical!!
2026-05-27 12:13:17.644234,25.236469040144115,0,4.931111529983177,0,Normal,Critical!!,Normal,Critical!!
2026-05-27 12:13:18.647134,24.93233253032968,0,4.708442351061716,0,Normal,Critical!!,Normal,Critical!!
2026-05-27 12:13:19.648758,24.44927320356871,0,3.355808223952365,0,Normal,Critical!!,Warning,Critical!!
2026-05-27 12:13:20.650671,24.07846126783785,0,4.173754098276911,0,Normal,Critical!!,Normal,Critical!!
2026-05-27 12:13:21.653288,23.611355827575476,0,4.180729074506509,0,Normal,Critical!!,Normal,Critical!!
2026-05-27 12:13:22.655352,23.32032908895067,0,4.242745205304349,0,Normal,Critical!!,Normal,Critical!!
2026-05-27 12:13:23.657405,23.150569050705528,0,3.369355507989428,0,Normal,Critical!!,Warning,Critical!!
2026-05-27 12:13:24.659263,22.772008366219172,0,3.8906193307582075,0,Normal,Critical!!,Normal,Critical!!
2026-05-27 12:13:25.662806,22.53674535359596,0,3.8586802727240297,0,Normal,Critical!!,Normal,Critical!!
2026-05-27 12:13:26.664741,22.120371090406838,0,3.711151475364506,0,Normal,Critical!!,Normal,Critical!!
2026-05-27 12:13:27.667230,21.721579719058255,0,4.301966418790382,0,Normal,Critical!!,Normal,Critical!!
2026-05-27 12:13:28.669305,21.608169983608764,0,3.92554315401465,0,Normal,Critical!!,Normal,Critical!!
2026-05-27 12:13:29.670804,21.151207406743456,0,3.9993287593558047,0,Normal,Critical!!,Normal,Critical!!
2026-05-27 12:13:30.672735,21.014271337236828,0,4.425624509513662,0,Normal,Critical!!,Normal,Critical!!
2026-05-27 12:13:31.678451,20.600657860980508,0,4.344299570933587,0,Normal,Critical!!,Normal,Critical!!
2026-05-27 12:13:32.680608,20.171628256150473,0,4.216478744953713,0,Normal,Critical!!,Normal,Critical!!
2026-05-27 12:13:33.682816,20.04565182417537,0,4.255394604689858,0,Normal,Critical!!,Normal,Critical!!
2026-05-27 12:13:34.684797,19.7185690813188,0,4.454699430985176,0,Normal,Critical!!,Normal,Critical!!
2026-05-27 12:13:35.686439,20.182361193402897,0,4.7793222042355055,0,Normal,Critical!!,Normal,Critical!!
2026-05-27 12:13:36.688270,20.540224400470855,0,4.310708204279038,0,Normal,Critical!!,Normal,Critical!!
2026-05-27 12:13:37.689829,20.880637322449505,0,4.4345474165881535,0,Normal,Critical!!,Normal,Critical!!
2026-05-27 12:13:38.691949,21.09699411792272,0,4.53639174543528,0,Normal,Critical!!,Normal,Critical!!
2026-05-27 12:13:39.693961,21.594666136812723,0,3.953469915104993,0,Normal,Critical!!,Normal,Critical!!
2026-05-27 12:13:40.696374,21.919497196538742,0,4.1201677628204685,0,Normal,Critical!!,Normal,Critical!!
2026-05-27 12:13:41.698835,22.272124737332085,0,4.144831158085119,0,Normal,Critical!!,Normal,Critical!!
2026-05-27 12:13:42.701382,22.49639555193414,0,4.504743861900389,0,Normal,Critical!!,Normal,Critical!!
2026-05-27 12:13:43.703816,22.806264584007614,0,4.412995176099835,0,Normal,Critical!!,Normal,Critical!!
2026-05-27 12:13:44.707096,22.96154236709801,0,3.765661502534024,0,Normal,Critical!!,Normal,Critical!!
2026-05-27 12:13:45.708883,23.23890096791147,0,3.7793901586425913,0,Normal,Critical!!,Normal,Critical!!
2026-05-27 12:13:46.710558,23.371052909651358,0,4.950912371149601,0,Normal,Critical!!,Normal,Critical!!
2026-05-27 12:13:47.712698,23.737888589784653,0,3.3587812171964275,0,Normal,Critical!!,Warning,Critical!!
2026-05-27 12:13:48.714495,24.214964257818234,0,3.6775019534682456,0,Normal,Critical!!,Normal,Critical!!
2026-05-27 12:13:49.716834,24.46320910438411,0,4.151322510143475,0,Normal,Critical!!,Normal,Critical!!
2026-05-27 12:13:50.718970,24.74501910095659,0,4.608012116951842,0,Normal,Critical!!,Normal,Critical!!
2026-05-27 12:13:51.721288,24.980658320768605,0,4.002783401734745,0,Normal,Critical!!,Normal,Critical!!
2026-05-27 12:13:52.723069,25.265917345315316,0,4.011755235046596,0,Normal,Critical!!,Normal,Critical!!
2026-05-27 12:13:53.725638,25.63133332409418,0,3.5259346662289843,0,Normal,Critical!!,Warning,Critical!!
2026-05-27 12:13:54.727349,25.992051186885423,0,3.467205179214792,0,Normal,Critical!!,Warning,Critical!!
2026-05-27 12:13:55.729635,26.328341432307194,0,4.780407405650482,0,Normal,Critical!!,Normal,Critical!!
2026-05-27 12:13:56.731568,26.80492055876782,0,3.30581664890587,0,Normal,Critical!!,Warning,Critical!!
2026-05-27 12:13:57.733676,27.071376970323076,0,3.655535011154276,0,Normal,Critical!!,Normal,Critical!!
2026-05-27 12:13:58.735795,27.56458655353482,0,3.6341814373085195,0,Normal,Critical!!,Normal,Critical!!
2026-05-27 12:13:59.742511,27.741942759603035,0,4.013149416489535,0,Normal,Critical!!,Normal,Critical!!
2026-05-27 12:14:00.745162,27.93007243866425,0,3.854386857901568,0,Normal,Critical!!,Normal,Critical!!
2026-05-27 12:14:01.747377,28.111785902486062,0,3.8978960190696395,0,Normal,Critical!!,Normal,Critical!!
2026-05-27 12:14:02.749779,28.232415712437835,0,4.615930392663547,0,Normal,Critical!!,Normal,Critical!!
2026-05-27 12:14:03.751831,28.474078716868316,0,4.860538437304831,0,Normal,Critical!!,Normal,Critical!!
2026-05-27 12:14:04.754294,28.702306516501977,0,3.9631358951713134,0,Normal,Critical!!,Normal,Critical!!
2026-05-27 12:14:05.756562,29.162836526493383,0,3.8659796083835762,0,Normal,Critical!!,Normal,Critical!!
2026-05-27 12:14:06.759519,29.353573284037996,0,4.122423691412395,0,Normal,Critical!!,Normal,Critical!!
2026-05-27 12:14:07.761646,29.461508228175585,0,4.17324832901695,0,Normal,Critical!!,Normal,Critical!!
2026-05-27 12:14:08.763389,29.954129536607592,0,4.140746333273914,0,Normal,Critical!!,Normal,Critical!!
2026-05-27 12:14:09.765813,30.130730952805308,0,3.947212271899549,0,Normal,Critical!!,Normal,Critical!!
2026-05-27 12:14:10.768160,30.387228502093517,0,4.87218453863796,0,Normal,Critical!!,Normal,Critical!!
2026-05-27 12:14:11.769828,30.883600422617764,0,3.4749295129193696,0,Normal,Critical!!,Warning,Critical!!
2026-05-27 12:14:12.772238,31.16037489691842,0,4.032743776850049,0,Normal,Critical!!,Normal,Critical!!
2026-05-27 12:14:13.775223,31.622065364670014,0,3.9638157173239144,0,Normal,Critical!!,Normal,Critical!!
2026-05-27 12:14:14.778102,31.917461374121494,0,3.9697105836166973,0,Normal,Critical!!,Normal,Critical!!
2026-05-27 12:14:15.780349,32.164746403348346,0,4.931635054340989,0,Normal,Critical!!,Normal,Critical!!
2026-05-27 12:14:16.782466,32.59736420638533,0,3.405360669665243,0,Normal,Critical!!,Warning,Critical!!
2026-05-27 12:14:17.784524,32.81168274689613,0,4.297790701090966,0,Normal,Critical!!,Normal,Critical!!
2026-05-27 12:14:18.786278,33.00256892540277,0,3.7920602808830894,0,Normal,Critical!!,Normal,Critical!!
2026-05-27 12:14:19.788013,33.438987896408285,0,4.775775818660838,0,Normal,Critical!!,Normal,Critical!!
2026-05-27 12:14:20.789541,33.840942338841835,0,4.235812005096562,0,Normal,Critical!!,Normal,Critical!!
2026-05-27 12:14:21.791505,34.08034118211242,0,4.743185088289411,0,Normal,Critical!!,Normal,Critical!!
2026-05-27 12:14:22.793160,34.44586737175979,0,4.1086433519780465,0,Normal,Critical!!,Normal,Critical!!
2026-05-27 12:14:23.795035,34.82757214144768,0,3.8874557023611844,0,Normal,Critical!!,Normal,Critical!!
2026-05-27 12:14:24.797854,35.3093450694134,0,3.907035393302614,0,Normal,Critical!!,Normal,Critical!!
2026-05-27 12:14:25.800675,35.70505410109873,0,4.7592982042267735,0,Normal,Critical!!,Normal,Critical!!
2026-05-27 12:14:26.802352,36.135696373583926,0,3.4156473083856365,0,Normal,Critical!!,Warning,Critical!!
2026-05-27 12:14:27.805133,36.332904261344,0,3.997930189753818,0,Normal,Critical!!,Normal,Critical!!
2026-05-27 12:14:28.807562,36.82968753493877,0,3.4651274001430226,0,Normal,Critical!!,Warning,Critical!!
2026-05-27 12:14:29.810011,37.120315633497704,0,4.204420127033812,0,Normal,Critical!!,Normal,Critical!!
2026-05-27 12:14:30.811962,37.314895367299606,0,3.309516199019389,0,Normal,Critical!!,Warning,Critical!!
2026-05-27 12:14:31.814387,37.732057474545854,0,4.475510769167551,0,Normal,Critical!!,Normal,Critical!!
2026-05-27 12:14:32.815849,38.17176835391298,0,4.98299330761404,0,Normal,Critical!!,Normal,Critical!!
2026-05-27 12:14:33.818691,38.64811952894228,0,3.5278918320471333,0,Normal,Critical!!,Warning,Critical!!
2026-05-27 12:14:34.820551,39.071560925534605,0,3.5308305144073753,0,Normal,Critical!!,Warning,Critical!!
2026-05-27 12:14:35.822584,39.56694978102014,0,3.33494015548584,0,Normal,Critical!!,Warning,Critical!!
2026-05-27 12:14:36.824655,39.678478998299376,0,3.721269385996338,0,Normal,Critical!!,Normal,Critical!!
2026-05-27 12:14:37.827570,39.95586954743062,0,3.345639992235,0,Normal,Critical!!,Warning,Critical!!
2026-05-27 12:14:38.829374,40.18359721165754,0,4.227683184069887,0,Normal,Critical!!,Normal,Critical!!
2026-05-27 12:14:39.831757,40.4872114245594,0,4.85183570473308,0,Normal,Critical!!,Normal,Critical!!
2026-05-27 12:14:40.833857,40.91653750334558,0,4.2568883615457915,0,Normal,Critical!!,Normal,Critical!!
2026-05-27 12:14:41.835815,41.117757554476825,0,3.591402382588614,0,Normal,Critical!!,Warning,Critical!!
2026-05-27 12:14:42.838335,41.51499176739859,0,3.777502877343346,0,Normal,Critical!!,Normal,Critical!!
2026-05-27 12:14:43.839965,41.98457021381372,0,4.480723831913369,0,Normal,Critical!!,Normal,Critical!!
2026-05-27 12:14:44.841726,42.15120568055737,0,3.3050696428865467,0,Normal,Critical!!,Warning,Critical!!
2026-05-27 12:14:45.843237,42.37881752939034,0,4.883934261196227,0,Normal,Critical!!,Normal,Critical!!
2026-05-27 12:14:46.845591,42.59768083754183,0,4.51880425892908,0,Normal,Critical!!,Normal,Critical!!
2026-05-27 12:14:47.847756,42.916373790017694,0,4.983158409221234,0,Normal,Critical!!,Normal,Critical!!
2026-05-27 12:14:48.850141,43.25762784003974,0,4.979037287050472,0,Normal,Critical!!,Normal,Critical!!
2026-05-27 12:14:49.852723,43.52852555196074,0,4.968370338977194,0,Normal,Critical!!,Normal,Critical!!
2026-05-27 12:14:50.854773,43.95947579714826,0,4.547562302303665,0,Normal,Critical!!,Normal,Critical!!
2026-05-27 12:14:51.856989,44.29045514850703,0,4.652618201882929,0,Normal,Critical!!,Normal,Critical!!
2026-05-27 12:14:52.858953,44.763846214134865,0,4.215603288144193,0,Normal,Critical!!,Normal,Critical!!
2026-05-27 12:14:53.861029,45.1179075039298,0,4.820333944387627,0,Normal,Critical!!,Normal,Critical!!
2026-05-27 12:14:54.862771,45.25805235170227,0,3.969678688755602,0,Normal,Critical!!,Normal,Critical!!
2026-05-27 12:14:55.865753,45.63565007243095,0,4.8076882749595224,0,Normal,Critical!!,Normal,Critical!!
2026-05-27 12:14:56.867620,45.80437101512348,0,4.934657959011888,0,Normal,Critical!!,Normal,Critical!!
2026-05-27 12:14:57.870088,46.15566010953492,0,3.811981061551582,0,Normal,Critical!!,Normal,Critical!!
2026-05-27 12:14:58.872493,46.337599237649364,0,4.64437486051307,0,Normal,Critical!!,Normal,Critical!!
2026-05-27 12:14:59.874472,46.483833330708805,0,3.468459127697089,0,Normal,Critical!!,Warning,Critical!!
2026-05-27 12:15:00.876716,46.71709472130623,0,4.694729539360817,0,Normal,Critical!!,Normal,Critical!!
2026-05-27 12:15:01.878738,47.00618432396356,0,3.5529486618882724,0,Normal,Critical!!,Warning,Critical!!
2026-05-27 12:15:02.880839,47.131269761154385,0,4.340514055109486,0,Normal,Critical!!,Normal,Critical!!
2026-05-27 12:15:03.883244,47.521214293698215,0,3.5776465001189743,0,Normal,Critical!!,Warning,Critical!!
2026-05-27 12:15:04.885109,47.721116913263224,0,4.423509642450674,0,Normal,Critical!!,Normal,Critical!!
2026-05-27 12:15:05.888626,48.0050625371668,0,4.910700782124556,0,Normal,Critical!!,Normal,Critical!!
2026-05-27 12:15:06.890306,48.30901169138968,0,3.9069578358811157,0,Normal,Critical!!,Normal,Critical!!
2026-05-27 12:15:07.899471,48.62902940839015,0,4.153324837944434,0,Normal,Critical!!,Normal,Critical!!
2026-05-27 12:15:08.901522,49.0029684402032,0,4.262641549483279,0,Normal,Critical!!,Normal,Critical!!
2026-05-27 12:15:09.903078,49.13143657921163,0,3.7370746565152406,0,Normal,Critical!!,Normal,Critical!!
2026-05-27 12:15:10.905284,49.28141864800338,0,3.402373821727125,0,Normal,Critical!!,Warning,Critical!!
2026-05-27 12:15:11.906899,49.47787312709446,0,3.4600841985770185,0,Normal,Critical!!,Warning,Critical!!
2026-05-27 12:15:12.909073,49.59170804874843,0,3.347960824148169,0,Normal,Critical!!,Warning,Critical!!
2026-05-27 12:15:13.911617,49.958057290872965,0,4.822409405408886,0,Normal,Critical!!,Normal,Critical!!
2026-05-27 12:15:14.913697,50.28918190702844,0,4.767663168101374,0,Normal,Critical!!,Normal,Critical!!
2026-05-27 12:15:15.916441,50.64527240185076,0,3.9448721260546042,0,Normal,Critical!!,Normal,Critical!!
2026-05-27 12:15:16.919394,50.99341147196694,0,4.977973254727983,0,Normal,Critical!!,Normal,Critical!!
2026-05-27 12:15:17.921225,51.47048082451022,0,3.7345736565607823,0,Normal,Critical!!,Normal,Critical!!
2026-05-27 12:15:18.923011,51.58598096404706,0,4.942147690395703,0,Normal,Critical!!,Normal,Critical!!
2026-05-27 12:15:19.924846,52.014418947564806,0,4.412120907102006,0,Normal,Critical!!,Normal,Critical!!
2026-05-27 12:15:20.927096,52.50700016334079,0,4.808071145625139,0,Normal,Critical!!,Normal,Critical!!
2026-05-27 12:15:21.929525,52.653579293792575,0,4.740950488175216,0,Normal,Critical!!,Normal,Critical!!
2026-05-27 12:15:22.931179,53.073410475976324,0,4.833478914405009,0,Normal,Critical!!,Normal,Critical!!
2026-05-27 12:15:23.932847,53.5580471795226,0,3.9946792330841507,0,Normal,Critical!!,Normal,Critical!!
2026-05-27 12:15:24.935230,53.80914083690914,0,4.442411827450878,0,Normal,Critical!!,Normal,Critical!!
2026-05-27 12:15:25.937887,54.18300336395554,0,4.295698221728568,0,Normal,Critical!!,Normal,Critical!!
2026-05-27 12:15:26.939832,54.45599017206978,0,4.882129031619249,0,Normal,Critical!!,Normal,Critical!!
2026-05-27 12:15:27.941567,54.68116500377849,0,4.264099076928912,0,Normal,Critical!!,Normal,Critical!!
2026-05-27 12:15:28.943629,55.08994357665711,0,3.3980801225409,0,Normal,Critical!!,Warning,Critical!!
2026-05-27 12:15:29.945604,55.51968507220874,0,3.894590722216252,0,Normal,Critical!!,Normal,Critical!!
2026-05-27 12:15:30.948140,55.98506788838404,0,3.8204946462091196,0,Normal,Critical!!,Normal,Critical!!
2026-05-27 12:15:31.950512,56.44834630143489,0,4.319439113903053,0,Normal,Critical!!,Normal,Critical!!
2026-05-27 12:15:32.952385,56.93183957056402,0,4.915147444760432,0,Normal,Critical!!,Normal,Critical!!
2026-05-27 12:15:33.954888,57.16264342257935,0,3.4757743951774422,0,Normal,Critical!!,Warning,Critical!!
2026-05-27 12:15:34.957240,57.52678504178617,0,4.1164001576107365,0,Normal,Critical!!,Normal,Critical!!
2026-05-27 12:15:35.959097,57.7395288984821,0,3.991465180532625,0,Normal,Critical!!,Normal,Critical!!
2026-05-27 12:15:36.961119,58.007593266444026,0,3.3259621629516367,0,Normal,Critical!!,Warning,Critical!!
2026-05-27 12:15:37.963216,58.306949476302236,0,3.465873650231235,0,Normal,Critical!!,Warning,Critical!!
2026-05-27 12:15:38.965435,58.62405186656103,0,4.453579218492832,0,Normal,Critical!!,Normal,Critical!!
2026-05-27 12:15:39.967621,59.073470519362544,0,3.5860405209886856,0,Normal,Critical!!,Warning,Critical!!
2026-05-27 12:15:40.970834,59.20596580839308,0,4.716428055857714,0,Normal,Critical!!,Normal,Critical!!
2026-05-27 12:15:41.972860,59.42529197339062,0,4.235425081068969,0,Normal,Critical!!,Normal,Critical!!
2026-05-27 12:15:42.975539,59.923878588370755,0,4.686464245981278,0,Normal,Critical!!,Normal,Critical!!
2026-05-27 12:15:43.986638,60.242248940023856,0,3.4833534912814175,0,Normal,Critical!!,Warning,Critical!!
2026-05-27 12:15:44.988909,60.41750546765758,0,3.6556653967173065,0,Normal,Critical!!,Normal,Critical!!
2026-05-27 12:15:45.991208,60.78382876788815,0,4.87763161330438,0,Normal,Critical!!,Normal,Critical!!
2026-05-27 12:15:46.993346,61.24207046734642,0,3.767324337530323,0,Normal,Critical!!,Normal,Critical!!
2026-05-27 12:15:47.995761,61.46095000211473,0,3.8368391360508345,0,Normal,Critical!!,Normal,Critical!!
2026-05-27 12:15:48.998149,61.859793212902765,0,3.557779622528474,0,Normal,Critical!!,Warning,Critical!!
2026-05-27 12:15:50.000625,62.33312518818789,0,4.366700594340015,0,Normal,Critical!!,Normal,Critical!!
2026-05-27 12:15:51.002945,62.60939048871304,0,4.113137870136345,0,Normal,Critical!!,Normal,Critical!!
2026-05-27 12:15:52.005202,62.82681295608789,0,4.939981200447996,0,Normal,Critical!!,Normal,Critical!!
2026-05-27 12:15:53.007433,63.115176119338344,0,4.75577798664957,0,Normal,Critical!!,Normal,Critical!!
2026-05-27 12:15:54.010520,63.22337417637724,0,4.030101420802637,0,Normal,Critical!!,Normal,Critical!!
2026-05-27 12:15:55.012398,63.58683002928085,0,4.155781929925491,0,Normal,Critical!!,Normal,Critical!!
2026-05-27 12:15:56.015938,63.95162148549376,0,3.5697804443770713,0,Normal,Critical!!,Warning,Critical!!
2026-05-27 12:15:57.018540,64.06502346543705,0,4.323369385396834,0,Normal,Critical!!,Normal,Critical!!
2026-05-27 12:15:58.020520,64.46568783090495,0,4.181116338873243,0,Normal,Critical!!,Normal,Critical!!
2026-05-27 12:15:59.022220,64.69667607407465,0,4.862257808228887,0,Normal,Critical!!,Normal,Critical!!
2026-05-27 12:16:00.024113,64.91573382703157,0,4.689933928528067,0,Normal,Critical!!,Normal,Critical!!
2026-05-27 12:16:01.026103,65.17796894433263,0,4.141997637333655,0,Normal,Critical!!,Normal,Critical!!
2026-05-27 12:16:02.028599,65.64185129675286,0,4.946746698203189,0,Normal,Critical!!,Normal,Critical!!
2026-05-27 12:16:03.030705,65.92151771278274,0,4.042249021222752,0,Normal,Critical!!,Normal,Critical!!
2026-05-27 12:16:04.032731,66.40504665466085,0,4.213806721820726,0,Normal,Critical!!,Normal,Critical!!
2026-05-27 12:16:05.035010,66.78439352753698,0,4.432501967983505,0,Normal,Critical!!,Normal,Critical!!
2026-05-27 12:16:06.037091,67.04223605498218,0,3.8733472932320145,0,Normal,Critical!!,Normal,Critical!!
2026-05-27 12:16:07.039636,67.51230032870691,0,3.631627094219758,0,Normal,Critical!!,Normal,Critical!!
2026-05-27 12:16:08.042686,67.85097468466873,0,4.310070413501251,0,Normal,Critical!!,Normal,Critical!!
2026-05-27 12:16:09.044448,68.21657582606927,0,4.58003313916085,0,Normal,Critical!!,Normal,Critical!!
2026-05-27 12:16:10.046326,68.35468868539667,0,4.348745879844319,0,Normal,Critical!!,Normal,Critical!!
2026-05-27 12:16:11.049049,68.50754454811364,0,4.2391777863767235,0,Normal,Critical!!,Normal,Critical!!
2026-05-27 12:16:12.052403,68.66272339549141,0,4.366249689740073,0,Normal,Critical!!,Normal,Critical!!
2026-05-27 12:16:13.054981,69.08132094541399,0,4.519094790536821,0,Normal,Critical!!,Normal,Critical!!
2026-05-27 12:16:14.077909,69.38153344096482,0,4.155780868245604,0,Normal,Critical!!,Normal,Critical!!
2026-05-27 12:16:15.089275,69.52037573494158,0,3.533097493715239,0,Normal,Critical!!,Warning,Critical!!
2026-05-27 12:16:16.091331,69.9624023634671,0,3.3351333846518023,0,Normal,Critical!!,Warning,Critical!!
2026-05-27 12:16:17.093431,70.16932496986546,0,4.735693910824445,0,Normal,Critical!!,Normal,Critical!!
2026-05-27 12:16:18.095253,70.42056861283909,0,4.911335448852792,0,Normal,Critical!!,Normal,Critical!!
2026-05-27 12:16:19.097091,70.72361342442969,0,4.129692314609429,0,Normal,Critical!!,Normal,Critical!!
2026-05-27 12:16:20.098717,70.847333218892,0,3.3455918687669417,0,Normal,Critical!!,Warning,Critical!!
2026-05-27 12:16:21.100889,71.28444717418566,0,3.568018961485274,0,Normal,Critical!!,Warning,Critical!!
2026-05-27 12:16:22.102869,71.75088577933785,0,4.24571776598092,0,Normal,Critical!!,Normal,Critical!!
2026-05-27 12:16:23.104769,71.89885680590328,0,4.266666134476451,0,Normal,Critical!!,Normal,Critical!!
2026-05-27 12:16:24.106760,72.35800327801753,0,4.728156474821802,0,Normal,Critical!!,Normal,Critical!!
2026-05-27 12:16:25.109070,72.58958601722503,0,4.017365185159133,0,Normal,Critical!!,Normal,Critical!!
2026-05-27 12:16:26.111628,72.9407019722749,0,4.538397194297798,0,Normal,Critical!!,Normal,Critical!!
2026-05-27 12:16:27.114047,73.0878272097226,0,4.870841359135739,0,Normal,Critical!!,Normal,Critical!!
2026-05-27 12:16:28.115659,73.51617828267464,0,3.754477460825534,0,Normal,Critical!!,Normal,Critical!!
2026-05-27 12:16:29.117275,73.94112214212207,0,3.7196652281236418,0,Normal,Critical!!,Normal,Critical!!
2026-05-27 12:16:30.119449,74.28713382400122,0,4.470979508744752,0,Normal,Critical!!,Normal,Critical!!
2026-05-27 12:16:31.121552,74.61171691501062,0,3.978635671629435,0,Normal,Critical!!,Normal,Critical!!
2026-05-27 12:16:32.123499,74.85286079867541,0,4.330811312492045,0,Normal,Critical!!,Normal,Critical!!
2026-05-27 12:16:33.125460,75.33430181330917,0,4.113610083071838,0,Normal,Critical!!,Normal,Critical!!
2026-05-27 12:16:34.127286,75.73361632143006,0,4.878802479903625,0,Normal,Critical!!,Normal,Critical!!
2026-05-27 12:16:35.130095,76.14585124206478,0,4.058658245612868,0,Normal,Critical!!,Normal,Critical!!
2026-05-27 12:16:36.132908,76.374692025501,0,3.367907549206559,0,Normal,Critical!!,Warning,Critical!!
2026-05-27 12:16:37.134619,76.5174089679496,0,4.069859955863862,0,Normal,Critical!!,Normal,Critical!!
2026-05-27 12:16:38.136445,76.83372053269495,0,4.534855225204665,0,Normal,Critical!!,Normal,Critical!!
2026-05-27 12:16:39.138093,77.01695696065757,0,4.069214156365609,0,Normal,Critical!!,Normal,Critical!!
2026-05-27 12:16:40.139903,77.47414486463818,0,3.968260289716498,0,Normal,Critical!!,Normal,Critical!!
2026-05-27 12:16:41.141906,77.82469479431192,0,3.618733645679238,0,Normal,Critical!!,Normal,Critical!!
2026-05-27 12:16:42.143578,77.95270192256473,0,3.9874479083167946,0,Normal,Critical!!,Normal,Critical!!
2026-05-27 12:16:43.145372,78.40829165443157,0,4.410242600023088,0,Normal,Critical!!,Normal,Critical!!
2026-05-27 12:16:44.147657,78.72763675164647,0,3.3066421506935724,0,Normal,Critical!!,Warning,Critical!!
2026-05-27 12:16:45.150280,78.97792319320395,0,4.9916720766404605,0,Normal,Critical!!,Normal,Critical!!
2026-05-27 12:16:46.152464,79.14237524159303,0,3.861182882860477,0,Normal,Critical!!,Normal,Critical!!
2026-05-27 12:16:47.154464,79.35130157720697,0,4.209618115278294,0,Normal,Critical!!,Normal,Critical!!
2026-05-27 12:16:48.157489,79.65464932048856,0,4.04612900427674,0,Normal,Critical!!,Normal,Critical!!
2026-05-27 12:16:49.159301,80.13690795966006,0,4.491429286849804,0,Warning,Critical!!,Normal,Critical!!
2026-05-27 12:16:50.161819,79.67600248288983,0,4.639286471125409,0,Normal,Critical!!,Normal,Critical!!
2026-05-27 12:16:51.164298,79.43547978264361,0,4.108742823863207,0,Normal,Critical!!,Normal,Critical!!
2026-05-27 12:16:52.166624,79.23230214034109,0,4.474187904722258,0,Normal,Critical!!,Normal,Critical!!
2026-05-27 12:16:53.169054,79.11798585209722,0,3.859547168396984,0,Normal,Critical!!,Normal,Critical!!
2026-05-27 12:16:54.171679,78.61955623535425,0,4.050942495762027,0,Normal,Critical!!,Normal,Critical!!
2026-05-27 12:16:55.174942,78.1915393080917,0,4.571104666291246,0,Normal,Critical!!,Normal,Critical!!
2026-05-27 12:16:56.176728,77.96865073915984,0,4.375835404435813,0,Normal,Critical!!,Normal,Critical!!
2026-05-27 12:16:57.178529,77.82510838670183,0,4.978277206023823,0,Normal,Critical!!,Normal,Critical!!
2026-05-27 12:16:58.180732,77.33926076622363,0,3.891743732432344,0,Normal,Critical!!,Normal,Critical!!
2026-05-27 12:16:59.182529,76.9624577418019,0,3.426547378778429,0,Normal,Critical!!,Warning,Critical!!
2026-05-27 12:17:00.184263,76.59973531771048,0,4.8075970233790475,0,Normal,Critical!!,Normal,Critical!!
2026-05-27 12:17:01.186200,76.12677116175517,0,3.646389444354077,0,Normal,Critical!!,Normal,Critical!!
2026-05-27 12:17:02.187851,75.93320250462351,0,4.652713281091665,0,Normal,Critical!!,Normal,Critical!!
2026-05-27 12:17:03.190022,75.6866327757033,0,4.584949503379508,0,Normal,Critical!!,Normal,Critical!!
2026-05-27 12:17:04.194415,75.45943830959331,0,4.402108570520013,0,Normal,Critical!!,Normal,Critical!!
2026-05-27 12:17:05.196577,74.98530547478936,0,4.410034445097898,0,Normal,Critical!!,Normal,Critical!!
2026-05-27 12:17:06.199183,74.64812305577348,0,4.251131734135344,0,Normal,Critical!!,Normal,Critical!!
2026-05-27 12:17:07.201256,74.38397152437999,0,3.9925493553238365,0,Normal,Critical!!,Normal,Critical!!
2026-05-27 12:17:08.205595,74.20347829674724,0,3.961827104369743,0,Normal,Critical!!,Normal,Critical!!
2026-05-27 12:17:09.214304,73.94386742536041,0,4.142296402120029,0,Normal,Critical!!,Normal,Critical!!
2026-05-27 12:17:10.215746,73.65666262374312,0,3.5985820886488087,0,Normal,Critical!!,Warning,Critical!!
2026-05-27 12:17:11.218544,73.45370385252113,0,3.6284727705527056,0,Normal,Critical!!,Normal,Critical!!
2026-05-27 12:17:12.220245,73.15758913535744,0,3.5309499584140958,0,Normal,Critical!!,Warning,Critical!!
2026-05-27 12:17:13.222621,72.87408239005894,0,4.944934259556469,0,Normal,Critical!!,Normal,Critical!!
2026-05-27 12:17:14.224879,72.64316564351327,0,4.234967853013389,0,Normal,Critical!!,Normal,Critical!!
2026-05-27 12:17:15.227150,72.5374072437516,0,3.337476125422584,0,Normal,Critical!!,Warning,Critical!!
2026-05-27 12:17:16.229179,72.40736170777879,0,3.3928412822913265,0,Normal,Critical!!,Warning,Critical!!
2026-05-27 12:17:17.232144,71.92052976067586,0,3.9728758109101836,0,Normal,Critical!!,Normal,Critical!!
2026-05-27 12:17:18.234584,71.56746537502877,0,4.836179918660113,0,Normal,Critical!!,Normal,Critical!!
2026-05-27 12:17:19.236311,71.07420437178895,0,4.728925181953803,0,Normal,Critical!!,Normal,Critical!!
2026-05-27 12:17:20.238514,70.67702425398987,0,4.030742773740654,0,Normal,Critical!!,Normal,Critical!!
2026-05-27 12:17:21.240141,70.40215892517898,0,4.370052052766088,0,Normal,Critical!!,Normal,Critical!!
2026-05-27 12:17:22.241777,69.99745611193437,0,4.469522360130476,0,Normal,Critical!!,Normal,Critical!!
2026-05-27 12:17:23.243337,69.55384028559313,0,4.087251487267981,0,Normal,Critical!!,Normal,Critical!!
2026-05-27 12:17:24.245160,69.38199078511131,0,4.253671506409159,0,Normal,Critical!!,Normal,Critical!!
2026-05-27 12:17:25.248356,69.17983965693887,0,4.023751998861833,0,Normal,Critical!!,Normal,Critical!!
2026-05-27 12:17:26.250304,68.77282758982004,0,3.742260195290843,0,Normal,Critical!!,Normal,Critical!!
2026-05-27 12:17:27.252043,68.62543495939407,0,4.946505030464422,0,Normal,Critical!!,Normal,Critical!!
2026-05-27 12:17:28.254159,68.29406350886606,0,4.174236838085825,0,Normal,Critical!!,Normal,Critical!!
2026-05-27 12:17:29.255914,68.18404450615759,0,4.356626689347334,0,Normal,Critical!!,Normal,Critical!!
2026-05-27 12:17:30.257677,68.00056347750048,0,4.990994435824026,0,Normal,Critical!!,Normal,Critical!!
2026-05-27 12:17:31.259528,67.62212313049002,0,4.759238194787857,0,Normal,Critical!!,Normal,Critical!!
2026-05-27 12:17:32.261586,67.15787241546349,0,4.5563933265960275,0,Normal,Critical!!,Normal,Critical!!
2026-05-27 12:17:33.263832,67.01290998786726,0,4.4857165304382205,0,Normal,Critical!!,Normal,Critical!!
2026-05-27 12:17:34.265524,66.78567291051309,0,3.4960160467396757,0,Normal,Critical!!,Warning,Critical!!
2026-05-27 12:17:35.267483,66.28986972381217,0,4.350223474632247,0,Normal,Critical!!,Normal,Critical!!
2026-05-27 12:17:36.269275,65.8249399650819,0,3.4402222902967696,0,Normal,Critical!!,Warning,Critical!!
2026-05-27 12:17:37.271851,65.62395334061675,0,4.588571405686316,0,Normal,Critical!!,Normal,Critical!!
2026-05-27 12:17:38.274169,65.17166373902579,0,4.076551715773868,0,Normal,Critical!!,Normal,Critical!!
2026-05-27 12:17:39.276739,65.0128132342541,0,4.0903183714042095,0,Normal,Critical!!,Normal,Critical!!
2026-05-27 12:17:40.278563,64.5476760557968,0,4.156304494890848,0,Normal,Critical!!,Normal,Critical!!
2026-05-27 12:17:41.280367,64.42042420576219,0,3.6050960666680667,0,Normal,Critical!!,Normal,Critical!!
2026-05-27 12:17:42.282981,64.02354502327707,0,4.377894795179552,0,Normal,Critical!!,Normal,Critical!!
2026-05-27 12:17:43.292065,63.56645293453972,0,4.451046488456399,0,Normal,Critical!!,Normal,Critical!!
2026-05-27 12:17:44.293991,63.34116611941608,0,3.6428250059502627,0,Normal,Critical!!,Normal,Critical!!
2026-05-27 12:17:45.295924,63.02670045020467,0,3.7074522482002523,0,Normal,Critical!!,Normal,Critical!!
2026-05-27 12:17:46.298326,62.615170179161645,0,3.524941943355689,0,Normal,Critical!!,Warning,Critical!!
2026-05-27 12:17:47.300638,62.247746570766104,0,4.443010781482651,0,Normal,Critical!!,Normal,Critical!!
2026-05-27 12:17:48.303609,62.01030110538427,0,4.644692201190109,0,Normal,Critical!!,Normal,Critical!!
2026-05-27 12:17:49.305898,61.58778912965586,0,4.952740471490363,0,Normal,Critical!!,Normal,Critical!!
2026-05-27 12:17:50.308002,61.15580053820511,0,3.665966320038096,0,Normal,Critical!!,Normal,Critical!!
2026-05-27 12:17:51.309497,60.71707381277911,0,4.01524141903728,0,Normal,Critical!!,Normal,Critical!!
2026-05-27 12:17:52.312240,60.23909480272656,0,4.630071984266169,0,Normal,Critical!!,Normal,Critical!!
2026-05-27 12:17:53.313712,60.12740460629065,0,4.84525166258028,0,Normal,Critical!!,Normal,Critical!!
2026-05-27 12:17:54.316252,59.68505074835036,0,3.648413648830576,0,Normal,Critical!!,Normal,Critical!!
2026-05-27 12:17:55.318755,59.28292645095302,0,4.68002825690278,0,Normal,Critical!!,Normal,Critical!!
2026-05-27 12:17:56.320269,59.12689287317707,0,4.3724536291200256,0,Normal,Critical!!,Normal,Critical!!
2026-05-27 12:17:57.322402,58.805583662997556,0,4.983206150481699,0,Normal,Critical!!,Normal,Critical!!
2026-05-27 12:17:58.324348,58.39022466819726,0,3.7467804648260548,0,Normal,Critical!!,Normal,Critical!!
2026-05-27 12:17:59.326488,57.9911215757108,0,4.861301496744716,0,Normal,Critical!!,Normal,Critical!!
2026-05-27 12:18:00.328572,57.63641694821832,0,3.6340337914804657,0,Normal,Critical!!,Normal,Critical!!
2026-05-27 12:18:01.331016,57.21732201451939,0,3.368986451716406,0,Normal,Critical!!,Warning,Critical!!
2026-05-27 12:18:02.332718,56.942912556994266,0,4.178747573859763,0,Normal,Critical!!,Normal,Critical!!
2026-05-27 12:18:03.334824,56.525096566893325,0,3.8572291207551834,0,Normal,Critical!!,Normal,Critical!!
2026-05-27 12:18:04.336351,56.22929720285386,0,4.545690114626768,0,Normal,Critical!!,Normal,Critical!!
2026-05-27 12:18:05.338098,55.91905461826954,0,3.319759394719469,0,Normal,Critical!!,Warning,Critical!!
2026-05-27 12:18:06.340017,55.44007808763944,0,4.643780476125566,0,Normal,Critical!!,Normal,Critical!!
2026-05-27 12:18:07.341921,55.05272040184183,0,4.556692446176341,0,Normal,Critical!!,Normal,Critical!!
2026-05-27 12:18:08.344544,54.933113445150695,0,3.6303270763922773,0,Normal,Critical!!,Normal,Critical!!
2026-05-27 12:18:09.346472,54.73465822586784,0,3.550075539804863,0,Normal,Critical!!,Warning,Critical!!
2026-05-27 12:18:10.348378,54.591689437777994,0,4.672332305780418,0,Normal,Critical!!,Normal,Critical!!
2026-05-27 12:18:11.350272,54.18715367244003,0,3.356273243195647,0,Normal,Critical!!,Warning,Critical!!
2026-05-27 12:18:12.352442,53.940771531552215,0,4.847163197849638,0,Normal,Critical!!,Normal,Critical!!
2026-05-27 12:18:13.354562,53.82878596714056,0,4.273981089891143,0,Normal,Critical!!,Normal,Critical!!
2026-05-27 12:18:14.356388,53.33103944001979,0,3.4664642153868663,0,Normal,Critical!!,Warning,Critical!!
2026-05-27 12:18:15.358191,53.204189866685454,0,4.752757254316325,0,Normal,Critical!!,Normal,Critical!!
2026-05-27 12:18:16.360147,53.080501445305764,0,4.524265582612738,0,Normal,Critical!!,Normal,Critical!!
2026-05-27 12:18:17.361931,52.59100259334475,0,3.494219771410801,0,Normal,Critical!!,Warning,Critical!!
2026-05-27 12:18:18.363972,52.10892145534528,0,4.0391780479073915,0,Normal,Critical!!,Normal,Critical!!
2026-05-27 12:18:19.366324,51.98722860887402,0,4.190615671640383,0,Normal,Critical!!,Normal,Critical!!
2026-05-27 12:18:20.368556,51.575642863639,0,3.3766722138609917,0,Normal,Critical!!,Warning,Critical!!
2026-05-27 12:18:21.370420,51.079103184278665,0,3.740733506777082,0,Normal,Critical!!,Normal,Critical!!
2026-05-27 12:18:22.372414,50.928196846148175,0,3.8015168823322707,0,Normal,Critical!!,Normal,Critical!!
2026-05-27 12:18:23.374641,50.79065801241548,0,4.252143372485325,0,Normal,Critical!!,Normal,Critical!!
2026-05-27 12:18:24.376747,50.365296794154396,0,4.473481813165476,0,Normal,Critical!!,Normal,Critical!!
2026-05-27 12:18:25.378451,50.259647642091785,0,4.951971930978601,0,Normal,Critical!!,Normal,Critical!!
2026-05-27 12:18:26.381020,49.870146420815196,0,4.416973970801185,0,Normal,Critical!!,Normal,Critical!!
2026-05-27 12:18:27.383306,49.459923787957045,0,4.778728940525049,0,Normal,Critical!!,Normal,Critical!!
2026-05-27 12:18:28.385573,49.277362883584175,0,4.994929826656508,0,Normal,Critical!!,Normal,Critical!!
2026-05-27 12:18:29.387786,48.805384838095016,0,4.960684970972036,0,Normal,Critical!!,Normal,Critical!!
2026-05-27 12:18:30.389732,48.30571957525325,0,3.8596725530765696,0,Normal,Critical!!,Normal,Critical!!
2026-05-27 12:18:31.391469,47.92176347063001,0,4.907769952354238,0,Normal,Critical!!,Normal,Critical!!
2026-05-27 12:18:32.394712,47.61784198922776,0,3.842612220603643,0,Normal,Critical!!,Normal,Critical!!
2026-05-27 12:18:33.397219,47.468734670556884,0,4.706575073272542,0,Normal,Critical!!,Normal,Critical!!
2026-05-27 12:18:34.400299,47.037218816327986,0,4.781138029385172,0,Normal,Critical!!,Normal,Critical!!
2026-05-27 12:18:35.401869,46.855505498512606,0,4.3857140098248735,0,Normal,Critical!!,Normal,Critical!!
2026-05-27 12:18:36.403982,46.42222365709157,0,3.7369167697172334,0,Normal,Critical!!,Normal,Critical!!
2026-05-27 12:18:37.406490,46.120450750943036,0,4.313617431001939,0,Normal,Critical!!,Normal,Critical!!
2026-05-27 12:18:38.410109,45.74235859513243,0,3.6063173834178808,0,Normal,Critical!!,Normal,Critical!!
2026-05-27 12:18:39.421245,45.415145303006376,0,4.604384243275866,0,Normal,Critical!!,Normal,Critical!!
2026-05-27 12:18:40.423283,45.175362513908524,0,4.995873294685643,0,Normal,Critical!!,Normal,Critical!!
2026-05-27 12:18:41.425630,44.80578673282843,0,4.170089274037283,0,Normal,Critical!!,Normal,Critical!!
2026-05-27 12:18:42.428576,44.58218145449731,0,4.774907511353818,0,Normal,Critical!!,Normal,Critical!!
2026-05-27 12:18:43.431416,44.2772586483822,0,4.4907696000770745,0,Normal,Critical!!,Normal,Critical!!
2026-05-27 12:18:44.433104,43.806963894334416,0,3.429823689998929,0,Normal,Critical!!,Warning,Critical!!
2026-05-27 12:18:45.435915,43.60759239760618,0,3.3904575567232844,0,Normal,Critical!!,Warning,Critical!!
2026-05-27 12:18:46.438046,43.19406708065837,0,4.343322831840972,0,Normal,Critical!!,Normal,Critical!!
2026-05-27 12:18:47.440612,43.030155274359636,0,3.7840249245001214,0,Normal,Critical!!,Normal,Critical!!
2026-05-27 12:18:48.443715,42.57552329239646,0,3.9931532420074047,0,Normal,Critical!!,Normal,Critical!!
2026-05-27 12:18:49.446574,42.08396140295349,0,4.584329719998858,0,Normal,Critical!!,Normal,Critical!!
2026-05-27 12:18:50.449662,41.9474158770999,0,3.966302190006727,0,Normal,Critical!!,Normal,Critical!!
2026-05-27 12:18:51.452107,41.520838790805634,0,4.001042822507798,0,Normal,Critical!!,Normal,Critical!!
2026-05-27 12:18:52.455547,41.30275026786284,0,4.851091220349861,0,Normal,Critical!!,Normal,Critical!!
2026-05-27 12:18:53.457557,40.90408923492542,0,4.897714579226907,0,Normal,Critical!!,Normal,Critical!!
2026-05-27 12:18:54.459474,40.772296897866795,0,3.5914606968085665,0,Normal,Critical!!,Warning,Critical!!
2026-05-27 12:18:55.461922,40.30269357512799,0,4.641219862086282,0,Normal,Critical!!,Normal,Critical!!
2026-05-27 12:18:56.464305,39.90332258042683,0,3.6988606301285807,0,Normal,Critical!!,Normal,Critical!!
2026-05-27 12:18:57.466479,39.52779274254955,0,3.9797027501337845,0,Normal,Critical!!,Normal,Critical!!
2026-05-27 12:18:58.469072,39.39564846400033,0,4.4617289313559585,0,Normal,Critical!!,Normal,Critical!!
2026-05-27 12:18:59.471287,38.900651125288796,0,3.6469566150238735,0,Normal,Critical!!,Normal,Critical!!
2026-05-27 12:19:00.474479,38.54438904794207,0,4.781565608908405,0,Normal,Critical!!,Normal,Critical!!
2026-05-27 12:19:01.478055,38.23371252862063,0,4.507859313369837,0,Normal,Critical!!,Normal,Critical!!
2026-05-27 12:19:02.481666,38.07110541039634,0,4.83322766912272,0,Normal,Critical!!,Normal,Critical!!
2026-05-27 12:19:03.483868,37.66100766069804,0,4.808104754013821,0,Normal,Critical!!,Normal,Critical!!
2026-05-27 12:19:04.486587,37.33461324465648,0,3.4017759818914386,0,Normal,Critical!!,Warning,Critical!!
2026-05-27 12:19:05.488710,37.01730685552847,0,4.972914528097441,0,Normal,Critical!!,Normal,Critical!!
2026-05-27 12:19:06.491121,36.816611452834074,0,3.6861486616867705,0,Normal,Critical!!,Normal,Critical!!
2026-05-27 12:19:07.502205,36.66900267044258,0,4.518610456498832,0,Normal,Critical!!,Normal,Critical!!
2026-05-27 12:19:08.504859,36.52257278224276,0,3.8100776021128837,0,Normal,Critical!!,Normal,Critical!!
2026-05-27 12:19:09.507005,36.28572015848337,0,4.609978495454598,0,Normal,Critical!!,Normal,Critical!!
2026-05-27 12:19:10.510743,36.174058984610504,0,4.848815199894651,0,Normal,Critical!!,Normal,Critical!!
2026-05-27 12:19:11.513762,35.742854534783866,0,3.4563573153501284,0,Normal,Critical!!,Warning,Critical!!
2026-05-27 12:19:12.516617,35.5465306731429,0,4.94314977747825,0,Normal,Critical!!,Normal,Critical!!
2026-05-27 12:19:13.518445,35.15023497406784,0,4.425758355953546,0,Normal,Critical!!,Normal,Critical!!
2026-05-27 12:19:14.520887,35.04557925186017,0,4.2393334540552985,0,Normal,Critical!!,Normal,Critical!!
2026-05-27 12:19:15.523260,34.73346384760366,0,3.317645939833148,0,Normal,Critical!!,Warning,Critical!!
2026-05-27 12:19:16.525486,34.37023932373092,0,3.3615829551220626,0,Normal,Critical!!,Warning,Critical!!
2026-05-27 12:19:17.527500,34.19222993510509,0,4.780703000177221,0,Normal,Critical!!,Normal,Critical!!
2026-05-27 12:19:18.530502,34.073326325973056,0,3.3879793614153,0,Normal,Critical!!,Warning,Critical!!
2026-05-27 12:19:19.533806,33.61839137667159,0,4.869387328958712,0,Normal,Critical!!,Normal,Critical!!
2026-05-27 12:19:20.536361,33.17089144311709,0,3.6525855604763406,0,Normal,Critical!!,Normal,Critical!!
2026-05-27 12:19:21.538829,32.74614140946996,0,4.950987122726088,0,Normal,Critical!!,Normal,Critical!!
2026-05-27 12:19:22.541437,32.25726655366279,0,3.6074192566020997,0,Normal,Critical!!,Normal,Critical!!
2026-05-27 12:19:23.543774,32.07357991113226,0,4.7254174161578755,0,Normal,Critical!!,Normal,Critical!!
2026-05-27 12:19:24.545501,31.919404942625775,0,4.346540175770105,0,Normal,Critical!!,Normal,Critical!!
2026-05-27 12:19:25.548066,31.510853696275078,0,4.1463677945919315,0,Normal,Critical!!,Normal,Critical!!
2026-05-27 12:19:26.550789,31.04950746282795,0,4.374474407341325,0,Normal,Critical!!,Normal,Critical!!
2026-05-27 12:19:27.553130,30.783840590493853,0,4.964293776534346,0,Normal,Critical!!,Normal,Critical!!
2026-05-27 12:19:28.555244,30.400345552500447,0,4.15126589736877,0,Normal,Critical!!,Normal,Critical!!
2026-05-27 12:19:29.557565,29.945724828878745,0,3.8416633155622044,0,Normal,Critical!!,Normal,Critical!!
2026-05-27 12:19:30.561235,29.624888518156734,0,3.8176060054653407,0,Normal,Critical!!,Normal,Critical!!
2026-05-27 12:19:31.563715,29.13314281597309,0,4.802445974665204,0,Normal,Critical!!,Normal,Critical!!
2026-05-27 12:19:32.566011,28.822340040686168,0,4.2675328475770655,0,Normal,Critical!!,Normal,Critical!!
2026-05-27 12:19:33.567821,28.42271300778461,0,4.011866956415803,0,Normal,Critical!!,Normal,Critical!!
2026-05-27 12:19:34.569634,28.194608509412777,0,4.643354198205485,0,Normal,Critical!!,Normal,Critical!!
2026-05-27 12:19:35.571575,27.745180336983026,0,3.746586627120961,0,Normal,Critical!!,Normal,Critical!!
2026-05-27 12:19:36.573728,27.264404069733818,0,4.908741332219774,0,Normal,Critical!!,Normal,Critical!!
2026-05-27 12:19:37.576007,26.97768409787247,0,3.502109651831431,0,Normal,Critical!!,Warning,Critical!!
2026-05-27 12:19:38.578415,26.59249850065537,0,3.67693369067331,0,Normal,Critical!!,Normal,Critical!!
2026-05-27 12:19:39.580311,26.399347869344744,0,3.716315756937323,0,Normal,Critical!!,Normal,Critical!!
2026-05-27 12:19:40.582017,26.13162577757817,0,3.345573974907371,0,Normal,Critical!!,Warning,Critical!!
2026-05-27 12:19:41.583788,25.859939936060982,0,4.966361581545352,0,Normal,Critical!!,Normal,Critical!!
2026-05-27 12:19:42.588430,25.501533920162146,0,4.159461645946105,0,Normal,Critical!!,Normal,Critical!!
2026-05-27 12:19:43.590938,25.399047793282058,0,3.7952337836979813,0,Normal,Critical!!,Normal,Critical!!
2026-05-27 12:19:44.594320,24.9239976468936,0,3.529508107276216,0,Normal,Critical!!,Warning,Critical!!
2026-05-27 12:19:45.596859,24.738759530660506,0,3.928426489469193,0,Normal,Critical!!,Normal,Critical!!
2026-05-27 12:19:46.599395,24.252458618716133,0,3.8888808987120536,0,Normal,Critical!!,Normal,Critical!!
2026-05-27 12:19:47.601606,23.87452277826578,0,3.7584387508714534,0,Normal,Critical!!,Normal,Critical!!
2026-05-27 12:19:48.603526,23.69504988135009,0,4.665850027343525,0,Normal,Critical!!,Normal,Critical!!
2026-05-27 12:19:49.605571,23.281503811940414,0,4.458842557334334,0,Normal,Critical!!,Normal,Critical!!
2026-05-27 12:19:50.607643,22.912357146649697,0,4.020137081177654,0,Normal,Critical!!,Normal,Critical!!
2026-05-27 12:19:51.609703,22.664046089121438,0,4.6893391892224345,0,Normal,Critical!!,Normal,Critical!!
2026-05-27 12:19:52.611505,22.40731239720858,0,4.076803911402168,0,Normal,Critical!!,Normal,Critical!!
2026-05-27 12:19:53.613345,22.083453234436078,0,4.426669218608839,0,Normal,Critical!!,Normal,Critical!!
2026-05-27 12:19:54.615835,21.935268310727757,0,3.3298427894184726,0,Normal,Critical!!,Warning,Critical!!
2026-05-27 12:19:55.617886,21.565972493232493,0,4.4940416053818195,0,Normal,Critical!!,Normal,Critical!!
2026-05-27 12:19:56.620222,21.312052010150232,0,4.165516130057353,0,Normal,Critical!!,Normal,Critical!!
2026-05-27 12:19:57.622273,20.869773631659374,0,3.9746505380561024,0,Normal,Critical!!,Normal,Critical!!
2026-05-27 12:19:58.624311,20.753285161047454,0,4.65233537749711,0,Normal,Critical!!,Normal,Critical!!
2026-05-27 12:19:59.625949,20.36754438310762,0,3.942519708651839,0,Normal,Critical!!,Normal,Critical!!
2026-05-27 12:20:00.628315,20.13772368731317,0,3.995214024642846,0,Normal,Critical!!,Normal,Critical!!
2026-05-27 12:20:01.630592,20.001807465130664,0,3.5481506543792403,0,Normal,Critical!!,Warning,Critical!!
2026-05-27 12:20:02.633109,19.776690094540935,0,4.50462246006026,0,Normal,Critical!!,Normal,Critical!!
2026-05-27 12:20:03.635595,20.180265495198046,0,4.383420342570518,0,Normal,Critical!!,Normal,Critical!!
2026-05-27 12:20:04.637964,20.462941423788923,0,4.434342859551274,0,Normal,Critical!!,Normal,Critical!!
2026-05-27 12:20:05.640387,20.892432626461243,0,3.881103494467803,0,Normal,Critical!!,Normal,Critical!!
2026-05-27 12:20:06.642534,21.317585880592866,0,4.890569923046073,0,Normal,Critical!!,Normal,Critical!!
2026-05-27 12:20:07.645091,21.57917246373608,0,4.124449774393053,0,Normal,Critical!!,Normal,Critical!!
2026-05-27 12:20:08.646724,21.740262612259002,0,3.735716632257125,0,Normal,Critical!!,Normal,Critical!!
2026-05-27 12:20:09.648489,22.04147566125982,0,4.741181238840358,0,Normal,Critical!!,Normal,Critical!!
2026-05-27 12:20:10.650443,22.271736792359526,0,4.344475512654737,0,Normal,Critical!!,Normal,Critical!!
2026-05-27 12:20:11.651884,22.423148311996382,0,3.6761425007121415,0,Normal,Critical!!,Normal,Critical!!
2026-05-27 12:20:12.653590,22.90207348627512,0,4.893333734502674,0,Normal,Critical!!,Normal,Critical!!
2026-05-27 12:20:13.655391,23.083088935146897,0,4.266904161117829,0,Normal,Critical!!,Normal,Critical!!
2026-05-27 12:20:14.656547,23.508600272883697,0,3.6023844710655393,0,Normal,Critical!!,Normal,Critical!!
2026-05-27 12:20:15.658364,24.00723624377647,0,4.46810389924206,0,Normal,Critical!!,Normal,Critical!!
2026-05-27 12:20:16.660050,24.299207837080353,0,3.6268085946002895,0,Normal,Critical!!,Normal,Critical!!
2026-05-27 12:20:17.661736,24.40138689307832,0,3.6671571526688354,0,Normal,Critical!!,Normal,Critical!!
2026-05-27 12:20:18.663312,24.688601074019253,0,3.966835821071812,0,Normal,Critical!!,Normal,Critical!!
2026-05-27 12:20:19.665086,24.99354130364638,0,4.452469467364436,0,Normal,Critical!!,Normal,Critical!!
2026-05-27 12:20:20.667286,25.357816723120962,0,3.4208069838750608,0,Normal,Critical!!,Warning,Critical!!
2026-05-27 12:20:21.668924,25.818711793118865,0,4.52592881461622,0,Normal,Critical!!,Normal,Critical!!
2026-05-27 12:20:22.671138,26.084393828685624,0,4.05893754111106,0,Normal,Critical!!,Normal,Critical!!
2026-05-27 12:20:23.672867,26.43517287868459,0,3.9119694107470027,0,Normal,Critical!!,Normal,Critical!!
2026-05-27 12:20:24.674596,26.67077040680184,0,4.773140000443507,0,Normal,Critical!!,Normal,Critical!!
2026-05-27 12:20:25.675929,27.0093510995408,0,3.4523820170493833,0,Normal,Critical!!,Warning,Critical!!
2026-05-27 12:20:26.677606,27.159616203116588,0,3.738987171985949,0,Normal,Critical!!,Normal,Critical!!
2026-05-27 12:20:27.679070,27.51324821695446,0,3.5664400580719504,0,Normal,Critical!!,Warning,Critical!!
2026-05-27 12:20:28.680800,27.845320078965806,0,4.60026004335129,0,Normal,Critical!!,Normal,Critical!!
2026-05-27 12:20:29.682247,28.135460221440066,0,4.605868375029175,0,Normal,Critical!!,Normal,Critical!!
2026-05-27 12:20:30.684234,28.48066531010692,0,4.722448742634428,0,Normal,Critical!!,Normal,Critical!!
2026-05-27 12:20:31.686066,28.76993869177696,0,4.540995315324496,0,Normal,Critical!!,Normal,Critical!!
2026-05-27 12:20:32.688122,28.941064872563178,0,3.679813639883799,0,Normal,Critical!!,Normal,Critical!!
2026-05-27 12:20:33.690050,29.280742502033288,0,4.984097038014026,0,Normal,Critical!!,Normal,Critical!!
2026-05-27 12:20:34.691845,29.38338284233027,0,4.112272791015777,0,Normal,Critical!!,Normal,Critical!!
2026-05-27 12:20:35.693241,29.677827126739786,0,3.3115583848076504,0,Normal,Critical!!,Warning,Critical!!
2026-05-27 12:20:36.695000,30.075496182813104,0,4.679999864942435,0,Normal,Critical!!,Normal,Critical!!
2026-05-27 12:20:37.696838,30.230943493972863,0,4.093535198020248,0,Normal,Critical!!,Normal,Critical!!
2026-05-27 12:20:38.698281,30.423327921601313,0,4.825755630842147,0,Normal,Critical!!,Normal,Critical!!
2026-05-27 12:20:39.699811,30.676485429068073,0,3.322009242584657,0,Normal,Critical!!,Warning,Critical!!
2026-05-27 12:20:40.701409,31.026381427683223,0,4.365950868958456,0,Normal,Critical!!,Normal,Critical!!
2026-05-27 12:20:41.702877,31.428979264019183,0,4.184736396137724,0,Normal,Critical!!,Normal,Critical!!
2026-05-27 12:20:42.704508,31.55111091528863,0,3.9609476354138016,0,Normal,Critical!!,Normal,Critical!!
2026-05-27 12:20:43.706006,31.761139792484848,0,4.776548096080697,0,Normal,Critical!!,Normal,Critical!!
2026-05-27 12:20:45.346314,31.90764567918208,0,3.3459094085217145,0,Normal,Critical!!,Warning,Critical!!
2026-05-27 12:20:46.347754,32.30723295156148,0,3.48932639888119,0,Normal,Critical!!,Warning,Critical!!
2026-05-27 12:20:47.349513,32.42092766108374,0,3.3247802665135984,0,Normal,Critical!!,Warning,Critical!!
2026-05-27 12:20:48.351247,32.63245410386515,0,3.485631834631335,0,Normal,Critical!!,Warning,Critical!!
2026-05-27 12:20:49.352713,32.834617757181434,0,4.367630843119729,0,Normal,Critical!!,Normal,Critical!!
2026-05-27 12:20:50.354626,33.119736472633065,0,4.859364762874291,0,Normal,Critical!!,Normal,Critical!!
2026-05-27 12:20:51.356200,33.363776004110704,0,4.7023027447601065,0,Normal,Critical!!,Normal,Critical!!
2026-05-27 12:20:52.357703,33.496966992630945,0,4.09006551751254,0,Normal,Critical!!,Normal,Critical!!
2026-05-27 12:20:53.359553,33.69587680162089,0,4.242554726089235,0,Normal,Critical!!,Normal,Critical!!
2026-05-27 12:20:54.361639,34.03480134540715,0,4.558791564742211,0,Normal,Critical!!,Normal,Critical!!
2026-05-27 12:20:55.362976,34.47361145928092,0,3.7292627532760583,0,Normal,Critical!!,Normal,Critical!!
2026-05-27 12:20:56.364312,34.815223196764414,0,4.164176681763182,0,Normal,Critical!!,Normal,Critical!!
2026-05-27 12:20:57.365953,34.983138407597615,0,4.712952250034274,0,Normal,Critical!!,Normal,Critical!!
2026-05-27 12:20:58.366968,35.29194719478,0,4.24557230185931,0,Normal,Critical!!,Normal,Critical!!
2026-05-27 12:20:59.368398,35.75995879174384,0,3.4519518777624207,0,Normal,Critical!!,Warning,Critical!!
2026-05-27 12:21:00.370055,35.883583429097975,0,4.796861638405259,0,Normal,Critical!!,Normal,Critical!!
2026-05-27 12:21:01.372076,36.07229520777535,0,3.7719679052212256,0,Normal,Critical!!,Normal,Critical!!
2026-05-27 12:21:02.374015,36.41066213946197,0,3.628441137197149,0,Normal,Critical!!,Normal,Critical!!
2026-05-27 12:21:03.376216,36.52610367710441,0,4.383106747494038,0,Normal,Critical!!,Normal,Critical!!
2026-05-27 12:21:04.378065,36.89707419201521,0,4.795165047004736,0,Normal,Critical!!,Normal,Critical!!
2026-05-27 12:21:05.379554,37.2390466552078,0,4.466018581961723,0,Normal,Critical!!,Normal,Critical!!
2026-05-27 12:21:06.381418,37.47597690104286,0,4.5566526276027455,0,Normal,Critical!!,Normal,Critical!!
2026-05-27 12:21:07.383104,37.79656417297367,0,4.654964155723263,0,Normal,Critical!!,Normal,Critical!!
2026-05-27 12:21:08.384664,37.97108051397676,0,3.7745404118958916,0,Normal,Critical!!,Normal,Critical!!
2026-05-27 12:21:09.386089,38.444763333251515,0,4.141217131320101,0,Normal,Critical!!,Normal,Critical!!
2026-05-27 12:21:10.387671,38.911839305729046,0,3.7858332744807806,0,Normal,Critical!!,Normal,Critical!!
2026-05-27 12:21:11.388954,39.02846673245069,0,4.040967313513924,0,Normal,Critical!!,Normal,Critical!!
2026-05-27 12:21:12.390702,39.45045641705117,0,3.481298231911697,0,Normal,Critical!!,Warning,Critical!!
2026-05-27 12:21:13.392683,39.80546302185237,0,4.2091218386193034,0,Normal,Critical!!,Normal,Critical!!
2026-05-27 12:21:14.394157,39.93453142679105,0,4.160663348883262,0,Normal,Critical!!,Normal,Critical!!
2026-05-27 12:21:15.396054,40.226227165205465,0,3.9043741164924977,0,Normal,Critical!!,Normal,Critical!!
2026-05-27 12:21:16.397659,40.626835977177905,0,3.619163128506139,0,Normal,Critical!!,Normal,Critical!!
2026-05-27 12:21:17.399142,41.00462999993096,0,4.936762841688053,0,Normal,Critical!!,Normal,Critical!!
2026-05-27 12:21:18.401027,41.44685306574241,0,4.538366377229146,0,Normal,Critical!!,Normal,Critical!!
2026-05-27 12:21:19.402961,41.630287048903035,0,3.5078288724880315,0,Normal,Critical!!,Warning,Critical!!
2026-05-27 12:21:20.404839,41.950058810021254,0,3.882279133758245,0,Normal,Critical!!,Normal,Critical!!
2026-05-27 12:21:21.407038,42.06929699317195,0,3.6244838402941197,0,Normal,Critical!!,Normal,Critical!!
2026-05-27 12:21:22.408415,42.290370041560166,0,4.463829566371913,0,Normal,Critical!!,Normal,Critical!!
2026-05-27 12:21:23.410179,42.54992988505749,0,3.6635444731856897,0,Normal,Critical!!,Normal,Critical!!
2026-05-27 12:21:24.411476,42.8866323343634,0,4.178724022345056,0,Normal,Critical!!,Normal,Critical!!
2026-05-27 12:21:25.413046,43.102343739532664,0,3.522724103704608,0,Normal,Critical!!,Warning,Critical!!
2026-05-27 12:21:26.414603,43.30566748496632,0,4.770254992006716,0,Normal,Critical!!,Normal,Critical!!
2026-05-27 12:21:27.416416,43.47054392733272,0,3.776591725557692,0,Normal,Critical!!,Normal,Critical!!
2026-05-27 12:21:28.418173,43.61110773680827,0,4.349225482094054,0,Normal,Critical!!,Normal,Critical!!
2026-05-27 12:21:29.419344,43.7608741803377,0,4.8356273691827765,0,Normal,Critical!!,Normal,Critical!!
2026-05-27 12:21:30.421217,43.91646784024066,0,3.9373201980296377,0,Normal,Critical!!,Normal,Critical!!
2026-05-27 12:21:31.422892,44.22068572374802,0,4.173778571146883,0,Normal,Critical!!,Normal,Critical!!
2026-05-27 12:21:32.424780,44.488407262088025,0,4.711090221066806,0,Normal,Critical!!,Normal,Critical!!
2026-05-27 12:21:33.426599,44.64473557199043,0,3.511493156207213,0,Normal,Critical!!,Warning,Critical!!
2026-05-27 12:21:34.428430,44.88956784723595,0,3.920597492121141,0,Normal,Critical!!,Normal,Critical!!
2026-05-27 12:21:36.148314,45.223001758857514,0,3.32853364364143,0,Normal,Critical!!,Warning,Critical!!
2026-05-27 12:21:37.150278,45.611918507793725,0,4.853557247028052,0,Normal,Critical!!,Normal,Critical!!
2026-05-27 12:21:38.152248,45.98094176109335,0,4.193191657354993,0,Normal,Critical!!,Normal,Critical!!
2026-05-27 12:21:39.154187,46.31760504702878,0,3.4000073361790304,0,Normal,Critical!!,Warning,Critical!!
2026-05-27 12:21:41.356760,46.45258622729267,0,4.55472683639497,0,Normal,Critical!!,Normal,Critical!!
2026-05-27 12:21:42.358597,46.8106917147544,0,4.755145153441203,0,Normal,Critical!!,Normal,Critical!!
2026-05-27 12:21:43.360250,47.208916914626236,0,3.9240800426737406,0,Normal,Critical!!,Normal,Critical!!
2026-05-27 12:21:44.361906,47.64323756432354,0,4.109343964751579,0,Normal,Critical!!,Normal,Critical!!
2026-05-27 12:21:45.363448,47.85212082890666,0,3.426707593604929,0,Normal,Critical!!,Warning,Critical!!
2026-05-27 12:21:46.365046,48.10663324716732,0,4.879688674183658,0,Normal,Critical!!,Normal,Critical!!
2026-05-27 12:21:47.366490,48.245600193814084,0,4.831038007078264,0,Normal,Critical!!,Normal,Critical!!
2026-05-27 12:21:48.368400,48.58399626931388,0,3.662772357966917,0,Normal,Critical!!,Normal,Critical!!
2026-05-27 12:21:49.370628,48.95824112069985,0,3.5999395364524798,0,Normal,Critical!!,Warning,Critical!!
2026-05-27 12:21:50.372143,49.098393449480575,0,4.13384034034498,0,Normal,Critical!!,Normal,Critical!!
2026-05-27 12:21:51.373770,49.54735770892151,0,3.4462206517470424,0,Normal,Critical!!,Warning,Critical!!
2026-05-27 12:21:52.375638,49.94080705492278,0,4.992485502241049,0,Normal,Critical!!,Normal,Critical!!
2026-05-27 12:21:53.376991,50.34780794769872,0,3.495922082634468,0,Normal,Critical!!,Warning,Critical!!
2026-05-27 12:21:54.378554,50.82199236634707,0,4.505248124005787,0,Normal,Critical!!,Normal,Critical!!
2026-05-27 12:21:55.380654,50.966898811377185,0,4.125054244654695,0,Normal,Critical!!,Normal,Critical!!
2026-05-27 12:21:56.382487,51.354567057480814,0,3.333806317085869,0,Normal,Critical!!,Warning,Critical!!
2026-05-27 12:21:57.384559,51.66727441801326,0,4.353334460275332,0,Normal,Critical!!,Normal,Critical!!
2026-05-27 12:21:58.386292,52.011847539438776,0,4.464411735109449,0,Normal,Critical!!,Normal,Critical!!
2026-05-27 12:21:59.388347,52.430102942540124,0,4.123865745308439,0,Normal,Critical!!,Normal,Critical!!
2026-05-27 12:22:00.390007,52.57111152494578,0,4.06723136396697,0,Normal,Critical!!,Normal,Critical!!
2026-05-27 12:22:01.391741,52.73035447515032,0,3.8218085575940766,0,Normal,Critical!!,Normal,Critical!!
2026-05-27 12:22:02.393565,53.10324329510845,0,3.5858361803148573,0,Normal,Critical!!,Warning,Critical!!
2026-05-27 12:22:03.395366,53.25469259308353,0,4.140753633917004,0,Normal,Critical!!,Normal,Critical!!
2026-05-27 12:22:04.396849,53.627010569319474,0,3.571685444869957,0,Normal,Critical!!,Warning,Critical!!
2026-05-27 12:22:05.398254,53.960136378084016,0,4.145528168570079,0,Normal,Critical!!,Normal,Critical!!
2026-05-27 12:22:06.399808,54.089906201450425,0,3.5036913711809974,0,Normal,Critical!!,Warning,Critical!!
2026-05-27 12:22:07.401416,54.24823702358647,0,3.654024665637236,0,Normal,Critical!!,Normal,Critical!!
2026-05-27 12:22:08.403023,54.352924334718374,0,3.9602479636080377,0,Normal,Critical!!,Normal,Critical!!
2026-05-27 12:22:09.404700,54.47598761305411,0,3.389143867714799,0,Normal,Critical!!,Warning,Critical!!
2026-05-27 12:22:10.406520,54.58007690046343,0,3.48959546296023,0,Normal,Critical!!,Warning,Critical!!
2026-05-27 12:22:11.408705,55.02975015760964,0,4.242208016154905,0,Normal,Critical!!,Normal,Critical!!
2026-05-27 12:22:12.410988,55.505733352482885,0,4.463090338763888,0,Normal,Critical!!,Normal,Critical!!
2026-05-27 12:22:13.412556,55.83435125143193,0,3.928269516211725,0,Normal,Critical!!,Normal,Critical!!
2026-05-27 12:22:14.413998,55.98143470869816,0,4.820116961507081,0,Normal,Critical!!,Normal,Critical!!
2026-05-27 12:22:15.415602,56.19789613357299,0,4.722894413293693,0,Normal,Critical!!,Normal,Critical!!
2026-05-27 12:22:16.417121,56.58913727058776,0,3.471457954826955,0,Normal,Critical!!,Warning,Critical!!
2026-05-27 12:22:17.418840,56.82308128057415,0,3.6511859087568146,0,Normal,Critical!!,Normal,Critical!!
2026-05-27 12:22:18.420846,57.18465254880836,0,3.4573259386408695,0,Normal,Critical!!,Warning,Critical!!
2026-05-27 12:22:19.422611,57.417858938577425,0,4.792461580432873,0,Normal,Critical!!,Normal,Critical!!
2026-05-27 12:22:20.424960,57.61927409001578,0,4.66919655951477,0,Normal,Critical!!,Normal,Critical!!
2026-05-27 12:22:21.426801,57.862882508543436,0,3.7324317572583503,0,Normal,Critical!!,Normal,Critical!!
2026-05-27 12:22:22.428747,58.176040918467955,0,3.4235344144959954,0,Normal,Critical!!,Warning,Critical!!
2026-05-27 12:22:23.430242,58.426271975513906,0,4.1602266726730575,0,Normal,Critical!!,Normal,Critical!!
2026-05-27 12:22:24.432264,58.76552092181254,0,4.843097315728493,0,Normal,Critical!!,Normal,Critical!!
2026-05-27 12:22:25.434148,59.19243776149838,0,3.8461327054190573,0,Normal,Critical!!,Normal,Critical!!
2026-05-27 12:22:26.435719,59.577984653311255,0,4.394813335240245,0,Normal,Critical!!,Normal,Critical!!
2026-05-27 12:22:27.437267,59.90894655050131,0,3.657423692385166,0,Normal,Critical!!,Normal,Critical!!
2026-05-27 12:22:28.439451,60.01504646684402,0,3.5363953496045974,0,Normal,Critical!!,Warning,Critical!!
2026-05-27 12:22:29.441414,60.27318536564217,0,4.258030543806212,0,Normal,Critical!!,Normal,Critical!!
2026-05-27 12:22:30.443439,60.43509885760194,0,4.437484372359594,0,Normal,Critical!!,Normal,Critical!!
2026-05-27 12:22:31.445034,60.71429732297948,0,4.9751197427330505,0,Normal,Critical!!,Normal,Critical!!
2026-05-27 12:22:32.447344,61.06917822322843,0,3.8078687966205873,0,Normal,Critical!!,Normal,Critical!!
2026-05-27 12:22:33.448820,61.43948352289294,0,4.392131198156879,0,Normal,Critical!!,Normal,Critical!!
2026-05-27 12:22:34.450973,61.78894047529733,0,4.453327694999411,0,Normal,Critical!!,Normal,Critical!!
2026-05-27 12:22:35.453104,61.91943644720688,0,4.792490334842982,0,Normal,Critical!!,Normal,Critical!!
2026-05-27 12:22:36.454793,62.03571263102864,0,4.579224462732585,0,Normal,Critical!!,Normal,Critical!!
2026-05-27 12:22:37.456274,62.21965279340727,0,3.659216051390323,0,Normal,Critical!!,Normal,Critical!!
2026-05-27 12:22:38.457819,62.66575592990542,0,4.538031098403471,0,Normal,Critical!!,Normal,Critical!!
2026-05-27 12:22:39.459878,62.992601099494365,0,4.256677067840605,0,Normal,Critical!!,Normal,Critical!!
2026-05-27 12:22:40.461112,63.231356301689466,0,4.011050664224814,0,Normal,Critical!!,Normal,Critical!!
2026-05-27 12:22:41.463007,63.67409300477039,0,3.6822034428772885,0,Normal,Critical!!,Normal,Critical!!
2026-05-27 12:22:42.464667,64.10754083050125,0,3.5472918200077164,0,Normal,Critical!!,Warning,Critical!!
2026-05-27 12:22:43.466481,64.26075678915666,0,4.657991955895085,0,Normal,Critical!!,Normal,Critical!!
2026-05-27 12:22:44.467845,64.39026997275953,0,4.84520157370321,0,Normal,Critical!!,Normal,Critical!!
2026-05-27 12:22:45.469651,64.78441803963612,0,3.4885121582332594,0,Normal,Critical!!,Warning,Critical!!
2026-05-27 12:22:46.470999,65.1786973237909,0,4.294672897607338,0,Normal,Critical!!,Normal,Critical!!
2026-05-27 12:22:47.473176,65.56892178191053,0,3.8288583287887406,0,Normal,Critical!!,Normal,Critical!!
2026-05-27 12:22:48.475067,66.06804909068947,0,4.249290523531976,0,Normal,Critical!!,Normal,Critical!!
2026-05-27 12:22:49.476781,66.35067047399563,0,4.900415371588595,0,Normal,Critical!!,Normal,Critical!!
2026-05-27 12:22:50.478347,66.6772649280475,0,4.62238505819845,0,Normal,Critical!!,Normal,Critical!!
2026-05-27 12:22:51.479959,66.93801781616891,0,3.969823514348295,0,Normal,Critical!!,Normal,Critical!!
2026-05-27 12:22:52.481387,67.41081160085476,0,4.865741097704893,0,Normal,Critical!!,Normal,Critical!!
2026-05-27 12:22:53.483184,67.61808757865408,0,4.513980612800297,0,Normal,Critical!!,Normal,Critical!!
2026-05-27 12:22:54.485072,67.788644684793,0,3.993939584837626,0,Normal,Critical!!,Normal,Critical!!
2026-05-27 12:22:55.486465,68.25354264613955,0,4.971895578637809,0,Normal,Critical!!,Normal,Critical!!
2026-05-27 12:22:56.488245,68.44775398348017,0,4.21501495870024,0,Normal,Critical!!,Normal,Critical!!
2026-05-27 12:22:57.489871,68.84581132725997,0,3.9137432228691464,0,Normal,Critical!!,Normal,Critical!!
2026-05-27 12:22:58.491727,68.99433020180358,0,3.601787135945493,0,Normal,Critical!!,Normal,Critical!!
2026-05-27 12:22:59.493467,69.1868105944606,0,4.753565706975387,0,Normal,Critical!!,Normal,Critical!!
2026-05-27 12:23:00.495359,69.61836829319247,0,4.400741968365866,0,Normal,Critical!!,Normal,Critical!!
2026-05-27 12:23:01.497005,69.9706012770733,0,4.289472128519445,0,Normal,Critical!!,Normal,Critical!!
2026-05-27 12:23:02.498968,70.29559681319198,0,3.409979195280001,0,Normal,Critical!!,Warning,Critical!!
2026-05-27 12:23:03.500365,70.53726516330444,0,4.5769023673414395,0,Normal,Critical!!,Normal,Critical!!
2026-05-27 12:23:04.501910,70.97843935920395,0,3.7469082220713137,0,Normal,Critical!!,Normal,Critical!!
2026-05-27 12:23:05.503657,71.45102901589101,0,4.996966372931155,0,Normal,Critical!!,Normal,Critical!!
2026-05-27 12:23:06.505119,71.9476534093217,0,4.074941889344829,0,Normal,Critical!!,Normal,Critical!!
2026-05-27 12:23:07.506978,72.37825715868912,0,4.116018005968266,0,Normal,Critical!!,Normal,Critical!!
2026-05-27 12:23:08.508588,72.6643149706679,0,4.733016241444555,0,Normal,Critical!!,Normal,Critical!!
2026-05-27 12:23:09.510088,72.86642783316883,0,3.3134801930381577,0,Normal,Critical!!,Warning,Critical!!
2026-05-27 12:23:10.511663,73.29015122291999,0,4.50331151927139,0,Normal,Critical!!,Normal,Critical!!
2026-05-27 12:23:11.513091,73.6556295345767,0,3.762077901195587,0,Normal,Critical!!,Normal,Critical!!
2026-05-27 12:23:12.514721,74.09881966280757,0,4.89543062987714,0,Normal,Critical!!,Normal,Critical!!
2026-05-27 12:23:13.516360,74.46522929558424,0,4.956727251768859,0,Normal,Critical!!,Normal,Critical!!
2026-05-27 12:23:14.517765,74.67527905269739,0,4.462471743454528,0,Normal,Critical!!,Normal,Critical!!
2026-05-27 12:23:15.519356,75.05925458185764,0,4.06362215995301,0,Normal,Critical!!,Normal,Critical!!
2026-05-27 12:23:16.521358,75.37193771941126,0,4.538102923479777,0,Normal,Critical!!,Normal,Critical!!
2026-05-27 12:23:17.523384,75.83133091391385,0,3.8165473777828485,0,Normal,Critical!!,Normal,Critical!!
2026-05-27 12:23:18.525441,76.28632859393285,0,3.9983404241201645,0,Normal,Critical!!,Normal,Critical!!
2026-05-27 12:23:19.526877,76.60479781616043,0,4.017698943654641,0,Normal,Critical!!,Normal,Critical!!
2026-05-27 12:23:20.529004,76.83257977223302,0,3.9571245780880124,0,Normal,Critical!!,Normal,Critical!!
2026-05-27 12:23:21.530894,77.13424878338893,0,3.9319937740821866,0,Normal,Critical!!,Normal,Critical!!
2026-05-27 12:23:22.532836,77.29046440402918,0,4.237848402697839,0,Normal,Critical!!,Normal,Critical!!
2026-05-27 12:23:23.534451,77.51908484758388,0,4.196459370539085,0,Normal,Critical!!,Normal,Critical!!
2026-05-27 12:23:24.536189,77.93597298357454,0,4.079895245909348,0,Normal,Critical!!,Normal,Critical!!
2026-05-27 12:23:25.538327,78.04965203364159,0,3.381034045383365,0,Normal,Critical!!,Warning,Critical!!
2026-05-27 12:23:26.540280,78.43366928656557,0,3.6497772396319643,0,Normal,Critical!!,Normal,Critical!!
2026-05-27 12:23:27.541930,78.7496077522284,0,4.0819404441351175,0,Normal,Critical!!,Normal,Critical!!
2026-05-27 12:23:28.543490,79.22120681771985,0,4.119075892247978,0,Normal,Critical!!,Normal,Critical!!
2026-05-27 12:23:29.545091,79.4690423549491,0,4.714051006621027,0,Normal,Critical!!,Normal,Critical!!
2026-05-27 12:23:30.546773,79.57474907071956,0,4.626735783439709,0,Normal,Critical!!,Normal,Critical!!
2026-05-27 12:23:31.548313,79.92622915062069,0,3.8715193317274785,0,Normal,Critical!!,Normal,Critical!!
2026-05-27 12:23:32.549672,80.39147853323279,0,3.6251106679426233,0,Warning,Critical!!,Normal,Critical!!
2026-05-27 12:23:33.551734,80.0726135154397,0,4.709945190451441,0,Warning,Critical!!,Normal,Critical!!
2026-05-27 12:23:34.553490,79.6339188569221,0,4.922841527968867,0,Normal,Critical!!,Normal,Critical!!
2026-05-27 12:23:35.555473,79.28425535190216,0,4.103298619069217,0,Normal,Critical!!,Normal,Critical!!
2026-05-27 12:23:36.556937,78.79007056009257,0,4.590130294847411,0,Normal,Critical!!,Normal,Critical!!
2026-05-27 12:23:37.558710,78.39324806494045,0,3.507518218615406,0,Normal,Critical!!,Warning,Critical!!
2026-05-27 12:23:38.560161,78.03692100798845,0,3.6798366869525863,0,Normal,Critical!!,Normal,Critical!!
2026-05-27 12:23:39.561950,77.58266142814632,0,3.9464384311642853,0,Normal,Critical!!,Normal,Critical!!
2026-05-27 12:23:40.563636,77.15069072116357,0,3.5419796879581265,0,Normal,Critical!!,Warning,Critical!!
2026-05-27 12:23:41.565674,76.96232385952672,0,4.901117426237505,0,Normal,Critical!!,Normal,Critical!!
2026-05-27 12:23:42.567309,76.8071721060925,0,4.774554302487489,0,Normal,Critical!!,Normal,Critical!!
2026-05-27 12:23:43.569382,76.70114058034292,0,4.415217998076119,0,Normal,Critical!!,Normal,Critical!!
2026-05-27 12:23:44.571089,76.3843848262598,0,4.8203808930933425,0,Normal,Critical!!,Normal,Critical!!
2026-05-27 12:23:45.572739,76.18007444516604,0,3.526152853155461,0,Normal,Critical!!,Warning,Critical!!
2026-05-27 12:23:46.574435,75.8223717469956,0,3.6423654099774305,0,Normal,Critical!!,Normal,Critical!!
2026-05-27 12:23:47.576359,75.40028667039795,0,4.767816817248699,0,Normal,Critical!!,Normal,Critical!!
2026-05-27 12:23:48.577969,75.108641666542,0,4.302748037667219,0,Normal,Critical!!,Normal,Critical!!
2026-05-27 12:23:49.580114,74.88007791196753,0,4.128467898813742,0,Normal,Critical!!,Normal,Critical!!
2026-05-27 12:23:50.581566,74.47849716932083,0,4.090314028374276,0,Normal,Critical!!,Normal,Critical!!
2026-05-27 12:23:51.583126,74.06967777122634,0,4.2416730402292,0,Normal,Critical!!,Normal,Critical!!
2026-05-27 12:23:52.585070,73.95614692587304,0,4.905649397767028,0,Normal,Critical!!,Normal,Critical!!
2026-05-27 12:23:53.587949,73.71724090948344,0,4.491598917941134,0,Normal,Critical!!,Normal,Critical!!
2026-05-27 12:23:54.589591,73.4940805017788,0,4.0550124044871785,0,Normal,Critical!!,Normal,Critical!!
2026-05-27 12:23:55.591388,73.19676995939935,0,3.71117538271192,0,Normal,Critical!!,Normal,Critical!!
2026-05-27 12:23:56.593200,72.96390486171059,0,4.693119421653832,0,Normal,Critical!!,Normal,Critical!!
2026-05-27 12:23:57.595184,72.64035019286739,0,3.8517275932697848,0,Normal,Critical!!,Normal,Critical!!
2026-05-27 12:23:58.597033,72.36396119744413,0,4.658689382616849,0,Normal,Critical!!,Normal,Critical!!
2026-05-27 12:23:59.598398,72.19103284332341,0,3.714095953491833,0,Normal,Critical!!,Normal,Critical!!
2026-05-27 12:24:00.600213,71.93370424056346,0,4.016078853582916,0,Normal,Critical!!,Normal,Critical!!
2026-05-27 12:24:01.601844,71.45698129937593,0,4.432392833000305,0,Normal,Critical!!,Normal,Critical!!
2026-05-27 12:24:02.603499,71.26065934878565,0,3.467019632675075,0,Normal,Critical!!,Warning,Critical!!
2026-05-27 12:24:03.605365,70.87204966907915,0,3.9496460201582866,0,Normal,Critical!!,Normal,Critical!!
2026-05-27 12:24:04.607162,70.60833816034943,0,3.5158541483500407,0,Normal,Critical!!,Warning,Critical!!
2026-05-27 12:24:05.608988,70.22876580283679,0,3.721406422011308,0,Normal,Critical!!,Normal,Critical!!
2026-05-27 12:24:06.610354,69.9174201359606,0,4.155195563016429,0,Normal,Critical!!,Normal,Critical!!
2026-05-27 12:24:07.612018,69.76866564520228,0,4.836417206528731,0,Normal,Critical!!,Normal,Critical!!
2026-05-27 12:24:08.613532,69.35394914644982,0,3.5322518808395826,0,Normal,Critical!!,Warning,Critical!!
2026-05-27 12:24:09.615030,69.20021824941693,0,3.3410319600824616,0,Normal,Critical!!,Warning,Critical!!
2026-05-27 12:24:10.616801,68.87358552425461,0,3.9058811311296995,0,Normal,Critical!!,Normal,Critical!!
2026-05-27 12:24:11.618768,68.75868956401715,0,4.146172566630587,0,Normal,Critical!!,Normal,Critical!!
2026-05-27 12:24:12.619808,68.51355205766059,0,3.81267522064721,0,Normal,Critical!!,Normal,Critical!!
2026-05-27 12:24:13.621248,68.07455551097763,0,4.824127855718912,0,Normal,Critical!!,Normal,Critical!!
2026-05-27 12:24:14.623379,67.58278317582426,0,4.916520298928262,0,Normal,Critical!!,Normal,Critical!!
2026-05-27 12:24:15.624930,67.4259659031137,0,4.681927654478182,0,Normal,Critical!!,Normal,Critical!!
2026-05-27 12:24:16.626612,66.98600765070098,0,4.784505956118954,0,Normal,Critical!!,Normal,Critical!!
2026-05-27 12:24:18.077846,66.85077051931131,0,4.541158825696851,0,Normal,Critical!!,Normal,Critical!!
2026-05-27 12:24:19.080511,66.43039394151386,0,4.147648075376904,0,Normal,Critical!!,Normal,Critical!!
2026-05-27 12:24:20.082516,66.26212267149447,0,4.521770987917795,0,Normal,Critical!!,Normal,Critical!!
2026-05-27 12:24:21.085043,65.93281707548712,0,4.857688060627048,0,Normal,Critical!!,Normal,Critical!!
2026-05-27 12:24:22.086539,65.82716351873339,0,4.605131821142452,0,Normal,Critical!!,Normal,Critical!!
2026-05-27 12:24:23.445299,65.67807996232443,0,4.1574187998282754,0,Normal,Critical!!,Normal,Critical!!
2026-05-27 12:24:24.447280,65.2284554059668,0,4.237547317488294,0,Normal,Critical!!,Normal,Critical!!
2026-05-27 12:24:25.449017,64.84417523707245,0,3.366841241293817,0,Normal,Critical!!,Warning,Critical!!
2026-05-27 12:24:26.451444,64.67048644371786,0,4.338878984832228,0,Normal,Critical!!,Normal,Critical!!
2026-05-27 12:24:27.453932,64.51594347638051,0,3.3032600169431854,0,Normal,Critical!!,Warning,Critical!!
2026-05-27 12:24:28.455811,64.34369187439313,0,4.56745587114183,0,Normal,Critical!!,Normal,Critical!!
2026-05-27 12:24:29.458019,63.91411521279422,0,4.7386067365569655,0,Normal,Critical!!,Normal,Critical!!
2026-05-27 12:24:30.460573,63.54340301308399,0,4.2703438780130005,0,Normal,Critical!!,Normal,Critical!!
2026-05-27 12:24:31.462075,63.05358225951531,0,3.662389417036536,0,Normal,Critical!!,Normal,Critical!!
2026-05-27 12:24:32.464129,62.89664189552688,0,4.037472687005622,0,Normal,Critical!!,Normal,Critical!!
2026-05-27 12:24:33.466036,62.48659935883027,0,3.3646798548895807,0,Normal,Critical!!,Warning,Critical!!
2026-05-27 12:24:34.468023,62.049000854577216,0,3.348070011347056,0,Normal,Critical!!,Warning,Critical!!
2026-05-27 12:24:35.469739,61.78173366680679,0,4.193057831030503,0,Normal,Critical!!,Normal,Critical!!
2026-05-27 12:24:36.471342,61.681190350014944,0,4.371164674773837,0,Normal,Critical!!,Normal,Critical!!
2026-05-27 12:24:37.473319,61.37817225603705,0,3.403239351423871,0,Normal,Critical!!,Warning,Critical!!
2026-05-27 12:24:38.474631,61.20506439536867,0,3.376005896069253,0,Normal,Critical!!,Warning,Critical!!
2026-05-27 12:24:39.476772,60.86446628654919,0,4.68940217996543,0,Normal,Critical!!,Normal,Critical!!
2026-05-27 12:24:40.478138,60.555823323376856,0,3.5968339676401024,0,Normal,Critical!!,Warning,Critical!!
2026-05-27 12:24:41.479713,60.41235695145482,0,4.32376968378902,0,Normal,Critical!!,Normal,Critical!!
2026-05-27 12:24:42.481288,59.914786247705386,0,3.7807220963857295,0,Normal,Critical!!,Normal,Critical!!
2026-05-27 12:24:43.482854,59.69491144163519,0,3.5400219872061167,0,Normal,Critical!!,Warning,Critical!!
2026-05-27 12:24:44.484612,59.360598020648474,0,3.516470775964487,0,Normal,Critical!!,Warning,Critical!!
2026-05-27 12:24:45.486231,58.95468002304027,0,3.7489505617533445,0,Normal,Critical!!,Normal,Critical!!
2026-05-27 12:24:46.488082,58.7141292734458,0,3.4324432489275125,0,Normal,Critical!!,Warning,Critical!!
2026-05-27 12:24:47.489633,58.42074119209707,0,4.17491189467404,0,Normal,Critical!!,Normal,Critical!!
2026-05-27 12:24:48.491411,57.934976947829234,0,3.3349286964694564,0,Normal,Critical!!,Warning,Critical!!
2026-05-27 12:24:49.493367,57.682948896560475,0,3.880492808033443,0,Normal,Critical!!,Normal,Critical!!
2026-05-27 12:24:50.495208,57.18509800289763,0,4.826583841937288,0,Normal,Critical!!,Normal,Critical!!
2026-05-27 12:24:51.497322,56.96578983991176,0,3.542274300951469,0,Normal,Critical!!,Warning,Critical!!
2026-05-27 12:24:52.498915,56.76057455522295,0,4.545753067302672,0,Normal,Critical!!,Normal,Critical!!
2026-05-27 12:24:53.500805,56.628812261021274,0,3.729546044927632,0,Normal,Critical!!,Normal,Critical!!
2026-05-27 12:24:54.502981,56.46211472185018,0,4.118558246211996,0,Normal,Critical!!,Normal,Critical!!
2026-05-27 12:24:55.504817,56.31500505744768,0,4.836067826397848,0,Normal,Critical!!,Normal,Critical!!
2026-05-27 12:24:56.506633,55.86405978599575,0,3.536023249377679,0,Normal,Critical!!,Warning,Critical!!
2026-05-27 12:24:57.508357,55.6647391607134,0,4.330360410412622,0,Normal,Critical!!,Normal,Critical!!
2026-05-27 12:24:58.510070,55.36613799670491,0,3.405314973341662,0,Normal,Critical!!,Warning,Critical!!
2026-05-27 12:24:59.511743,55.11859128683649,0,3.649424384698474,0,Normal,Critical!!,Normal,Critical!!
2026-05-27 12:25:00.513468,54.97070929527785,0,4.138572013572973,0,Normal,Critical!!,Normal,Critical!!
2026-05-27 12:25:01.515117,54.76305883549466,0,3.8911627546335694,0,Normal,Critical!!,Normal,Critical!!
2026-05-27 12:25:02.517051,54.61642554179243,0,3.621356674413611,0,Normal,Critical!!,Normal,Critical!!
2026-05-27 12:25:03.518685,54.30732833931643,0,4.710875637246463,0,Normal,Critical!!,Normal,Critical!!
2026-05-27 12:25:04.521092,54.01025597779535,0,4.69482398165805,0,Normal,Critical!!,Normal,Critical!!
2026-05-27 12:25:05.523208,53.794335597684885,0,3.762053098934226,0,Normal,Critical!!,Normal,Critical!!
2026-05-27 12:25:06.524933,53.29483209868277,0,4.176712694446221,0,Normal,Critical!!,Normal,Critical!!
2026-05-27 12:25:07.526643,52.860142382969144,0,3.963633948929411,0,Normal,Critical!!,Normal,Critical!!
2026-05-27 12:25:08.528737,52.38702200957341,0,4.255192034123737,0,Normal,Critical!!,Normal,Critical!!
2026-05-27 12:25:09.530559,52.04943381054736,0,4.372196424912003,0,Normal,Critical!!,Normal,Critical!!
2026-05-27 12:25:10.532140,51.62768179340697,0,4.837158408481717,0,Normal,Critical!!,Normal,Critical!!
2026-05-27 12:25:11.533745,51.2023077350449,0,4.778912493528671,0,Normal,Critical!!,Normal,Critical!!
2026-05-27 12:25:12.535963,50.99629166480708,0,4.935480351434208,0,Normal,Critical!!,Normal,Critical!!
2026-05-27 12:25:13.537574,50.529456673213524,0,4.726075807495396,0,Normal,Critical!!,Normal,Critical!!
2026-05-27 12:25:14.539453,50.14311647677915,0,4.782806897729089,0,Normal,Critical!!,Normal,Critical!!
2026-05-27 12:25:15.541503,49.74765835958726,0,4.6980689733551575,0,Normal,Critical!!,Normal,Critical!!
2026-05-27 12:25:16.543495,49.47156578926866,0,3.9937948982965876,0,Normal,Critical!!,Normal,Critical!!
2026-05-27 12:25:17.545345,49.31486692564198,0,4.689137241672822,0,Normal,Critical!!,Normal,Critical!!
2026-05-27 12:25:18.547094,48.92635166514963,0,4.70289267476028,0,Normal,Critical!!,Normal,Critical!!
2026-05-27 12:25:19.548524,48.49517012182167,0,3.821058326453717,0,Normal,Critical!!,Normal,Critical!!
2026-05-27 12:25:20.549998,48.27094319789267,0,3.7945443369451075,0,Normal,Critical!!,Normal,Critical!!
2026-05-27 12:25:21.551682,48.066013413099604,0,4.239962161643936,0,Normal,Critical!!,Normal,Critical!!
2026-05-27 12:25:22.553392,47.917281317069936,0,4.243514932686099,0,Normal,Critical!!,Normal,Critical!!
2026-05-27 12:25:23.555194,47.59699386365878,0,4.59159186364028,0,Normal,Critical!!,Normal,Critical!!
2026-05-27 12:25:24.556639,47.38508717116941,0,3.8093968440024515,0,Normal,Critical!!,Normal,Critical!!
2026-05-27 12:25:25.558589,47.082729202441996,0,4.8225442853612375,0,Normal,Critical!!,Normal,Critical!!
2026-05-27 12:25:26.560174,46.95833701075869,0,4.46724190581877,0,Normal,Critical!!,Normal,Critical!!
2026-05-27 12:25:27.562301,46.769576144421876,0,3.8673081626207284,0,Normal,Critical!!,Normal,Critical!!
2026-05-27 12:25:28.563970,46.50364862234219,0,4.322535926918349,0,Normal,Critical!!,Normal,Critical!!
2026-05-27 12:25:29.565661,46.04890337186083,0,4.005845445978796,0,Normal,Critical!!,Normal,Critical!!
2026-05-27 12:25:30.567801,45.81057923315,0,3.8256168387154745,0,Normal,Critical!!,Normal,Critical!!
2026-05-27 12:25:31.569345,45.591078039308684,0,4.857586799046608,0,Normal,Critical!!,Normal,Critical!!
2026-05-27 12:25:32.571296,45.20953736163804,0,4.70137255324118,0,Normal,Critical!!,Normal,Critical!!
2026-05-27 12:25:33.573391,44.98614425830223,0,4.027561017233845,0,Normal,Critical!!,Normal,Critical!!
2026-05-27 12:25:34.575590,44.5966403705332,0,3.7030825167879864,0,Normal,Critical!!,Normal,Critical!!
2026-05-27 12:25:35.577357,44.454165719784555,0,3.527528065982119,0,Normal,Critical!!,Warning,Critical!!
2026-05-27 12:25:36.578992,44.19936052430191,0,4.404170500643388,0,Normal,Critical!!,Normal,Critical!!
2026-05-27 12:25:37.580222,43.92780261891221,0,3.8409161262931715,0,Normal,Critical!!,Normal,Critical!!
2026-05-27 12:25:38.581698,43.73767375794065,0,4.780687954727329,0,Normal,Critical!!,Normal,Critical!!
2026-05-27 12:25:39.583619,43.54794500068682,0,4.249561450602896,0,Normal,Critical!!,Normal,Critical!!
2026-05-27 12:25:40.585296,43.21013633723412,0,4.510754242127283,0,Normal,Critical!!,Normal,Critical!!
2026-05-27 12:25:41.586458,42.736254427615165,0,3.7518996309831354,0,Normal,Critical!!,Normal,Critical!!
2026-05-27 12:25:42.587778,42.48899317639367,0,4.407493977821501,0,Normal,Critical!!,Normal,Critical!!
2026-05-27 12:25:43.588839,42.2842699567145,0,4.773440818473556,0,Normal,Critical!!,Normal,Critical!!
2026-05-27 12:25:44.590212,41.96547724270805,0,4.440007672385876,0,Normal,Critical!!,Normal,Critical!!
2026-05-27 12:25:45.591617,41.56841730029034,0,3.713401299497745,0,Normal,Critical!!,Normal,Critical!!
2026-05-27 12:25:46.592895,41.12470318059237,0,4.846544648261091,0,Normal,Critical!!,Normal,Critical!!
2026-05-27 12:25:47.594417,40.684396132904205,0,4.552575969442224,0,Normal,Critical!!,Normal,Critical!!
2026-05-27 12:25:48.595776,40.56243825926447,0,3.4536728988816883,0,Normal,Critical!!,Warning,Critical!!
2026-05-27 12:25:49.597166,40.311151220131705,0,3.864933035810192,0,Normal,Critical!!,Normal,Critical!!
2026-05-27 12:25:50.598951,39.884851147157065,0,4.078049134719823,0,Normal,Critical!!,Normal,Critical!!
2026-05-27 12:25:51.600587,39.69091949770027,0,3.676027070276199,0,Normal,Critical!!,Normal,Critical!!
2026-05-27 12:25:52.602609,39.38109369021068,0,4.193990069408596,0,Normal,Critical!!,Normal,Critical!!
2026-05-27 12:25:53.604111,39.06175303595272,0,3.464505106125922,0,Normal,Critical!!,Warning,Critical!!
2026-05-27 12:25:54.605819,38.69826802886908,0,4.388231630767294,0,Normal,Critical!!,Normal,Critical!!
2026-05-27 12:25:55.607090,38.596382366529895,0,4.100188992071492,0,Normal,Critical!!,Normal,Critical!!
2026-05-27 12:25:56.608731,38.442247351997494,0,4.819166938700668,0,Normal,Critical!!,Normal,Critical!!
2026-05-27 12:25:57.609965,38.1384393744423,0,3.7872055576704304,0,Normal,Critical!!,Normal,Critical!!
2026-05-27 12:25:58.611663,37.9525591710043,0,3.9258686751184992,0,Normal,Critical!!,Normal,Critical!!
2026-05-27 12:25:59.612918,37.671828955539105,0,3.756367966646276,0,Normal,Critical!!,Normal,Critical!!
2026-05-27 12:26:00.614425,37.27585839772287,0,4.42713351983255,0,Normal,Critical!!,Normal,Critical!!
2026-05-27 12:26:01.615845,37.062960714296125,0,4.865783585584733,0,Normal,Critical!!,Normal,Critical!!
2026-05-27 12:26:02.617357,36.59205843477811,0,3.7189722262399356,0,Normal,Critical!!,Normal,Critical!!
2026-05-27 12:26:03.618464,36.46362738752129,0,4.361359038693321,0,Normal,Critical!!,Normal,Critical!!
2026-05-27 12:26:04.620728,36.34798278229795,0,4.558579866354493,0,Normal,Critical!!,Normal,Critical!!
2026-05-27 12:26:05.621966,36.09928639661443,0,4.079245721057883,0,Normal,Critical!!,Normal,Critical!!
2026-05-27 12:26:06.623387,35.64546049076456,0,4.4950032964669795,0,Normal,Critical!!,Normal,Critical!!
2026-05-27 12:26:07.624763,35.52155937959415,0,4.629908801509988,0,Normal,Critical!!,Normal,Critical!!
2026-05-27 12:26:08.625553,35.04951826621746,0,3.747733652743413,0,Normal,Critical!!,Normal,Critical!!
2026-05-27 12:26:09.627504,34.71561210615351,0,4.281525301956716,0,Normal,Critical!!,Normal,Critical!!
2026-05-27 12:26:10.629169,34.30164527752661,0,4.70936094532985,0,Normal,Critical!!,Normal,Critical!!
2026-05-27 12:26:11.631082,33.836053659594626,0,4.505565236284173,0,Normal,Critical!!,Normal,Critical!!
2026-05-27 12:26:12.632681,33.67651112924352,0,3.524217267998556,0,Normal,Critical!!,Warning,Critical!!
2026-05-27 12:26:13.633963,33.36455830259714,0,3.8185342992419997,0,Normal,Critical!!,Normal,Critical!!
2026-05-27 12:26:14.635596,33.02729051702075,0,4.593449987711737,0,Normal,Critical!!,Normal,Critical!!
2026-05-27 12:26:15.637865,32.82028146032694,0,3.9315336130431846,0,Normal,Critical!!,Normal,Critical!!
2026-05-27 12:26:16.638905,32.61391924521574,0,4.028699099129019,0,Normal,Critical!!,Normal,Critical!!
2026-05-27 12:26:17.641938,32.51317484991965,0,4.68425756037087,0,Normal,Critical!!,Normal,Critical!!
2026-05-27 12:26:18.644690,32.261948159686945,0,3.5110742698698494,0,Normal,Critical!!,Warning,Critical!!
2026-05-27 12:26:19.646313,31.998918619007924,0,3.4636793433967936,0,Normal,Critical!!,Warning,Critical!!
2026-05-27 12:26:20.647827,31.84419399906396,0,4.478637412955064,0,Normal,Critical!!,Normal,Critical!!
2026-05-27 12:26:21.649388,31.624772953884836,0,4.80031131489152,0,Normal,Critical!!,Normal,Critical!!
2026-05-27 12:26:22.651134,31.202413273109,0,4.43196631467024,0,Normal,Critical!!,Normal,Critical!!
2026-05-27 12:26:23.652553,30.82030823761162,0,3.4501323200571905,0,Normal,Critical!!,Warning,Critical!!
2026-05-27 12:26:24.654019,30.601991293681035,0,4.145294094159869,0,Normal,Critical!!,Normal,Critical!!
2026-05-27 12:26:25.655706,30.490374098318625,0,4.142868144213398,0,Normal,Critical!!,Normal,Critical!!
2026-05-27 12:26:26.660968,30.04902870643603,0,4.6281980441131845,0,Normal,Critical!!,Normal,Critical!!
2026-05-27 12:26:27.663078,29.872206099266815,0,3.8592567610987683,0,Normal,Critical!!,Normal,Critical!!
2026-05-27 12:26:28.664511,29.63634621897215,0,3.5299083152274267,0,Normal,Critical!!,Warning,Critical!!
2026-05-27 12:26:29.665923,29.268502501502613,0,4.866033311692522,0,Normal,Critical!!,Normal,Critical!!
2026-05-27 12:26:30.667139,28.975161332403673,0,4.713939898229594,0,Normal,Critical!!,Normal,Critical!!
2026-05-27 12:26:31.668812,28.693977958765807,0,3.4027025909501933,0,Normal,Critical!!,Warning,Critical!!
2026-05-27 12:26:32.670230,28.497798343213034,0,4.3421682864911375,0,Normal,Critical!!,Normal,Critical!!
2026-05-27 12:26:33.671671,28.211453720201032,0,3.314550810367363,0,Normal,Critical!!,Warning,Critical!!
2026-05-27 12:26:34.673458,27.977172179078174,0,4.36373857119259,0,Normal,Critical!!,Normal,Critical!!
2026-05-27 12:26:35.675311,27.752846509206478,0,4.386765292207619,0,Normal,Critical!!,Normal,Critical!!
2026-05-27 12:26:36.676709,27.420903064351304,0,3.5316369845908095,0,Normal,Critical!!,Warning,Critical!!
2026-05-27 12:26:37.677711,27.30555180715222,0,4.647769037210692,0,Normal,Critical!!,Normal,Critical!!
2026-05-27 12:26:38.679306,27.014340079810516,0,3.9870327750371173,0,Normal,Critical!!,Normal,Critical!!
2026-05-27 12:26:39.680937,26.802787239555013,0,4.424339351502607,0,Normal,Critical!!,Normal,Critical!!
2026-05-27 12:26:40.682247,26.54379557317277,0,3.9926121121429006,0,Normal,Critical!!,Normal,Critical!!
2026-05-27 12:26:41.683790,26.41031919476862,0,4.512279835462035,0,Normal,Critical!!,Normal,Critical!!
2026-05-27 12:26:42.685332,26.296277458263503,0,3.5401864228735667,0,Normal,Critical!!,Warning,Critical!!
2026-05-27 12:26:43.686572,26.041490119749795,0,4.369890498563718,0,Normal,Critical!!,Normal,Critical!!
2026-05-27 12:26:44.687552,25.654665024907093,0,3.9519250057220523,0,Normal,Critical!!,Normal,Critical!!
2026-05-27 12:26:45.689368,25.28972803453486,0,4.4732621901798515,0,Normal,Critical!!,Normal,Critical!!
2026-05-27 12:26:46.690545,24.979830745948195,0,4.751892007271173,0,Normal,Critical!!,Normal,Critical!!
2026-05-27 12:26:47.692346,24.732845192235306,0,4.657277828322011,0,Normal,Critical!!,Normal,Critical!!
2026-05-27 12:26:48.693729,24.42266608256574,0,3.4104134228666703,0,Normal,Critical!!,Warning,Critical!!
2026-05-27 12:26:49.695316,24.293072651070286,0,4.326643395338534,0,Normal,Critical!!,Normal,Critical!!
2026-05-27 12:26:50.696472,23.79463521781457,0,4.626385836598207,0,Normal,Critical!!,Normal,Critical!!
2026-05-27 12:26:51.698232,23.64783349934742,0,3.429179313252411,0,Normal,Critical!!,Warning,Critical!!
2026-05-27 12:26:52.699854,23.434820345297098,0,4.714759127068437,0,Normal,Critical!!,Normal,Critical!!
2026-05-27 12:26:53.701168,23.01355320004708,0,4.264316626359565,0,Normal,Critical!!,Normal,Critical!!
2026-05-27 12:26:54.702563,22.519132388694796,0,3.6049993760404493,0,Normal,Critical!!,Normal,Critical!!
2026-05-27 12:26:55.704468,22.41824517876659,0,4.342265946045615,0,Normal,Critical!!,Normal,Critical!!
2026-05-27 12:26:56.705707,22.256848629159467,0,3.589862054376118,0,Normal,Critical!!,Warning,Critical!!
2026-05-27 12:26:57.706765,21.79115471685139,0,3.480881694375619,0,Normal,Critical!!,Warning,Critical!!
2026-05-27 12:26:58.708091,21.550484523623886,0,4.118568202082296,0,Normal,Critical!!,Normal,Critical!!
2026-05-27 12:26:59.710082,21.37708294882732,0,4.434446904503935,0,Normal,Critical!!,Normal,Critical!!
2026-05-27 12:27:00.711607,21.25784050092276,0,3.358598615535802,0,Normal,Critical!!,Warning,Critical!!
2026-05-27 12:27:01.712786,20.99370032087782,0,4.199060295634516,0,Normal,Critical!!,Normal,Critical!!
2026-05-27 12:27:02.714116,20.548297770938245,0,4.081363250943516,0,Normal,Critical!!,Normal,Critical!!
2026-05-27 12:27:03.716336,20.306424138766424,0,4.496213800907029,0,Normal,Critical!!,Normal,Critical!!
2026-05-27 12:27:04.717874,20.190114137831078,0,3.303802456582779,0,Normal,Critical!!,Warning,Critical!!
2026-05-27 12:27:05.719167,19.919287748027994,0,3.7970655317320503,0,Normal,Critical!!,Normal,Critical!!
2026-05-27 12:27:06.720552,20.069930387833896,0,4.587040098509726,0,Normal,Critical!!,Normal,Critical!!
2026-05-27 12:27:07.722515,20.282077977526153,0,3.4446661988081595,0,Normal,Critical!!,Warning,Critical!!
2026-05-27 12:27:08.724118,20.448694943846547,0,4.75157715387297,0,Normal,Critical!!,Normal,Critical!!
2026-05-27 12:27:09.725530,20.78178584119097,0,4.498274115032545,0,Normal,Critical!!,Normal,Critical!!
2026-05-27 12:27:10.727206,20.976254613517813,0,3.590489381395322,0,Normal,Critical!!,Warning,Critical!!
2026-05-27 12:27:11.728753,21.32941251686705,0,4.171856340060227,0,Normal,Critical!!,Normal,Critical!!
2026-05-27 12:27:12.730174,21.613169246898867,0,4.480481416267614,0,Normal,Critical!!,Normal,Critical!!
2026-05-27 12:27:13.731403,21.79971687930742,0,3.627263848257585,0,Normal,Critical!!,Normal,Critical!!
2026-05-27 12:27:14.732522,22.015538873249906,0,4.80123108133471,0,Normal,Critical!!,Normal,Critical!!
2026-05-27 12:27:15.733795,22.37744049808091,0,4.782643782371014,0,Normal,Critical!!,Normal,Critical!!
2026-05-27 12:27:16.735129,22.797288302847367,0,3.4566399757058126,0,Normal,Critical!!,Warning,Critical!!
2026-05-27 12:27:17.736367,23.113783385235237,0,3.3915911220162687,0,Normal,Critical!!,Warning,Critical!!
2026-05-27 12:27:18.738025,23.40058370937066,0,4.177690839321248,0,Normal,Critical!!,Normal,Critical!!
2026-05-27 12:27:19.739793,23.82921261824991,0,3.970946320094058,0,Normal,Critical!!,Normal,Critical!!
2026-05-27 12:27:20.741327,24.316833684994005,0,4.121439275164155,0,Normal,Critical!!,Normal,Critical!!
2026-05-27 12:27:21.742796,24.762212836609766,0,3.3980902414506686,0,Normal,Critical!!,Warning,Critical!!
2026-05-27 12:27:22.744689,25.115280162371818,0,4.289373228476564,0,Normal,Critical!!,Normal,Critical!!
2026-05-27 12:27:23.746004,25.61024999854412,0,4.7689010721592675,0,Normal,Critical!!,Normal,Critical!!
2026-05-27 12:27:24.747753,25.96837492758234,0,4.051816174362524,0,Normal,Critical!!,Normal,Critical!!
2026-05-27 12:27:25.748863,26.195447651618874,0,4.610588760061932,0,Normal,Critical!!,Normal,Critical!!
2026-05-27 12:27:26.750147,26.38491150426644,0,3.8663238212594653,0,Normal,Critical!!,Normal,Critical!!
2026-05-27 12:27:27.751331,26.595599675939283,0,4.999377275937254,0,Normal,Critical!!,Normal,Critical!!
2026-05-27 12:27:28.753029,26.937683102006968,0,4.035808890725348,0,Normal,Critical!!,Normal,Critical!!
2026-05-27 12:27:29.754596,27.355632921441885,0,3.3641183431777595,0,Normal,Critical!!,Warning,Critical!!
2026-05-27 12:27:30.755988,27.71195710894824,0,4.273923669460499,0,Normal,Critical!!,Normal,Critical!!
2026-05-27 12:27:31.757166,27.813907764958255,0,4.184490911349027,0,Normal,Critical!!,Normal,Critical!!
2026-05-27 12:27:32.758084,28.06582511317657,0,3.7791462531499445,0,Normal,Critical!!,Normal,Critical!!
2026-05-27 12:27:33.759279,28.412994064596973,0,3.3369557899807027,0,Normal,Critical!!,Warning,Critical!!
2026-05-27 12:27:34.761980,28.664202803830616,0,3.8461118470924482,0,Normal,Critical!!,Normal,Critical!!
2026-05-27 12:27:35.763893,29.013342748028297,0,4.232320423308494,0,Normal,Critical!!,Normal,Critical!!
2026-05-27 12:27:36.765624,29.310941748644964,0,3.428310053508652,0,Normal,Critical!!,Warning,Critical!!
2026-05-27 12:27:37.767336,29.583245051707763,0,4.679702126498527,0,Normal,Critical!!,Normal,Critical!!
2026-05-27 12:27:38.768812,29.879823864270136,0,4.679213393656583,0,Normal,Critical!!,Normal,Critical!!
2026-05-27 12:27:39.770629,30.194389833557636,0,3.5294303406961194,0,Normal,Critical!!,Warning,Critical!!
2026-05-27 12:27:40.772179,30.569564781401166,0,4.047057238016793,0,Normal,Critical!!,Normal,Critical!!
2026-05-27 12:27:41.773446,30.91832109165966,0,4.468432086898913,0,Normal,Critical!!,Normal,Critical!!
2026-05-27 12:27:42.774963,31.25061945127438,0,3.5260038833772582,0,Normal,Critical!!,Warning,Critical!!
2026-05-27 12:27:43.776931,31.442522806039058,0,4.819662604145121,0,Normal,Critical!!,Normal,Critical!!
2026-05-27 12:27:44.778493,31.749476771341346,0,4.22416543038953,0,Normal,Critical!!,Normal,Critical!!
2026-05-27 12:27:45.780025,31.857973909885846,0,4.634226531138057,0,Normal,Critical!!,Normal,Critical!!
2026-05-27 12:27:46.781080,32.282454670204565,0,4.265453453180624,0,Normal,Critical!!,Normal,Critical!!
2026-05-27 12:27:47.782970,32.498298785896246,0,3.8467960117381867,0,Normal,Critical!!,Normal,Critical!!
2026-05-27 12:27:48.784444,32.608879726729896,0,4.271300181114337,0,Normal,Critical!!,Normal,Critical!!
2026-05-27 12:27:49.785714,32.912847703951876,0,3.435283916967457,0,Normal,Critical!!,Warning,Critical!!
2026-05-27 12:27:50.787012,33.14287247920718,0,4.191063420065885,0,Normal,Critical!!,Normal,Critical!!
2026-05-27 12:27:51.788346,33.587022763758256,0,3.601536981774791,0,Normal,Critical!!,Normal,Critical!!
2026-05-27 12:27:52.789702,33.753833481074146,0,3.8388607184501686,0,Normal,Critical!!,Normal,Critical!!
2026-05-27 12:27:53.791212,34.07674102340294,0,4.527971164907244,0,Normal,Critical!!,Normal,Critical!!
2026-05-27 12:27:54.793173,34.24469787981542,0,3.3301054491409454,0,Normal,Critical!!,Warning,Critical!!
2026-05-27 12:27:55.794796,34.7142808856902,0,4.78801473376569,0,Normal,Critical!!,Normal,Critical!!
2026-05-27 12:27:56.796101,34.827951984391305,0,4.1448481926559175,0,Normal,Critical!!,Normal,Critical!!
2026-05-27 12:27:57.797048,35.30985042359093,0,4.735436058346767,0,Normal,Critical!!,Normal,Critical!!
2026-05-27 12:27:58.798246,35.61030541047223,0,4.41702922225033,0,Normal,Critical!!,Normal,Critical!!
2026-05-27 12:27:59.799883,36.02350901982421,0,4.229277206018983,0,Normal,Critical!!,Normal,Critical!!
2026-05-27 12:28:00.801363,36.25758724653788,0,3.78308204215054,0,Normal,Critical!!,Normal,Critical!!
2026-05-27 12:28:01.803032,36.482326152584484,0,3.4553804544147524,0,Normal,Critical!!,Warning,Critical!!
2026-05-27 12:28:02.804220,36.64297228723092,0,4.270392869064175,0,Normal,Critical!!,Normal,Critical!!
2026-05-27 12:28:03.805930,36.87923071609396,0,4.933939494162733,0,Normal,Critical!!,Normal,Critical!!
2026-05-27 12:28:04.807907,37.03728120266811,0,4.762610414729439,0,Normal,Critical!!,Normal,Critical!!
2026-05-27 12:28:05.809402,37.32315270005331,0,4.61524398242672,0,Normal,Critical!!,Normal,Critical!!
2026-05-27 12:28:06.810951,37.81150471782594,0,4.521752383589059,0,Normal,Critical!!,Normal,Critical!!
2026-05-27 12:28:07.812762,38.048598373975,0,3.761420420598114,0,Normal,Critical!!,Normal,Critical!!
2026-05-27 12:28:08.813674,38.4762011881288,0,4.709686535403284,0,Normal,Critical!!,Normal,Critical!!
2026-05-27 12:28:09.815133,38.61568641795471,0,3.403198611544482,0,Normal,Critical!!,Warning,Critical!!
2026-05-27 12:28:10.816503,38.83448329841999,0,4.40031118387476,0,Normal,Critical!!,Normal,Critical!!
2026-05-27 12:28:11.817577,39.09134015853864,0,4.064618812399261,0,Normal,Critical!!,Normal,Critical!!
2026-05-27 12:28:12.819142,39.25248761849201,0,3.6465561047876056,0,Normal,Critical!!,Normal,Critical!!
2026-05-27 12:28:13.821049,39.418978664301555,0,4.092134954391213,0,Normal,Critical!!,Normal,Critical!!
2026-05-27 12:28:14.822014,39.60844796031437,0,3.7776490360203065,0,Normal,Critical!!,Normal,Critical!!
2026-05-27 12:28:15.823096,39.774801465404856,0,3.573726939373097,0,Normal,Critical!!,Warning,Critical!!
2026-05-27 12:28:16.824670,39.91239251464932,0,4.451009110065994,0,Normal,Critical!!,Normal,Critical!!
2026-05-27 12:28:17.826242,40.30338213495595,0,3.3058893195618806,0,Normal,Critical!!,Warning,Critical!!
2026-05-27 12:28:18.827326,40.593575682367735,0,3.334638525634942,0,Normal,Critical!!,Warning,Critical!!
2026-05-27 12:28:19.828747,40.90543471655277,0,4.396743104918188,0,Normal,Critical!!,Normal,Critical!!
2026-05-27 12:28:20.830320,41.2819644964817,0,4.5526615569236,0,Normal,Critical!!,Normal,Critical!!
2026-05-27 12:28:21.831991,41.60363601048018,0,3.801571864586463,0,Normal,Critical!!,Normal,Critical!!
2026-05-27 12:28:22.833624,41.937502637126734,0,4.585424316555982,0,Normal,Critical!!,Normal,Critical!!
2026-05-27 12:28:23.834611,42.42490983096836,0,4.588094274023924,0,Normal,Critical!!,Normal,Critical!!
2026-05-27 12:28:24.836053,42.86367116614183,0,4.5784029606153736,0,Normal,Critical!!,Normal,Critical!!
2026-05-27 12:28:25.837305,43.324400129594885,0,3.65805823455723,0,Normal,Critical!!,Normal,Critical!!
2026-05-27 12:28:26.838650,43.77159181635391,0,4.009777319466634,0,Normal,Critical!!,Normal,Critical!!
2026-05-27 12:28:27.840141,43.87235893489177,0,4.036730133213551,0,Normal,Critical!!,Normal,Critical!!
2026-05-27 12:28:28.841700,43.97815105568287,0,3.6092589969783653,0,Normal,Critical!!,Normal,Critical!!
2026-05-27 12:28:29.843438,44.404439009211,0,3.727920699427435,0,Normal,Critical!!,Normal,Critical!!
2026-05-27 12:28:30.844891,44.87645682325575,0,3.8552696721408886,0,Normal,Critical!!,Normal,Critical!!
2026-05-27 12:28:31.845905,45.292644271088434,0,4.061026721680547,0,Normal,Critical!!,Normal,Critical!!
2026-05-27 12:28:32.847319,45.681613127269344,0,3.811061933586488,0,Normal,Critical!!,Normal,Critical!!
2026-05-27 12:28:33.848620,46.10215014749437,0,4.508294689806329,0,Normal,Critical!!,Normal,Critical!!
2026-05-27 12:28:34.849994,46.29634432855814,0,4.527294143325434,0,Normal,Critical!!,Normal,Critical!!
2026-05-27 12:28:35.851445,46.41972893186177,0,3.7444094975538675,0,Normal,Critical!!,Normal,Critical!!
2026-05-27 12:28:36.852947,46.76255045927135,0,3.662033277735919,0,Normal,Critical!!,Normal,Critical!!
2026-05-27 12:28:37.854339,47.051721408640766,0,3.9460098260359184,0,Normal,Critical!!,Normal,Critical!!
2026-05-27 12:28:38.855470,47.33530270153531,0,3.7484360242948496,0,Normal,Critical!!,Normal,Critical!!
2026-05-27 12:28:39.856513,47.587863715150085,0,4.508217663808901,0,Normal,Critical!!,Normal,Critical!!
2026-05-27 12:28:40.857982,47.85869883680313,0,3.333060763660932,0,Normal,Critical!!,Warning,Critical!!
2026-05-27 12:28:41.859141,48.03570357072335,0,4.53177811044592,0,Normal,Critical!!,Normal,Critical!!
2026-05-27 12:28:42.860364,48.17110603408753,0,3.3905346667901433,0,Normal,Critical!!,Warning,Critical!!
2026-05-27 12:28:43.861488,48.36365581819986,0,4.50055142186082,0,Normal,Critical!!,Normal,Critical!!
2026-05-27 12:28:44.863508,48.70113523758954,0,4.423332448962524,0,Normal,Critical!!,Normal,Critical!!
2026-05-27 12:28:45.865035,48.88265752374962,0,4.192003365062872,0,Normal,Critical!!,Normal,Critical!!
2026-05-27 12:28:46.866589,49.28040435285943,0,4.147594295217664,0,Normal,Critical!!,Normal,Critical!!
2026-05-27 12:28:47.867499,49.50868762874074,0,3.9895496761748728,0,Normal,Critical!!,Normal,Critical!!
2026-05-27 12:28:48.868995,49.64711719064225,0,4.81666570379714,0,Normal,Critical!!,Normal,Critical!!
2026-05-27 12:28:49.870643,49.88710328342054,0,3.521813954666,0,Normal,Critical!!,Warning,Critical!!
2026-05-27 12:28:50.872006,50.3817068133176,0,4.475105146202754,0,Normal,Critical!!,Normal,Critical!!
2026-05-27 12:28:51.873450,50.54323888537791,0,4.161899937051433,0,Normal,Critical!!,Normal,Critical!!
2026-05-27 12:28:52.874938,50.78304962052745,0,4.858960344758659,0,Normal,Critical!!,Normal,Critical!!
2026-05-27 12:28:53.876123,51.14093066937545,0,4.4038440607288765,0,Normal,Critical!!,Normal,Critical!!
2026-05-27 12:28:54.877641,51.28142750077692,0,4.356104190295883,0,Normal,Critical!!,Normal,Critical!!
2026-05-27 12:28:55.878983,51.77281441746033,0,3.3090495137026035,0,Normal,Critical!!,Warning,Critical!!
2026-05-27 12:28:56.880669,52.03633552685894,0,4.577299160324811,0,Normal,Critical!!,Normal,Critical!!
2026-05-27 12:28:57.881841,52.48115849003972,0,3.5775286960957535,0,Normal,Critical!!,Warning,Critical!!
2026-05-27 12:28:58.883070,52.74589084023705,0,3.4512451370107855,0,Normal,Critical!!,Warning,Critical!!
2026-05-27 12:28:59.884556,53.058722107269595,0,4.802146228729122,0,Normal,Critical!!,Normal,Critical!!
2026-05-27 12:29:00.886315,53.42435604610476,0,3.617188265242689,0,Normal,Critical!!,Normal,Critical!!
2026-05-27 12:29:01.887838,53.914706265668514,0,4.7281016021353155,0,Normal,Critical!!,Normal,Critical!!
2026-05-27 12:29:02.889426,54.35110322972372,0,3.8814838530243274,0,Normal,Critical!!,Normal,Critical!!
2026-05-27 12:29:03.891054,54.58501304162786,0,3.8600894430732513,0,Normal,Critical!!,Normal,Critical!!
2026-05-27 12:29:04.892869,54.95134838813247,0,3.4772550795502113,0,Normal,Critical!!,Warning,Critical!!
2026-05-27 12:29:05.894283,55.38968483188464,0,3.3996258602450866,0,Normal,Critical!!,Warning,Critical!!
2026-05-27 12:29:06.895548,55.69221113483792,0,4.865178615882772,0,Normal,Critical!!,Normal,Critical!!
2026-05-27 12:29:07.896928,56.152905823293715,0,4.318547440236343,0,Normal,Critical!!,Normal,Critical!!
2026-05-27 12:29:08.898342,56.41980805819126,0,3.3549557347442653,0,Normal,Critical!!,Warning,Critical!!
2026-05-27 12:29:09.899536,56.86706565056452,0,4.656811489888429,0,Normal,Critical!!,Normal,Critical!!
2026-05-27 12:29:10.901449,57.11894804733698,0,4.680020420690422,0,Normal,Critical!!,Normal,Critical!!
2026-05-27 12:29:11.902442,57.319460715883096,0,4.2352699702906635,0,Normal,Critical!!,Normal,Critical!!
2026-05-27 12:29:12.903768,57.56361293997877,0,3.545893503328639,0,Normal,Critical!!,Warning,Critical!!
2026-05-27 12:29:13.906522,57.94393370428423,0,3.3417809637495997,0,Normal,Critical!!,Warning,Critical!!
2026-05-27 12:29:14.907516,58.17339462053501,0,3.5223625861395664,0,Normal,Critical!!,Warning,Critical!!
2026-05-27 12:29:15.909172,58.40568298399173,0,4.989896852698248,0,Normal,Critical!!,Normal,Critical!!
2026-05-27 12:29:16.910453,58.78017153089377,0,3.541902987951506,0,Normal,Critical!!,Warning,Critical!!
2026-05-27 12:29:17.912140,59.03179309622273,0,3.6200526871278185,0,Normal,Critical!!,Normal,Critical!!
2026-05-27 12:29:18.913502,59.30758784140312,0,4.8187756959365,0,Normal,Critical!!,Normal,Critical!!
2026-05-27 12:29:19.914736,59.60922302200025,0,4.7362191565924405,0,Normal,Critical!!,Normal,Critical!!
2026-05-27 12:29:20.916199,59.97262214899304,0,4.1784233269136895,0,Normal,Critical!!,Normal,Critical!!
2026-05-27 12:29:21.917391,60.169925609121485,0,3.98439909417276,0,Normal,Critical!!,Normal,Critical!!
2026-05-27 12:29:22.918538,60.52152579265344,0,3.306043755273139,0,Normal,Critical!!,Warning,Critical!!
2026-05-27 12:29:23.919919,60.88680516969848,0,3.5107174400991754,0,Normal,Critical!!,Warning,Critical!!
2026-05-27 12:29:24.921165,61.04835323301703,0,3.3116618650758487,0,Normal,Critical!!,Warning,Critical!!
2026-05-27 12:29:25.922591,61.279827024602874,0,4.899452429827489,0,Normal,Critical!!,Normal,Critical!!
2026-05-27 12:29:26.924285,61.74554265088296,0,4.152854211132331,0,Normal,Critical!!,Normal,Critical!!
2026-05-27 12:29:27.925948,61.954514851362056,0,4.019725505147116,0,Normal,Critical!!,Normal,Critical!!
2026-05-27 12:29:28.927873,62.106999789982595,0,3.9485469281803973,0,Normal,Critical!!,Normal,Critical!!
2026-05-27 12:29:29.929627,62.58017567512378,0,4.5844441731899295,0,Normal,Critical!!,Normal,Critical!!
2026-05-27 12:29:30.931594,62.78652150646775,0,4.254925854671633,0,Normal,Critical!!,Normal,Critical!!
2026-05-27 12:29:31.933284,63.152498013863195,0,3.505034183439979,0,Normal,Critical!!,Warning,Critical!!
2026-05-27 12:29:32.934566,63.468776589112224,0,4.544020433834529,0,Normal,Critical!!,Normal,Critical!!
2026-05-27 12:29:33.936032,63.73888779667893,0,3.710940417934387,0,Normal,Critical!!,Normal,Critical!!
2026-05-27 12:29:34.937074,64.16163661905608,0,4.466874673118381,0,Normal,Critical!!,Normal,Critical!!
2026-05-27 12:29:35.938490,64.33568959052137,0,4.3800492347189355,0,Normal,Critical!!,Normal,Critical!!
2026-05-27 12:29:36.940168,64.7364257834632,0,3.5037770542152153,0,Normal,Critical!!,Warning,Critical!!
2026-05-27 12:29:37.941391,65.05643599549948,0,4.811998164291786,0,Normal,Critical!!,Normal,Critical!!
2026-05-27 12:29:38.942798,65.33917166034186,0,3.9903674629709442,0,Normal,Critical!!,Normal,Critical!!
2026-05-27 12:29:39.944371,65.56771809759427,0,4.8334380229343825,0,Normal,Critical!!,Normal,Critical!!
2026-05-27 12:29:40.945872,66.03332522209772,0,4.440636843636964,0,Normal,Critical!!,Normal,Critical!!
2026-05-27 12:29:41.947452,66.17733920858154,0,4.093286218133579,0,Normal,Critical!!,Normal,Critical!!
2026-05-27 12:29:42.948993,66.46509180259386,0,3.9047636079484116,0,Normal,Critical!!,Normal,Critical!!
2026-05-27 12:29:43.950616,66.82307595111644,0,4.419893711766584,0,Normal,Critical!!,Normal,Critical!!
2026-05-27 12:29:44.952239,67.16451983252351,0,3.818525188603468,0,Normal,Critical!!,Normal,Critical!!
2026-05-27 12:29:45.953780,67.27862023007447,0,3.3359369084120543,0,Normal,Critical!!,Warning,Critical!!
2026-05-27 12:29:46.955269,67.69562468625246,0,4.384892844062001,0,Normal,Critical!!,Normal,Critical!!
2026-05-27 12:29:47.956941,67.86164566551255,0,4.992754733598068,0,Normal,Critical!!,Normal,Critical!!
2026-05-27 12:29:48.958603,68.02159295393089,0,4.787609521858991,0,Normal,Critical!!,Normal,Critical!!
2026-05-27 12:29:49.959945,68.36700508047055,0,4.637297503014892,0,Normal,Critical!!,Normal,Critical!!
2026-05-27 12:29:50.961211,68.61404790553503,0,3.76965214187865,0,Normal,Critical!!,Normal,Critical!!
2026-05-27 12:29:51.962792,68.8346211591114,0,4.747812793698024,0,Normal,Critical!!,Normal,Critical!!
2026-05-27 12:29:52.964165,69.03158596394039,0,4.729316833188618,0,Normal,Critical!!,Normal,Critical!!
2026-05-27 12:29:53.965291,69.48313542396338,0,4.076316587194784,0,Normal,Critical!!,Normal,Critical!!
2026-05-27 12:29:54.967192,69.62580017703786,0,3.3078302790469127,0,Normal,Critical!!,Warning,Critical!!
2026-05-27 12:29:55.969925,70.06782518019891,0,3.5406309461270395,0,Normal,Critical!!,Warning,Critical!!
2026-05-27 12:29:56.970813,70.48402825692165,0,3.384967163925165,0,Normal,Critical!!,Warning,Critical!!
2026-05-27 12:29:57.972320,70.60186938145152,0,3.6403612364318905,0,Normal,Critical!!,Normal,Critical!!
2026-05-27 12:29:58.973761,70.8294174336103,0,3.6645149245383375,0,Normal,Critical!!,Normal,Critical!!
2026-05-27 12:29:59.975244,71.05093896569385,0,3.8730077504075773,0,Normal,Critical!!,Normal,Critical!!
2026-05-27 12:30:00.977126,71.31983181355122,0,4.039132303996433,0,Normal,Critical!!,Normal,Critical!!
2026-05-27 12:30:01.978691,71.76494317656629,0,4.915301338312427,0,Normal,Critical!!,Normal,Critical!!
2026-05-27 12:30:02.980017,72.01405166937187,0,3.341200395544515,0,Normal,Critical!!,Warning,Critical!!
2026-05-27 12:30:03.981433,72.35768066126613,0,4.745945128531166,0,Normal,Critical!!,Normal,Critical!!
2026-05-27 12:30:04.983129,72.6747990942204,0,3.7628543999514,0,Normal,Critical!!,Normal,Critical!!
2026-05-27 12:30:05.984268,73.17097245011696,0,4.7796180221721265,0,Normal,Critical!!,Normal,Critical!!
2026-05-27 12:30:06.985742,73.38312629442314,0,3.904899102945809,0,Normal,Critical!!,Normal,Critical!!
2026-05-27 12:30:07.987118,73.5297958510849,0,3.9294183561167646,0,Normal,Critical!!,Normal,Critical!!
2026-05-27 12:30:08.988752,73.7079243143996,0,3.5393671770490225,0,Normal,Critical!!,Warning,Critical!!
2026-05-27 12:30:09.990202,74.00693651513402,0,3.51165699651037,0,Normal,Critical!!,Warning,Critical!!
2026-05-27 12:30:10.991313,74.1561268502241,0,4.402874259243691,0,Normal,Critical!!,Normal,Critical!!
2026-05-27 12:30:11.992935,74.4229868511371,0,4.50392995860987,0,Normal,Critical!!,Normal,Critical!!
2026-05-27 12:30:12.994049,74.7806731246665,0,3.9298875244715137,0,Normal,Critical!!,Normal,Critical!!
2026-05-27 12:30:13.995557,74.96547096187902,0,4.632347125065184,0,Normal,Critical!!,Normal,Critical!!
2026-05-27 12:30:14.996723,75.32202966868101,0,4.731029742322683,0,Normal,Critical!!,Normal,Critical!!
2026-05-27 12:30:15.998274,75.45721916818584,0,4.6134670356818495,0,Normal,Critical!!,Normal,Critical!!
2026-05-27 12:30:16.999354,75.89759854198687,0,3.683034428324317,0,Normal,Critical!!,Normal,Critical!!
2026-05-27 12:30:18.000711,76.03136254062134,0,3.91560778903977,0,Normal,Critical!!,Normal,Critical!!
2026-05-27 12:30:19.001995,76.1861572914833,0,3.5142640067627173,0,Normal,Critical!!,Warning,Critical!!
2026-05-27 12:30:20.003761,76.65633795199045,0,4.467374048185173,0,Normal,Critical!!,Normal,Critical!!
2026-05-27 12:30:21.005017,76.99455962144279,0,4.971955358205438,0,Normal,Critical!!,Normal,Critical!!
2026-05-27 12:30:22.006481,77.26388351420583,0,4.728205148944688,0,Normal,Critical!!,Normal,Critical!!
2026-05-27 12:30:23.008127,77.68327574385255,0,4.3030735451648265,0,Normal,Critical!!,Normal,Critical!!
2026-05-27 12:30:24.009594,77.83248923964075,0,3.8078656189329507,0,Normal,Critical!!,Normal,Critical!!
2026-05-27 12:30:25.011334,78.12058470876491,0,4.413615899190929,0,Normal,Critical!!,Normal,Critical!!
2026-05-27 12:30:26.013352,78.41191339064751,0,3.7371689334708664,0,Normal,Critical!!,Normal,Critical!!
2026-05-27 12:30:27.014740,78.5849431686072,0,4.434657993723992,0,Normal,Critical!!,Normal,Critical!!
2026-05-27 12:30:28.016435,78.93331287234234,0,3.97329713455507,0,Normal,Critical!!,Normal,Critical!!
2026-05-27 12:30:29.018152,79.15324212382696,0,4.1867387753247485,0,Normal,Critical!!,Normal,Critical!!
2026-05-27 12:30:30.019466,79.50401684684955,0,3.5158706257137466,0,Normal,Critical!!,Warning,Critical!!
2026-05-27 12:30:31.020902,79.85074327554005,0,4.794377840285595,0,Normal,Critical!!,Normal,Critical!!
2026-05-27 12:30:32.022347,80.34456350519474,0,4.345403054377098,0,Warning,Critical!!,Normal,Critical!!
2026-05-27 12:30:33.024012,79.96335750044595,0,4.000701306874164,0,Normal,Critical!!,Normal,Critical!!
2026-05-27 12:30:34.025491,79.75596150188045,0,4.110113283549158,0,Normal,Critical!!,Normal,Critical!!
2026-05-27 12:30:35.026597,79.38143619077586,0,4.348908876939964,0,Normal,Critical!!,Normal,Critical!!
2026-05-27 12:30:36.027825,78.88291802672653,0,4.754881361916426,0,Normal,Critical!!,Normal,Critical!!
2026-05-27 12:30:37.028930,78.59884758385218,0,3.7822307579707912,0,Normal,Critical!!,Normal,Critical!!
2026-05-27 12:30:38.030278,78.29828915397191,0,4.21612160891686,0,Normal,Critical!!,Normal,Critical!!
2026-05-27 12:30:39.032090,78.1326142002211,0,3.4044334932786344,0,Normal,Critical!!,Warning,Critical!!
2026-05-27 12:30:40.033974,77.98107632444203,0,3.8052125622235087,0,Normal,Critical!!,Normal,Critical!!
2026-05-27 12:30:41.036457,77.6721346211049,0,3.9738002315732475,0,Normal,Critical!!,Normal,Critical!!
2026-05-27 12:30:42.037999,77.331129240598,0,4.207620333378325,0,Normal,Critical!!,Normal,Critical!!
2026-05-27 12:30:43.039707,76.85283876382793,0,3.360813805291127,0,Normal,Critical!!,Warning,Critical!!
2026-05-27 12:30:44.041339,76.6921625620142,0,3.9795455548357728,0,Normal,Critical!!,Normal,Critical!!
2026-05-27 12:30:45.042925,76.43572478499182,0,4.726130383451638,0,Normal,Critical!!,Normal,Critical!!
2026-05-27 12:30:46.045067,76.26547460552793,0,4.544998829085576,0,Normal,Critical!!,Normal,Critical!!
2026-05-27 12:30:47.046594,76.00702359440793,0,3.5664174114938687,0,Normal,Critical!!,Warning,Critical!!
2026-05-27 12:30:48.047856,75.66964518365187,0,3.9981056291451513,0,Normal,Critical!!,Normal,Critical!!
2026-05-27 12:30:49.049629,75.37969415368939,0,3.4622289588880757,0,Normal,Critical!!,Warning,Critical!!
2026-05-27 12:30:50.050857,75.1166939469619,0,3.8657787548126077,0,Normal,Critical!!,Normal,Critical!!
2026-05-27 12:30:51.052251,74.92262613452652,0,3.5334986948820415,0,Normal,Critical!!,Warning,Critical!!
2026-05-27 12:30:52.053719,74.54691209833891,0,4.034252755788566,0,Normal,Critical!!,Normal,Critical!!
2026-05-27 12:30:53.054617,74.12028387983631,0,4.431871740849809,0,Normal,Critical!!,Normal,Critical!!
2026-05-27 12:30:54.057090,74.01252915076785,0,4.599347299152754,0,Normal,Critical!!,Normal,Critical!!
2026-05-27 12:30:55.059141,73.77426659336224,0,4.579327254343952,0,Normal,Critical!!,Normal,Critical!!
2026-05-27 12:30:56.060929,73.36036798947816,0,3.383012642022908,0,Normal,Critical!!,Warning,Critical!!
2026-05-27 12:30:57.063332,73.20002926227848,0,4.470521014129991,0,Normal,Critical!!,Normal,Critical!!
2026-05-27 12:30:58.065289,72.7872490091152,0,3.9245217952003344,0,Normal,Critical!!,Normal,Critical!!
2026-05-27 12:30:59.067148,72.36240670358723,0,3.9587397530171975,0,Normal,Critical!!,Normal,Critical!!
2026-05-27 12:31:00.068843,71.88647404352736,0,3.3003309938801593,0,Normal,Critical!!,Warning,Critical!!
2026-05-27 12:31:01.070492,71.44414856790158,0,3.780908828632778,0,Normal,Critical!!,Normal,Critical!!
2026-05-27 12:31:02.071697,71.0128701922224,0,3.910336314061457,0,Normal,Critical!!,Normal,Critical!!
2026-05-27 12:31:03.073623,70.87002637233573,0,4.653275231955907,0,Normal,Critical!!,Normal,Critical!!
2026-05-27 12:31:04.075028,70.59947176381147,0,3.396429507637572,0,Normal,Critical!!,Warning,Critical!!
2026-05-27 12:31:05.076563,70.40887280670778,0,3.79496807222065,0,Normal,Critical!!,Normal,Critical!!
2026-05-27 12:31:06.077543,70.28090728168362,0,4.24019080346534,0,Normal,Critical!!,Normal,Critical!!
2026-05-27 12:31:07.078850,70.16615262366751,0,4.50572205391635,0,Normal,Critical!!,Normal,Critical!!
2026-05-27 12:31:08.080105,69.93402806066396,0,4.629237736572811,0,Normal,Critical!!,Normal,Critical!!
2026-05-27 12:31:09.081711,69.75191350298489,0,4.176533885819659,0,Normal,Critical!!,Normal,Critical!!
2026-05-27 12:31:10.083542,69.52425371406778,0,4.986786993584393,0,Normal,Critical!!,Normal,Critical!!
2026-05-27 12:31:11.085721,69.31226470371513,0,3.886039517149059,0,Normal,Critical!!,Normal,Critical!!
2026-05-27 12:31:12.087270,68.95884300873026,0,3.6088721769487333,0,Normal,Critical!!,Normal,Critical!!
2026-05-27 12:31:13.088962,68.75284785814854,0,4.7125150229613455,0,Normal,Critical!!,Normal,Critical!!
2026-05-27 12:31:14.090035,68.49737631928875,0,3.44406893238792,0,Normal,Critical!!,Warning,Critical!!
2026-05-27 12:31:15.091614,68.23717536599557,0,3.745435911663411,0,Normal,Critical!!,Normal,Critical!!
2026-05-27 12:31:16.093033,68.09996226550719,0,4.268133198076424,0,Normal,Critical!!,Normal,Critical!!
2026-05-27 12:31:17.094346,67.75263969220886,0,4.624270268188956,0,Normal,Critical!!,Normal,Critical!!
2026-05-27 12:31:18.095504,67.60409313407413,0,4.02865972953842,0,Normal,Critical!!,Normal,Critical!!
2026-05-27 12:31:19.096498,67.17773556581268,0,3.717412797500482,0,Normal,Critical!!,Normal,Critical!!
2026-05-27 12:31:20.097669,66.79337748440383,0,3.945965071494553,0,Normal,Critical!!,Normal,Critical!!
2026-05-27 12:31:21.099087,66.43911176006884,0,3.31494435100723,0,Normal,Critical!!,Warning,Critical!!
2026-05-27 12:31:22.100162,66.33645121803026,0,4.122686020094958,0,Normal,Critical!!,Normal,Critical!!
2026-05-27 12:31:23.101341,66.1581181955656,0,4.497650163303377,0,Normal,Critical!!,Normal,Critical!!
2026-05-27 12:31:24.102567,65.96397677477077,0,4.9514212742466395,0,Normal,Critical!!,Normal,Critical!!
2026-05-27 12:31:25.104087,65.55079827678797,0,3.3123576575085516,0,Normal,Critical!!,Warning,Critical!!
2026-05-27 12:31:26.105369,65.41584556593962,0,3.528821443488537,0,Normal,Critical!!,Warning,Critical!!
2026-05-27 12:31:27.106943,65.0334819276439,0,4.142275733229775,0,Normal,Critical!!,Normal,Critical!!
2026-05-27 12:31:28.108493,64.86025255685225,0,4.50263947479384,0,Normal,Critical!!,Normal,Critical!!
2026-05-27 12:31:29.109744,64.72637833723707,0,4.45526334747489,0,Normal,Critical!!,Normal,Critical!!
2026-05-27 12:31:30.110944,64.5041425306265,0,4.4247939678649395,0,Normal,Critical!!,Normal,Critical!!
2026-05-27 12:31:31.112369,64.0490339055572,0,4.578291212638603,0,Normal,Critical!!,Normal,Critical!!
2026-05-27 12:31:32.113668,63.778153305337845,0,4.157955217637522,0,Normal,Critical!!,Normal,Critical!!
2026-05-27 12:31:33.115266,63.65037546042328,0,4.83568163355832,0,Normal,Critical!!,Normal,Critical!!
2026-05-27 12:31:34.116559,63.254053804411946,0,3.754386375694741,0,Normal,Critical!!,Normal,Critical!!
2026-05-27 12:31:35.117811,63.02179166163849,0,3.825547427354459,0,Normal,Critical!!,Normal,Critical!!
2026-05-27 12:31:36.119292,62.822934145339914,0,4.907956261949887,0,Normal,Critical!!,Normal,Critical!!
2026-05-27 12:31:37.120526,62.37697683828891,0,3.3908820590580286,0,Normal,Critical!!,Warning,Critical!!
2026-05-27 12:31:38.121761,62.011501119140554,0,4.7701161306021715,0,Normal,Critical!!,Normal,Critical!!
2026-05-27 12:31:39.123320,61.791926814849774,0,4.227582493040362,0,Normal,Critical!!,Normal,Critical!!
2026-05-27 12:31:40.124852,61.63729694134235,0,4.278820499974569,0,Normal,Critical!!,Normal,Critical!!
2026-05-27 12:31:41.126590,61.4262594738805,0,3.7576261092111345,0,Normal,Critical!!,Normal,Critical!!
2026-05-27 12:31:42.128543,61.20131323549522,0,4.650266154789458,0,Normal,Critical!!,Normal,Critical!!
2026-05-27 12:31:43.129766,60.734051923441065,0,3.752890576136551,0,Normal,Critical!!,Normal,Critical!!
2026-05-27 12:31:44.131551,60.3995955486071,0,3.5730090568453536,0,Normal,Critical!!,Warning,Critical!!
2026-05-27 12:31:45.133066,60.15966108184235,0,4.264324032741518,0,Normal,Critical!!,Normal,Critical!!
2026-05-27 12:31:46.134385,59.714499005781164,0,4.5804737047993935,0,Normal,Critical!!,Normal,Critical!!
2026-05-27 12:31:47.135696,59.47261268362159,0,4.167230246102922,0,Normal,Critical!!,Normal,Critical!!
2026-05-27 12:31:48.137301,59.03044211550775,0,4.226102804037553,0,Normal,Critical!!,Normal,Critical!!
2026-05-27 12:31:49.139117,58.78157291761859,0,4.751183957164908,0,Normal,Critical!!,Normal,Critical!!
2026-05-27 12:31:50.140406,58.29790911693376,0,3.5600403374486853,0,Normal,Critical!!,Warning,Critical!!
2026-05-27 12:31:51.141361,58.08227419360747,0,3.730056926919726,0,Normal,Critical!!,Normal,Critical!!
2026-05-27 12:31:52.143289,57.765241483440306,0,3.673535502715463,0,Normal,Critical!!,Normal,Critical!!
2026-05-27 12:31:53.144981,57.5731024319337,0,4.112979055017367,0,Normal,Critical!!,Normal,Critical!!
2026-05-27 12:31:54.146628,57.272596906631016,0,4.254221836656734,0,Normal,Critical!!,Normal,Critical!!
2026-05-27 12:31:55.147930,56.89577978514723,0,4.845760566332382,0,Normal,Critical!!,Normal,Critical!!
2026-05-27 12:31:56.149686,56.45272318260331,0,3.571264509273365,0,Normal,Critical!!,Warning,Critical!!
2026-05-27 12:31:57.151135,56.021840814810425,0,4.901228190574239,0,Normal,Critical!!,Normal,Critical!!
2026-05-27 12:31:58.152709,55.53955157188207,0,4.098203347083075,0,Normal,Critical!!,Normal,Critical!!
2026-05-27 12:31:59.154405,55.073063826818874,0,4.141401889737454,0,Normal,Critical!!,Normal,Critical!!
2026-05-27 12:32:00.156241,54.9338045005985,0,3.5778716065230225,0,Normal,Critical!!,Warning,Critical!!
2026-05-27 12:32:01.158152,54.580529092171865,0,4.904684267608162,0,Normal,Critical!!,Normal,Critical!!
2026-05-27 12:32:02.159735,54.39903986226874,0,3.8282620326285235,0,Normal,Critical!!,Normal,Critical!!
2026-05-27 12:32:03.161283,54.00730323928373,0,4.374304070305336,0,Normal,Critical!!,Normal,Critical!!
2026-05-27 12:32:04.162844,53.82699406309591,0,3.9381532081940147,0,Normal,Critical!!,Normal,Critical!!
2026-05-27 12:32:05.164443,53.69625721756734,0,3.4456451937687222,0,Normal,Critical!!,Warning,Critical!!
2026-05-27 12:32:06.165968,53.595765816732225,0,4.842668438019608,0,Normal,Critical!!,Normal,Critical!!
2026-05-27 12:32:07.167525,53.22542887020106,0,4.218619200346566,0,Normal,Critical!!,Normal,Critical!!
2026-05-27 12:32:08.168999,53.02237145973974,0,4.5583202479369,0,Normal,Critical!!,Normal,Critical!!
2026-05-27 12:32:09.171248,52.636381023078,0,4.843030804973562,0,Normal,Critical!!,Normal,Critical!!
2026-05-27 12:32:10.173104,52.50489731971373,0,4.403859070303275,0,Normal,Critical!!,Normal,Critical!!
2026-05-27 12:32:11.175191,52.34738628655636,0,4.098436292883246,0,Normal,Critical!!,Normal,Critical!!
2026-05-27 12:32:12.176711,52.07096484170084,0,4.880105948782418,0,Normal,Critical!!,Normal,Critical!!
2026-05-27 12:32:13.179483,51.59124873935421,0,3.34544071471127,0,Normal,Critical!!,Warning,Critical!!
2026-05-27 12:32:14.181009,51.47461160084116,0,4.593225676854583,0,Normal,Critical!!,Normal,Critical!!
2026-05-27 12:32:15.182848,51.288547133905716,0,3.561697338960401,0,Normal,Critical!!,Warning,Critical!!
2026-05-27 12:32:16.184117,51.11698261413621,0,3.6843439727902356,0,Normal,Critical!!,Normal,Critical!!
2026-05-27 12:32:17.185760,51.003059785025926,0,4.854161631928316,0,Normal,Critical!!,Normal,Critical!!
2026-05-27 12:32:18.187147,50.762576765514176,0,3.5939244385967464,0,Normal,Critical!!,Warning,Critical!!
2026-05-27 12:32:19.188941,50.54763754480545,0,4.090319481448259,0,Normal,Critical!!,Normal,Critical!!
2026-05-27 12:32:20.190403,50.43797257380901,0,4.40431854774959,0,Normal,Critical!!,Normal,Critical!!
2026-05-27 12:32:21.193023,49.994521467350715,0,4.286888753311501,0,Normal,Critical!!,Normal,Critical!!
2026-05-27 12:32:22.194451,49.75131626739822,0,4.859153373268395,0,Normal,Critical!!,Normal,Critical!!
2026-05-27 12:32:23.195734,49.32467862137492,0,3.7493573314612227,0,Normal,Critical!!,Normal,Critical!!
2026-05-27 12:32:24.196951,48.986922460516396,0,3.8485570108892606,0,Normal,Critical!!,Normal,Critical!!
2026-05-27 12:32:25.198279,48.634147229326764,0,4.014667434776053,0,Normal,Critical!!,Normal,Critical!!
2026-05-27 12:32:26.199654,48.50013069774036,0,4.359237895194133,0,Normal,Critical!!,Normal,Critical!!
2026-05-27 12:32:27.201118,48.02628196260451,0,3.76218078089258,0,Normal,Critical!!,Normal,Critical!!
2026-05-27 12:32:28.202288,47.59157022067521,0,4.230499222392966,0,Normal,Critical!!,Normal,Critical!!
2026-05-27 12:32:29.203613,47.13990434400457,0,4.3742686079402535,0,Normal,Critical!!,Normal,Critical!!
2026-05-27 12:32:30.205341,46.820370745438716,0,4.890337180674399,0,Normal,Critical!!,Normal,Critical!!
2026-05-27 12:32:31.206789,46.626117454411826,0,3.614644550514999,0,Normal,Critical!!,Normal,Critical!!
2026-05-27 12:32:32.208189,46.16470211016851,0,4.055787468673319,0,Normal,Critical!!,Normal,Critical!!
2026-05-27 12:32:33.209557,45.72373341222985,0,4.933812698364455,0,Normal,Critical!!,Normal,Critical!!
2026-05-27 12:32:34.211063,45.323324739141334,0,4.201295304934326,0,Normal,Critical!!,Normal,Critical!!
2026-05-27 12:32:35.212309,45.20325827283948,0,4.011101899974022,0,Normal,Critical!!,Normal,Critical!!
2026-05-27 12:32:36.213773,44.78585168683577,0,3.8451696878728336,0,Normal,Critical!!,Normal,Critical!!
2026-05-27 12:32:37.215404,44.655661880156075,0,3.39020097972596,0,Normal,Critical!!,Warning,Critical!!
2026-05-27 12:32:38.216778,44.53466635910857,0,4.181113571598063,0,Normal,Critical!!,Normal,Critical!!
2026-05-27 12:32:39.218373,44.13866721190617,0,3.6736324301928205,0,Normal,Critical!!,Normal,Critical!!
2026-05-27 12:32:40.220222,43.72200433631305,0,3.9386955269282504,0,Normal,Critical!!,Normal,Critical!!
2026-05-27 12:32:41.221789,43.544982949289576,0,4.146833007415952,0,Normal,Critical!!,Normal,Critical!!
2026-05-27 12:32:42.223163,43.26826029129752,0,3.8029639050823194,0,Normal,Critical!!,Normal,Critical!!
2026-05-27 12:32:43.225593,43.103776944919154,0,4.118215197028162,0,Normal,Critical!!,Normal,Critical!!
2026-05-27 12:32:44.227392,42.70786202956174,0,4.111500046761691,0,Normal,Critical!!,Normal,Critical!!
2026-05-27 12:32:45.229214,42.534010592164584,0,4.361360083071225,0,Normal,Critical!!,Normal,Critical!!
2026-05-27 12:32:46.230746,42.06091620189036,0,3.4246125091616033,0,Normal,Critical!!,Warning,Critical!!
2026-05-27 12:32:47.232666,41.84836964965193,0,3.8088459377166997,0,Normal,Critical!!,Normal,Critical!!
2026-05-27 12:32:48.234600,41.44043610490586,0,3.742964184227502,0,Normal,Critical!!,Normal,Critical!!
2026-05-27 12:32:49.236315,41.15650251038881,0,4.099470563040714,0,Normal,Critical!!,Normal,Critical!!
2026-05-27 12:32:50.237625,41.03967361637101,0,4.537205148787315,0,Normal,Critical!!,Normal,Critical!!
2026-05-27 12:32:51.239194,40.6142476858631,0,4.013472561821538,0,Normal,Critical!!,Normal,Critical!!
2026-05-27 12:32:52.241026,40.33911375880852,0,4.110100760738551,0,Normal,Critical!!,Normal,Critical!!
2026-05-27 12:32:53.242543,40.22266364246816,0,3.737406397349133,0,Normal,Critical!!,Normal,Critical!!
2026-05-27 12:32:54.244272,39.78669694803983,0,3.4202398225480994,0,Normal,Critical!!,Warning,Critical!!
2026-05-27 12:32:55.245865,39.511566184268965,0,4.337928609320752,0,Normal,Critical!!,Normal,Critical!!
2026-05-27 12:32:56.248193,39.2489860730128,0,4.555379686666238,0,Normal,Critical!!,Normal,Critical!!
2026-05-27 12:32:57.249993,38.79157179127167,0,4.906963828781638,0,Normal,Critical!!,Normal,Critical!!
2026-05-27 12:32:58.251723,38.43523938712563,0,3.7658408178277374,0,Normal,Critical!!,Normal,Critical!!
2026-05-27 12:32:59.253290,38.274111066541536,0,4.722484084982458,0,Normal,Critical!!,Normal,Critical!!
2026-05-27 12:33:00.254814,37.8493202042162,0,3.4538119284789977,0,Normal,Critical!!,Warning,Critical!!
2026-05-27 12:33:01.255887,37.71836708750598,0,4.325499608919434,0,Normal,Critical!!,Normal,Critical!!
2026-05-27 12:33:02.257376,37.38808549316423,0,3.8745102305889314,0,Normal,Critical!!,Normal,Critical!!
2026-05-27 12:33:03.258931,37.033162067915775,0,3.8034977832728663,0,Normal,Critical!!,Normal,Critical!!
2026-05-27 12:33:04.260011,36.9083289300454,0,4.2635351290260495,0,Normal,Critical!!,Normal,Critical!!
2026-05-27 12:33:05.261119,36.79311552395933,0,3.4550854263962205,0,Normal,Critical!!,Warning,Critical!!
2026-05-27 12:33:06.262590,36.458619712575334,0,4.480714328262904,0,Normal,Critical!!,Normal,Critical!!
2026-05-27 12:33:07.263945,36.23422669574519,0,3.3803034306828605,0,Normal,Critical!!,Warning,Critical!!
2026-05-27 12:33:08.265465,35.923069476776874,0,3.843100135980937,0,Normal,Critical!!,Normal,Critical!!
2026-05-27 12:33:09.266463,35.49995652589891,0,4.068642286089075,0,Normal,Critical!!,Normal,Critical!!
2026-05-27 12:33:10.267905,35.00876751670279,0,3.5875996414790667,0,Normal,Critical!!,Warning,Critical!!
2026-05-27 12:33:11.269487,34.6730451217759,0,4.719528174226935,0,Normal,Critical!!,Normal,Critical!!
2026-05-27 12:33:12.270895,34.19135710028957,0,4.982230354619461,0,Normal,Critical!!,Normal,Critical!!
2026-05-27 12:33:13.272526,33.89810763179343,0,4.050549936659598,0,Normal,Critical!!,Normal,Critical!!
2026-05-27 12:33:14.274235,33.550419021684064,0,4.682752880673972,0,Normal,Critical!!,Normal,Critical!!
2026-05-27 12:33:15.275536,33.1043027983302,0,4.63249627303892,0,Normal,Critical!!,Normal,Critical!!
2026-05-27 12:33:16.277505,32.980687906785455,0,4.085021167086242,0,Normal,Critical!!,Normal,Critical!!
2026-05-27 12:33:17.278703,32.70782501070743,0,4.9321051316240565,0,Normal,Critical!!,Normal,Critical!!
2026-05-27 12:33:18.280200,32.303188157148256,0,4.395970198433838,0,Normal,Critical!!,Normal,Critical!!
2026-05-27 12:33:19.281764,32.084228054191406,0,3.881067433570304,0,Normal,Critical!!,Normal,Critical!!
2026-05-27 12:33:20.283407,31.881182381993405,0,4.70775423814984,0,Normal,Critical!!,Normal,Critical!!
2026-05-27 12:33:21.284794,31.726974315222428,0,3.6905032665167448,0,Normal,Critical!!,Normal,Critical!!
2026-05-27 12:33:22.286459,31.51859976647116,0,4.141388973335324,0,Normal,Critical!!,Normal,Critical!!
2026-05-27 12:33:23.287711,31.32309877041714,0,4.124689365616041,0,Normal,Critical!!,Normal,Critical!!
2026-05-27 12:33:24.289328,31.117213026448372,0,3.8613939486558477,0,Normal,Critical!!,Normal,Critical!!
2026-05-27 12:33:25.290886,30.618592105583,0,3.8711390978762923,0,Normal,Critical!!,Normal,Critical!!
2026-05-27 12:33:26.292555,30.135377195731113,0,4.437337140746307,0,Normal,Critical!!,Normal,Critical!!
2026-05-27 12:33:27.293817,29.70238883984809,0,4.357460503824803,0,Normal,Critical!!,Normal,Critical!!
2026-05-27 12:33:28.295663,29.535478953492518,0,3.914927390321878,0,Normal,Critical!!,Normal,Critical!!
2026-05-27 12:33:29.297233,29.247096557174753,0,4.624903326299336,0,Normal,Critical!!,Normal,Critical!!
2026-05-27 12:33:30.298696,28.921050768488314,0,3.5045807594104694,0,Normal,Critical!!,Warning,Critical!!
2026-05-27 12:33:31.300184,28.46150915789395,0,4.360715530840301,0,Normal,Critical!!,Normal,Critical!!
2026-05-27 12:33:32.301454,27.995186195114343,0,3.567227861667554,0,Normal,Critical!!,Warning,Critical!!
2026-05-27 12:33:33.302820,27.809994133003205,0,4.494542192577695,0,Normal,Critical!!,Normal,Critical!!
2026-05-27 12:33:34.304546,27.562614267117297,0,4.831602311758025,0,Normal,Critical!!,Normal,Critical!!
2026-05-27 12:33:35.309423,27.150780746798898,0,4.856963522965797,0,Normal,Critical!!,Normal,Critical!!
2026-05-27 12:33:36.310774,27.009679204632917,0,3.3176902371295927,0,Normal,Critical!!,Warning,Critical!!
2026-05-27 12:33:37.311955,26.692760925066814,0,4.681457245469533,0,Normal,Critical!!,Normal,Critical!!
2026-05-27 12:33:38.313225,26.443465197766223,0,4.455751310518774,0,Normal,Critical!!,Normal,Critical!!
2026-05-27 12:33:39.314255,26.031141707482888,0,4.452157071045539,0,Normal,Critical!!,Normal,Critical!!
2026-05-27 12:33:40.315698,25.808903763220126,0,3.5566850472761264,0,Normal,Critical!!,Warning,Critical!!
2026-05-27 12:33:41.317124,25.657717866868516,0,3.335597818785776,0,Normal,Critical!!,Warning,Critical!!
2026-05-27 12:33:42.318601,25.495803588510334,0,4.151310044993401,0,Normal,Critical!!,Normal,Critical!!
2026-05-27 12:33:43.320012,25.258746666033467,0,4.058609846262194,0,Normal,Critical!!,Normal,Critical!!
2026-05-27 12:33:44.321634,24.772617874178952,0,3.3527407590645315,0,Normal,Critical!!,Warning,Critical!!
2026-05-27 12:33:45.323291,24.367433864400947,0,4.362740485141114,0,Normal,Critical!!,Normal,Critical!!
2026-05-27 12:33:46.324600,24.20936399510943,0,4.256598782736996,0,Normal,Critical!!,Normal,Critical!!
2026-05-27 12:33:47.326257,23.82703859449445,0,3.9333795270985927,0,Normal,Critical!!,Normal,Critical!!
2026-05-27 12:33:48.327834,23.64683668688478,0,3.6570406414152856,0,Normal,Critical!!,Normal,Critical!!
2026-05-27 12:33:49.329783,23.201976425185514,0,3.6479925463715754,0,Normal,Critical!!,Normal,Critical!!
2026-05-27 12:33:50.331756,22.748526146451265,0,4.105554650359942,0,Normal,Critical!!,Normal,Critical!!
2026-05-27 12:33:51.333396,22.268532937806423,0,4.139774133161638,0,Normal,Critical!!,Normal,Critical!!
2026-05-27 12:33:52.334882,21.889652188609357,0,3.72398225102417,0,Normal,Critical!!,Normal,Critical!!
2026-05-27 12:33:53.336471,21.632479924594715,0,4.498563186023521,0,Normal,Critical!!,Normal,Critical!!
2026-05-27 12:33:54.338300,21.17991513871799,0,4.607742457798619,0,Normal,Critical!!,Normal,Critical!!
2026-05-27 12:33:55.340237,20.738499960883882,0,4.580358329210053,0,Normal,Critical!!,Normal,Critical!!
2026-05-27 12:33:56.341764,20.56802946381181,0,4.8121156952657556,0,Normal,Critical!!,Normal,Critical!!
2026-05-27 12:33:57.343762,20.328618633932773,0,3.6721939520829316,0,Normal,Critical!!,Normal,Critical!!
2026-05-27 12:33:58.345269,19.842023112972445,0,3.65412828879216,0,Normal,Critical!!,Normal,Critical!!
2026-05-27 12:33:59.346842,20.293569363735656,0,4.080967543858489,0,Normal,Critical!!,Normal,Critical!!
2026-05-27 12:34:00.348391,20.77888441472752,0,3.983519280901092,0,Normal,Critical!!,Normal,Critical!!
2026-05-27 12:34:01.350165,20.9868182370554,0,4.552133915583411,0,Normal,Critical!!,Normal,Critical!!
2026-05-27 12:34:02.351999,21.484213602421878,0,4.219455650458754,0,Normal,Critical!!,Normal,Critical!!
2026-05-27 12:34:03.353835,21.950652866837764,0,3.8625043347424066,0,Normal,Critical!!,Normal,Critical!!
2026-05-27 12:34:04.355388,22.283785884630365,0,4.725965866045889,0,Normal,Critical!!,Normal,Critical!!
2026-05-27 12:34:05.357466,22.774308137278815,0,4.360570787819882,0,Normal,Critical!!,Normal,Critical!!
2026-05-27 12:34:06.358967,23.14266721578198,0,4.346968020451516,0,Normal,Critical!!,Normal,Critical!!
2026-05-27 12:34:07.360350,23.31383168444459,0,4.629084067428151,0,Normal,Critical!!,Normal,Critical!!
2026-05-27 12:34:08.361435,23.555765842800312,0,3.8054794172553734,0,Normal,Critical!!,Normal,Critical!!
2026-05-27 12:34:09.362731,23.879666592395402,0,4.1539308631472185,0,Normal,Critical!!,Normal,Critical!!
2026-05-27 12:34:10.364508,24.037674413981684,0,4.501052309594103,0,Normal,Critical!!,Normal,Critical!!
2026-05-27 12:34:11.365950,24.490971627879958,0,4.109202150402478,0,Normal,Critical!!,Normal,Critical!!
2026-05-27 12:34:12.367330,24.699808741527743,0,4.382076778375239,0,Normal,Critical!!,Normal,Critical!!
2026-05-27 12:34:13.369637,24.86270665956188,0,4.9768503156578685,0,Normal,Critical!!,Normal,Critical!!
2026-05-27 12:34:14.371423,25.26394348001398,0,4.389209149991231,0,Normal,Critical!!,Normal,Critical!!
2026-05-27 12:34:15.373077,25.629562278348757,0,4.581799392980596,0,Normal,Critical!!,Normal,Critical!!
2026-05-27 12:34:16.374117,26.023410112905434,0,4.462955289128118,0,Normal,Critical!!,Normal,Critical!!
2026-05-27 12:34:17.375637,26.251518423335785,0,3.4860067075277557,0,Normal,Critical!!,Warning,Critical!!
2026-05-27 12:34:18.377811,26.59529863910254,0,4.338767819154548,0,Normal,Critical!!,Normal,Critical!!
2026-05-27 12:34:19.379110,26.72890464318502,0,4.0566157238538825,0,Normal,Critical!!,Normal,Critical!!
2026-05-27 12:34:20.380386,27.197909799837316,0,4.821263516101109,0,Normal,Critical!!,Normal,Critical!!
2026-05-27 12:34:21.381881,27.518566613111787,0,3.971965032230143,0,Normal,Critical!!,Normal,Critical!!
2026-05-27 12:34:22.383125,27.62130395268395,0,3.4535152794312407,0,Normal,Critical!!,Warning,Critical!!
2026-05-27 12:34:23.384035,27.837180249221564,0,3.6112395219253552,0,Normal,Critical!!,Normal,Critical!!
2026-05-27 12:34:24.384945,28.142481861223004,0,4.140337884290832,0,Normal,Critical!!,Normal,Critical!!
2026-05-27 12:34:25.386719,28.273812074167907,0,3.93701917600064,0,Normal,Critical!!,Normal,Critical!!
2026-05-27 12:34:26.388355,28.459661234627802,0,4.051345491461517,0,Normal,Critical!!,Normal,Critical!!
2026-05-27 12:34:27.389924,28.892439665868725,0,4.571961694957196,0,Normal,Critical!!,Normal,Critical!!
2026-05-27 12:34:28.391275,29.326997470282475,0,3.414955936683191,0,Normal,Critical!!,Warning,Critical!!
2026-05-27 12:34:29.393239,29.615505931531406,0,4.090272087460676,0,Normal,Critical!!,Normal,Critical!!
2026-05-27 12:34:30.394342,30.03952126591504,0,4.141367768080477,0,Normal,Critical!!,Normal,Critical!!
2026-05-27 12:34:33.080718,30.52904016152883,0,4.491006186705957,0,Normal,Critical!!,Normal,Critical!!
2026-05-27 12:34:34.081944,30.831316968187902,0,3.7415183596695183,0,Normal,Critical!!,Normal,Critical!!
2026-05-27 12:34:35.083248,30.943398871813752,0,3.932051136725373,0,Normal,Critical!!,Normal,Critical!!
2026-05-27 12:34:36.084564,31.40411472030879,0,4.915026059643238,0,Normal,Critical!!,Normal,Critical!!
2026-05-27 12:34:37.085869,31.884414653050897,0,3.542553978247012,0,Normal,Critical!!,Warning,Critical!!
2026-05-27 12:34:38.087225,32.21354255185862,0,3.540958219683728,0,Normal,Critical!!,Warning,Critical!!
2026-05-27 12:34:39.088701,32.568538513225874,0,4.9708498248841755,0,Normal,Critical!!,Normal,Critical!!
2026-05-27 12:34:40.089980,32.897163124119416,0,3.7474316712645575,0,Normal,Critical!!,Normal,Critical!!
2026-05-27 12:34:41.091341,33.28354813944429,0,4.568303194456059,0,Normal,Critical!!,Normal,Critical!!
2026-05-27 12:34:42.092642,33.76969602794666,0,4.564567345821824,0,Normal,Critical!!,Normal,Critical!!
2026-05-27 12:34:43.093939,34.04738657749142,0,4.662048660693228,0,Normal,Critical!!,Normal,Critical!!
2026-05-27 12:34:44.095752,34.47991951185335,0,4.868154061643395,0,Normal,Critical!!,Normal,Critical!!
2026-05-27 12:34:45.097443,34.77089010791665,0,4.456924741982389,0,Normal,Critical!!,Normal,Critical!!
2026-05-27 12:34:46.099353,34.977812088749396,0,4.471549288696595,0,Normal,Critical!!,Normal,Critical!!
2026-05-27 12:34:47.101663,35.337960214549994,0,3.678453983924167,0,Normal,Critical!!,Normal,Critical!!
2026-05-27 12:34:48.102833,35.504387929211234,0,4.705994896202693,0,Normal,Critical!!,Normal,Critical!!
2026-05-27 12:34:49.104105,35.89755173721927,0,4.2177265443726855,0,Normal,Critical!!,Normal,Critical!!
2026-05-27 12:34:50.106003,36.33398012058711,0,4.515773165559859,0,Normal,Critical!!,Normal,Critical!!
2026-05-27 12:34:51.107258,36.79952434646083,0,4.359328718033386,0,Normal,Critical!!,Normal,Critical!!
2026-05-27 12:34:52.108416,36.98167193286319,0,4.952134194067406,0,Normal,Critical!!,Normal,Critical!!
2026-05-27 12:34:53.109754,37.19462195511331,0,4.880789352677787,0,Normal,Critical!!,Normal,Critical!!
2026-05-27 12:34:54.111072,37.34314217557808,0,4.696135709421581,0,Normal,Critical!!,Normal,Critical!!
2026-05-27 12:34:55.112401,37.74157705893598,0,4.72676434158723,0,Normal,Critical!!,Normal,Critical!!
2026-05-27 12:34:56.113734,38.08796878051697,0,3.4458148372987645,0,Normal,Critical!!,Warning,Critical!!
2026-05-27 12:34:57.115042,38.40155910091584,0,4.484760839961508,0,Normal,Critical!!,Normal,Critical!!
2026-05-27 12:34:58.116994,38.5630984461116,0,4.327510390448489,0,Normal,Critical!!,Normal,Critical!!
2026-05-27 12:34:59.118474,38.81268993065108,0,4.966911002458139,0,Normal,Critical!!,Normal,Critical!!
2026-05-27 12:35:00.120080,39.030438169312134,0,4.687960759553209,0,Normal,Critical!!,Normal,Critical!!
2026-05-27 12:35:01.121596,39.17007209513878,0,4.232600129147511,0,Normal,Critical!!,Normal,Critical!!
2026-05-27 12:35:02.123234,39.56153913564658,0,4.605661003260023,0,Normal,Critical!!,Normal,Critical!!
2026-05-27 12:35:03.124653,39.870351895347994,0,3.598149563957729,0,Normal,Critical!!,Warning,Critical!!
2026-05-27 12:35:04.126163,40.097897593314784,0,3.602741479403502,0,Normal,Critical!!,Normal,Critical!!
2026-05-27 12:35:05.127238,40.20566031519348,0,4.764780506385469,0,Normal,Critical!!,Normal,Critical!!
2026-05-27 12:35:06.128680,40.58052561304151,0,4.229828947739006,0,Normal,Critical!!,Normal,Critical!!
2026-05-27 12:35:07.130169,40.796223345141165,0,3.690233961278462,0,Normal,Critical!!,Normal,Critical!!
2026-05-27 12:35:08.131460,41.28566492988767,0,3.3025494106095534,0,Normal,Critical!!,Warning,Critical!!
2026-05-27 12:35:09.132763,41.68169306420005,0,3.541452719221062,0,Normal,Critical!!,Warning,Critical!!
2026-05-27 12:35:10.134040,41.95537701782233,0,3.4299172964807916,0,Normal,Critical!!,Warning,Critical!!
2026-05-27 12:35:11.135569,42.271169316777794,0,4.496990607062818,0,Normal,Critical!!,Normal,Critical!!
2026-05-27 12:35:12.136925,42.52367745353255,0,3.4210024830031345,0,Normal,Critical!!,Warning,Critical!!
2026-05-27 12:35:13.138080,42.74310404900607,0,3.33779719028472,0,Normal,Critical!!,Warning,Critical!!
2026-05-27 12:35:14.992209,43.04886246743376,0,4.810948869353266,0,Normal,Critical!!,Normal,Critical!!
2026-05-27 12:35:15.993539,43.34975225912262,0,4.620617405579972,0,Normal,Critical!!,Normal,Critical!!
2026-05-27 12:35:16.994753,43.612172639123955,0,4.833773491033111,0,Normal,Critical!!,Normal,Critical!!
2026-05-27 12:35:17.996274,43.741082210470324,0,4.536899132787348,0,Normal,Critical!!,Normal,Critical!!
2026-05-27 12:35:18.997557,44.04945998644748,0,4.299551976297994,0,Normal,Critical!!,Normal,Critical!!
2026-05-27 12:35:19.999274,44.2199281914607,0,4.415448600634443,0,Normal,Critical!!,Normal,Critical!!
2026-05-27 12:35:22.128840,44.62773425344923,0,3.625686805704598,0,Normal,Critical!!,Normal,Critical!!
2026-05-27 12:35:23.130129,44.81631561943669,0,4.059005881258166,0,Normal,Critical!!,Normal,Critical!!
2026-05-27 12:35:24.131429,45.25122919587387,0,4.264031903451496,0,Normal,Critical!!,Normal,Critical!!
2026-05-27 12:35:25.133147,45.650511987783325,0,4.645334513017541,0,Normal,Critical!!,Normal,Critical!!
2026-05-27 12:35:26.134320,45.965836160542594,0,3.5466556132388702,0,Normal,Critical!!,Warning,Critical!!
2026-05-27 12:35:27.135814,46.345219468681314,0,4.080814302310189,0,Normal,Critical!!,Normal,Critical!!
2026-05-27 12:35:28.137519,46.535529238019116,0,4.745633498286331,0,Normal,Critical!!,Normal,Critical!!
2026-05-27 12:35:29.138844,46.81658303049095,0,3.9458079483613315,0,Normal,Critical!!,Normal,Critical!!
2026-05-27 12:35:30.140044,47.28600433489822,0,4.4448434598449875,0,Normal,Critical!!,Normal,Critical!!
2026-05-27 12:35:31.141297,47.696712262635366,0,3.594486566751894,0,Normal,Critical!!,Warning,Critical!!
2026-05-27 12:35:32.142772,47.9022783051614,0,4.982541189464806,0,Normal,Critical!!,Normal,Critical!!
2026-05-27 12:35:33.144601,48.08109640617102,0,4.852291668630373,0,Normal,Critical!!,Normal,Critical!!
2026-05-27 12:35:34.146107,48.18572126238962,0,3.4902387187728707,0,Normal,Critical!!,Warning,Critical!!
2026-05-27 12:35:35.147601,48.396600325479604,0,4.424082927166743,0,Normal,Critical!!,Normal,Critical!!
2026-05-27 12:35:36.151710,48.62433265203194,0,4.304428168945956,0,Normal,Critical!!,Normal,Critical!!
2026-05-27 12:35:37.153032,49.10084927975417,0,3.9127996147012967,0,Normal,Critical!!,Normal,Critical!!
2026-05-27 12:35:38.154394,49.52151420836561,0,3.3810589222922625,0,Normal,Critical!!,Warning,Critical!!
2026-05-27 12:35:39.155886,50.00832187237782,0,4.831208600396119,0,Normal,Critical!!,Normal,Critical!!
2026-05-27 12:35:40.157725,50.37098352663601,0,4.712517997600071,0,Normal,Critical!!,Normal,Critical!!
2026-05-27 12:35:41.159013,50.673505513172294,0,3.639504677436961,0,Normal,Critical!!,Normal,Critical!!
2026-05-27 12:35:42.160093,50.891259691496856,0,3.567260648984341,0,Normal,Critical!!,Warning,Critical!!
2026-05-27 12:35:43.160955,51.33970990693657,0,4.918427364047562,0,Normal,Critical!!,Normal,Critical!!
2026-05-27 12:35:44.162605,51.62336893725838,0,4.5118200236861385,0,Normal,Critical!!,Normal,Critical!!
2026-05-27 12:35:45.163792,52.10353294481609,0,4.070166826986939,0,Normal,Critical!!,Normal,Critical!!
2026-05-27 12:35:46.164926,52.54776746811825,0,3.4293686479809127,0,Normal,Critical!!,Warning,Critical!!
2026-05-27 12:35:47.166465,52.68941754884895,0,4.728003584650885,0,Normal,Critical!!,Normal,Critical!!
2026-05-27 12:35:48.167859,52.90244362185128,0,4.793577828035631,0,Normal,Critical!!,Normal,Critical!!
2026-05-27 12:35:49.169182,53.08116854445777,0,4.388301161069551,0,Normal,Critical!!,Normal,Critical!!
2026-05-27 12:35:50.170630,53.47585941148185,0,4.016738414930886,0,Normal,Critical!!,Normal,Critical!!
2026-05-27 12:35:51.171870,53.57772699539465,0,3.9096616324748825,0,Normal,Critical!!,Normal,Critical!!
2026-05-27 12:35:52.173360,53.97835375467098,0,4.703015043197761,0,Normal,Critical!!,Normal,Critical!!
2026-05-27 12:35:53.175051,54.41202596996686,0,3.4988092925865018,0,Normal,Critical!!,Warning,Critical!!
2026-05-27 12:35:54.176527,54.58145217935616,0,3.9314628153268325,0,Normal,Critical!!,Normal,Critical!!
2026-05-27 12:35:55.177998,54.92991812897601,0,4.280786934434683,0,Normal,Critical!!,Normal,Critical!!
2026-05-27 12:35:56.179329,55.12803543212832,0,4.827294461761426,0,Normal,Critical!!,Normal,Critical!!
2026-05-27 12:35:57.181037,55.59290417870305,0,4.881514117349614,0,Normal,Critical!!,Normal,Critical!!
2026-05-27 12:35:58.182820,56.0412756713347,0,3.9976776576858666,0,Normal,Critical!!,Normal,Critical!!
2026-05-27 12:35:59.184077,56.31667160370783,0,4.280939108897802,0,Normal,Critical!!,Normal,Critical!!
2026-05-27 12:36:00.185049,56.7441127420676,0,3.7407220313572243,0,Normal,Critical!!,Normal,Critical!!
2026-05-27 12:36:01.186078,57.0681187477171,0,4.764764196135497,0,Normal,Critical!!,Normal,Critical!!
2026-05-27 12:36:02.187354,57.4218428447543,0,3.597562347743877,0,Normal,Critical!!,Warning,Critical!!
2026-05-27 12:36:03.188406,57.83480924923465,0,3.7402006114600983,0,Normal,Critical!!,Normal,Critical!!
2026-05-27 12:36:04.189837,58.22951227158145,0,4.344026565071893,0,Normal,Critical!!,Normal,Critical!!
2026-05-27 12:36:05.191180,58.657745617161375,0,4.421968447579149,0,Normal,Critical!!,Normal,Critical!!
2026-05-27 12:36:06.192760,59.031373060579426,0,4.261513551909119,0,Normal,Critical!!,Normal,Critical!!
2026-05-27 12:36:07.194288,59.46976635545387,0,4.5647731886260186,0,Normal,Critical!!,Normal,Critical!!
2026-05-27 12:36:08.195598,59.670715994753856,0,4.040506954471733,0,Normal,Critical!!,Normal,Critical!!
2026-05-27 12:36:09.197215,59.98873798989116,0,4.154870970787982,0,Normal,Critical!!,Normal,Critical!!
2026-05-27 12:36:10.198418,60.468107151473895,0,3.336326225940576,0,Normal,Critical!!,Warning,Critical!!
2026-05-27 12:36:11.199960,60.59194549488275,0,3.595069826155739,0,Normal,Critical!!,Warning,Critical!!
2026-05-27 12:36:12.201090,60.85871182465293,0,3.459025781868784,0,Normal,Critical!!,Warning,Critical!!
2026-05-27 12:36:13.202621,61.15409518762485,0,4.108617914179362,0,Normal,Critical!!,Normal,Critical!!
2026-05-27 12:36:14.231268,61.427243717722654,0,3.609614697154628,0,Normal,Critical!!,Normal,Critical!!
2026-05-27 12:36:15.266379,61.650803648072234,0,4.83420002348389,0,Normal,Critical!!,Normal,Critical!!
2026-05-27 12:36:16.267984,61.96999058810692,0,4.993555790721907,0,Normal,Critical!!,Normal,Critical!!
2026-05-27 12:36:17.269301,62.274911470413386,0,4.998806940689705,0,Normal,Critical!!,Normal,Critical!!
2026-05-27 12:36:18.270538,62.50429324626369,0,4.5389422508533315,0,Normal,Critical!!,Normal,Critical!!
2026-05-27 12:36:19.271871,62.78723038805599,0,4.985560019224323,0,Normal,Critical!!,Normal,Critical!!
2026-05-27 12:36:20.272875,62.90735833349399,0,4.084191380130748,0,Normal,Critical!!,Normal,Critical!!
2026-05-27 12:36:21.274361,63.21385843553037,0,4.3606901088183205,0,Normal,Critical!!,Normal,Critical!!
2026-05-27 12:36:22.956320,63.532021015484695,0,3.3946243865747636,0,Normal,Critical!!,Warning,Critical!!
2026-05-27 12:36:23.957611,63.996673798355324,0,3.4186643378169745,0,Normal,Critical!!,Warning,Critical!!
2026-05-27 12:36:24.958863,64.23044333490029,0,3.6697395057884132,0,Normal,Critical!!,Normal,Critical!!
2026-05-27 12:36:25.960001,64.68857514419847,0,4.480584943079256,0,Normal,Critical!!,Normal,Critical!!
2026-05-27 12:36:26.961555,64.83657537264675,0,4.210760197001409,0,Normal,Critical!!,Normal,Critical!!
2026-05-27 12:36:27.963106,65.13966626296767,0,3.964874715661202,0,Normal,Critical!!,Normal,Critical!!
2026-05-27 12:36:28.964207,65.35375745443093,0,4.047967822595077,0,Normal,Critical!!,Normal,Critical!!
2026-05-27 12:36:29.965749,65.74129665771468,0,3.7694812113921654,0,Normal,Critical!!,Normal,Critical!!
2026-05-27 12:36:30.967379,65.99916444834936,0,3.728563316498785,0,Normal,Critical!!,Normal,Critical!!
2026-05-27 12:36:31.968945,66.21707667584076,0,3.824256390358835,0,Normal,Critical!!,Normal,Critical!!
2026-05-27 12:36:32.970387,66.63051348127526,0,3.4798958358125827,0,Normal,Critical!!,Warning,Critical!!
2026-05-27 12:36:33.971691,67.11500503742704,0,3.653181632744379,0,Normal,Critical!!,Normal,Critical!!
2026-05-27 12:36:34.973328,67.32587148634029,0,3.3565717310193883,0,Normal,Critical!!,Warning,Critical!!
2026-05-27 12:36:35.974969,67.52577797227953,0,4.4472899438557425,0,Normal,Critical!!,Normal,Critical!!
2026-05-27 12:36:36.976478,67.88385921282419,0,4.431268297460542,0,Normal,Critical!!,Normal,Critical!!
2026-05-27 12:36:37.978037,68.1934858740303,0,4.746742976735079,0,Normal,Critical!!,Normal,Critical!!
2026-05-27 12:36:38.979222,68.53997707675269,0,4.765204572647819,0,Normal,Critical!!,Normal,Critical!!
2026-05-27 12:36:39.980671,68.67752882207405,0,3.9567482246901804,0,Normal,Critical!!,Normal,Critical!!
2026-05-27 12:36:40.982028,69.10010949512068,0,4.138897372636729,0,Normal,Critical!!,Normal,Critical!!
2026-05-27 12:36:41.983332,69.24220349622796,0,4.408443739524405,0,Normal,Critical!!,Normal,Critical!!
2026-05-27 12:36:42.984941,69.54688755823092,0,3.919360422106442,0,Normal,Critical!!,Normal,Critical!!
2026-05-27 12:36:43.986449,69.79561237484381,0,3.5249930026665823,0,Normal,Critical!!,Warning,Critical!!
2026-05-27 12:36:44.987649,69.96826371459068,0,3.5063865755097687,0,Normal,Critical!!,Warning,Critical!!
2026-05-27 12:36:45.989484,70.24265704770832,0,4.987283939149484,0,Normal,Critical!!,Normal,Critical!!
2026-05-27 12:36:46.993831,70.70400193214914,0,3.503153893748114,0,Normal,Critical!!,Warning,Critical!!
2026-05-27 12:36:47.995169,70.90226857448165,0,4.583307057837763,0,Normal,Critical!!,Normal,Critical!!
2026-05-27 12:36:48.996794,71.19936416302724,0,4.795503210567684,0,Normal,Critical!!,Normal,Critical!!
2026-05-27 12:36:49.998560,71.40102186609981,0,3.9122289200363958,0,Normal,Critical!!,Normal,Critical!!
2026-05-27 12:36:51.000152,71.56110112808845,0,4.0220290452185425,0,Normal,Critical!!,Normal,Critical!!
2026-05-27 12:36:52.001755,71.91851371783919,0,3.725139230911494,0,Normal,Critical!!,Normal,Critical!!
2026-05-27 12:36:53.003421,72.30620158404155,0,4.692713439797529,0,Normal,Critical!!,Normal,Critical!!
2026-05-27 12:36:54.005546,72.50103213762736,0,4.096172335334846,0,Normal,Critical!!,Normal,Critical!!
2026-05-27 12:36:55.007536,72.61624120223426,0,4.746534900743964,0,Normal,Critical!!,Normal,Critical!!
2026-05-27 12:36:56.008964,72.88428920507948,0,3.860542389381239,0,Normal,Critical!!,Normal,Critical!!
2026-05-27 12:36:57.010458,73.16658927926399,0,4.3822905538708525,0,Normal,Critical!!,Normal,Critical!!
2026-05-27 12:36:58.012086,73.50012849973868,0,4.585911531376603,0,Normal,Critical!!,Normal,Critical!!
2026-05-27 12:36:59.013565,73.96056472204955,0,3.4473603255563163,0,Normal,Critical!!,Warning,Critical!!
2026-05-27 12:37:00.014779,74.23078333040377,0,3.9639352973918784,0,Normal,Critical!!,Normal,Critical!!
2026-05-27 12:37:01.016530,74.39300168408953,0,3.5267582801813,0,Normal,Critical!!,Warning,Critical!!
2026-05-27 12:37:02.017827,74.5914409712107,0,3.887531204096821,0,Normal,Critical!!,Normal,Critical!!
2026-05-27 12:37:03.019220,74.98922869143806,0,4.896976734270089,0,Normal,Critical!!,Normal,Critical!!
2026-05-27 12:37:04.020379,75.35172953376427,0,3.720939233233084,0,Normal,Critical!!,Normal,Critical!!
2026-05-27 12:37:05.022070,75.81503617016304,0,4.743755861215244,0,Normal,Critical!!,Normal,Critical!!
2026-05-27 12:37:06.023471,75.9980268072712,0,4.427956132342096,0,Normal,Critical!!,Normal,Critical!!
2026-05-27 12:37:07.024711,76.41670468255074,0,4.081017234246196,0,Normal,Critical!!,Normal,Critical!!
2026-05-27 12:37:08.025896,76.61133825034145,0,3.9203446083018356,0,Normal,Critical!!,Normal,Critical!!
2026-05-27 12:37:09.027365,76.9456571655903,0,4.872463553154311,0,Normal,Critical!!,Normal,Critical!!
2026-05-27 12:37:10.028766,77.26101806650821,0,3.9822793769359004,0,Normal,Critical!!,Normal,Critical!!
2026-05-27 12:37:11.029896,77.55312732658825,0,3.5017032136591864,0,Normal,Critical!!,Warning,Critical!!
2026-05-27 12:37:12.031172,78.00201215897586,0,4.233229181699173,0,Normal,Critical!!,Normal,Critical!!
2026-05-27 12:37:13.032486,78.2321215395344,0,3.6034429581203447,0,Normal,Critical!!,Normal,Critical!!
2026-05-27 12:37:14.034326,78.71625818224095,0,3.6852015544589194,0,Normal,Critical!!,Normal,Critical!!
2026-05-27 12:37:15.035532,78.85179111494816,0,3.3366600169582377,0,Normal,Critical!!,Warning,Critical!!
2026-05-27 12:37:16.037000,79.16455538267329,0,4.152848654989577,0,Normal,Critical!!,Normal,Critical!!
2026-05-27 12:37:17.038140,79.26746177174144,0,3.628928987662361,0,Normal,Critical!!,Normal,Critical!!
2026-05-27 12:37:18.040057,79.38188441456775,0,4.995712167332007,0,Normal,Critical!!,Normal,Critical!!
2026-05-27 12:37:19.041433,79.80487942621801,0,3.6464820199766512,0,Normal,Critical!!,Normal,Critical!!
2026-05-27 12:37:20.042622,80.07890411955546,0,4.635347906111612,0,Warning,Critical!!,Normal,Critical!!
2026-05-27 12:37:21.044380,79.64920228983586,0,3.333058385134332,0,Normal,Critical!!,Warning,Critical!!
2026-05-27 12:37:22.045769,79.32381040577049,0,4.2562096791664725,0,Normal,Critical!!,Normal,Critical!!
2026-05-27 12:37:23.048051,79.04354107792223,0,3.3771109916543236,0,Normal,Critical!!,Warning,Critical!!
2026-05-27 12:37:24.049374,78.72850625529622,0,4.490951214976092,0,Normal,Critical!!,Normal,Critical!!
2026-05-27 12:37:25.050843,78.50252849767315,0,3.840419225667291,0,Normal,Critical!!,Normal,Critical!!
2026-05-27 12:37:26.052581,78.3224602104154,0,3.6584333688935784,0,Normal,Critical!!,Normal,Critical!!
2026-05-27 12:37:27.053973,78.11862021243714,0,4.22546846521484,0,Normal,Critical!!,Normal,Critical!!
2026-05-27 12:37:28.054853,77.6262385777728,0,3.8539342196656547,0,Normal,Critical!!,Normal,Critical!!
2026-05-27 12:37:29.056366,77.3881001431353,0,4.857422038433341,0,Normal,Critical!!,Normal,Critical!!
2026-05-27 12:37:30.057823,77.10719258749755,0,4.157585907549329,0,Normal,Critical!!,Normal,Critical!!
2026-05-27 12:37:31.059312,76.9325527995201,0,3.8515008095368266,0,Normal,Critical!!,Normal,Critical!!
2026-05-27 12:37:32.060814,76.65501189411691,0,4.259099128133048,0,Normal,Critical!!,Normal,Critical!!
2026-05-27 12:37:33.062346,76.15948857803815,0,3.855634279592774,0,Normal,Critical!!,Normal,Critical!!
2026-05-27 12:37:34.063950,76.01757651512348,0,4.153998880089632,0,Normal,Critical!!,Normal,Critical!!
2026-05-27 12:37:35.065728,75.72912301970807,0,3.3863651622911446,0,Normal,Critical!!,Warning,Critical!!
2026-05-27 12:37:36.067060,75.30324735253399,0,4.671780119495068,0,Normal,Critical!!,Normal,Critical!!
2026-05-27 12:37:37.068318,75.1760327919314,0,3.895086903389062,0,Normal,Critical!!,Normal,Critical!!
2026-05-27 12:37:38.069971,74.79135061107327,0,3.583932915605933,0,Normal,Critical!!,Warning,Critical!!
2026-05-27 12:37:39.071792,74.44547639548051,0,3.525880687333497,0,Normal,Critical!!,Warning,Critical!!
2026-05-27 12:37:40.073543,74.31470906567296,0,4.073748863759302,0,Normal,Critical!!,Normal,Critical!!
2026-05-27 12:37:41.074710,74.05629591685764,0,4.047615924106615,0,Normal,Critical!!,Normal,Critical!!
2026-05-27 12:37:42.076800,73.86089683659546,0,4.890050618139396,0,Normal,Critical!!,Normal,Critical!!
2026-05-27 12:37:43.078205,73.42673460933972,0,4.336773271895391,0,Normal,Critical!!,Normal,Critical!!
2026-05-27 12:37:44.079966,73.00028931648795,0,3.4592409552064796,0,Normal,Critical!!,Warning,Critical!!
2026-05-27 12:37:45.081194,72.83375613653907,0,4.033572340253899,0,Normal,Critical!!,Normal,Critical!!
2026-05-27 12:37:46.082811,72.45501379429108,0,4.930490897931249,0,Normal,Critical!!,Normal,Critical!!
2026-05-27 12:37:47.083795,71.9727280598934,0,3.3523716598168063,0,Normal,Critical!!,Warning,Critical!!
2026-05-27 12:37:48.085507,71.83589521488997,0,3.7550692234406853,0,Normal,Critical!!,Normal,Critical!!
2026-05-27 12:37:49.087129,71.61899445123304,0,4.723588153497544,0,Normal,Critical!!,Normal,Critical!!
2026-05-27 12:37:50.088160,71.2281780148487,0,4.415951203445255,0,Normal,Critical!!,Normal,Critical!!
2026-05-27 12:37:51.089427,70.8023757971642,0,3.856093249417148,0,Normal,Critical!!,Normal,Critical!!
2026-05-27 12:37:52.090827,70.37400206860605,0,3.4566424718593005,0,Normal,Critical!!,Warning,Critical!!
2026-05-27 12:37:53.092115,70.18650004719376,0,4.235601331598662,0,Normal,Critical!!,Normal,Critical!!
2026-05-27 12:37:54.094302,69.77464217118805,0,4.230624956746833,0,Normal,Critical!!,Normal,Critical!!
2026-05-27 12:37:55.096929,69.32001387721739,0,3.6058808156862794,0,Normal,Critical!!,Normal,Critical!!
2026-05-27 12:37:56.099206,69.02532663289699,0,4.29195789360851,0,Normal,Critical!!,Normal,Critical!!
2026-05-27 12:37:57.100916,68.86693516744006,0,4.603449100244459,0,Normal,Critical!!,Normal,Critical!!
2026-05-27 12:37:58.102402,68.6204329838986,0,3.543861841539057,0,Normal,Critical!!,Warning,Critical!!
2026-05-27 12:37:59.104210,68.48228915448551,0,3.549626845020022,0,Normal,Critical!!,Warning,Critical!!
2026-05-27 12:38:00.106212,68.05493360537714,0,3.4494632083443943,0,Normal,Critical!!,Warning,Critical!!
2026-05-27 12:38:01.107655,67.60782531693222,0,4.205523838035353,0,Normal,Critical!!,Normal,Critical!!
2026-05-27 12:38:02.109145,67.44270648529158,0,4.60644253795174,0,Normal,Critical!!,Normal,Critical!!
2026-05-27 12:38:03.111405,67.14036439924068,0,3.533102168683165,0,Normal,Critical!!,Warning,Critical!!
2026-05-27 12:38:04.113452,66.73016446097203,0,3.649377133482764,0,Normal,Critical!!,Normal,Critical!!
2026-05-27 12:38:05.115277,66.33871477177554,0,4.272023555546983,0,Normal,Critical!!,Normal,Critical!!
2026-05-27 12:38:06.117028,65.86418632066406,0,3.6352140155920756,0,Normal,Critical!!,Normal,Critical!!
2026-05-27 12:38:07.118560,65.55153091853836,0,3.4526704455086743,0,Normal,Critical!!,Warning,Critical!!
2026-05-27 12:38:08.120215,65.32388230429423,0,3.8612619651471185,0,Normal,Critical!!,Normal,Critical!!
2026-05-27 12:38:09.122247,65.08216778617331,0,3.4138435189993666,0,Normal,Critical!!,Warning,Critical!!
2026-05-27 12:38:10.123947,64.63779876314025,0,4.692580985064321,0,Normal,Critical!!,Normal,Critical!!
2026-05-27 12:38:11.125754,64.38097487619848,0,3.3162597822603295,0,Normal,Critical!!,Warning,Critical!!
2026-05-27 12:38:12.127685,63.95502173133558,0,4.515764584649366,0,Normal,Critical!!,Normal,Critical!!
2026-05-27 12:38:13.129901,63.784201855688565,0,4.8331547846349645,0,Normal,Critical!!,Normal,Critical!!
2026-05-27 12:38:14.132065,63.641516917851916,0,4.49695466207843,0,Normal,Critical!!,Normal,Critical!!
2026-05-27 12:38:15.134185,63.248593373203754,0,4.36555449207826,0,Normal,Critical!!,Normal,Critical!!
2026-05-27 12:38:16.136021,62.97788264311882,0,4.374817404863485,0,Normal,Critical!!,Normal,Critical!!
2026-05-27 12:38:17.137692,62.87046015425351,0,4.826295457724754,0,Normal,Critical!!,Normal,Critical!!
2026-05-27 12:38:18.139711,62.65570796989971,0,4.754046687119071,0,Normal,Critical!!,Normal,Critical!!
2026-05-27 12:38:19.141764,62.46718826981909,0,4.032982832994365,0,Normal,Critical!!,Normal,Critical!!
2026-05-27 12:38:20.144382,62.333439447384706,0,3.3537902845502026,0,Normal,Critical!!,Warning,Critical!!
2026-05-27 12:38:21.146527,62.107606439647974,0,4.589198885358536,0,Normal,Critical!!,Normal,Critical!!
2026-05-27 12:38:22.148001,61.81033056442141,0,4.336902139395388,0,Normal,Critical!!,Normal,Critical!!
2026-05-27 12:38:23.149983,61.608633255558324,0,3.622551694449847,0,Normal,Critical!!,Normal,Critical!!
2026-05-27 12:38:24.151431,61.39212080468476,0,3.6071168730733576,0,Normal,Critical!!,Normal,Critical!!
2026-05-27 12:38:25.152970,61.058954163248586,0,4.589493381171835,0,Normal,Critical!!,Normal,Critical!!
2026-05-27 12:38:26.154369,60.854367332308215,0,3.692990490474954,0,Normal,Critical!!,Normal,Critical!!
2026-05-27 12:38:27.156081,60.59704204969659,0,4.19164975598653,0,Normal,Critical!!,Normal,Critical!!
2026-05-27 12:38:28.157800,60.36866965274885,0,4.8509438567682,0,Normal,Critical!!,Normal,Critical!!
2026-05-27 12:38:29.159311,59.960644557749966,0,4.499679162863732,0,Normal,Critical!!,Normal,Critical!!
2026-05-27 12:38:30.160574,59.69275287450774,0,4.908711384121017,0,Normal,Critical!!,Normal,Critical!!
2026-05-27 12:38:31.162239,59.25404168147363,0,4.914688367969222,0,Normal,Critical!!,Normal,Critical!!
2026-05-27 12:38:32.164309,59.11296955246638,0,4.666576041509262,0,Normal,Critical!!,Normal,Critical!!
2026-05-27 12:38:33.166164,58.620931653225256,0,3.9886402634366616,0,Normal,Critical!!,Normal,Critical!!
2026-05-27 12:38:34.168389,58.13969825946183,0,4.31545901317792,0,Normal,Critical!!,Normal,Critical!!
2026-05-27 12:38:35.170082,57.63990875735803,0,3.419632197018472,0,Normal,Critical!!,Warning,Critical!!
2026-05-27 12:38:36.171588,57.206464082759446,0,3.425754463356181,0,Normal,Critical!!,Warning,Critical!!
2026-05-27 12:38:37.173430,56.956913037873264,0,3.7584777369298497,0,Normal,Critical!!,Normal,Critical!!
2026-05-27 12:38:38.174462,56.60847223185376,0,3.3989349989190423,0,Normal,Critical!!,Warning,Critical!!
2026-05-27 12:38:39.175710,56.12742371275846,0,4.1083264084758255,0,Normal,Critical!!,Normal,Critical!!
2026-05-27 12:38:40.177298,55.872776229222545,0,3.7399663025013146,0,Normal,Critical!!,Normal,Critical!!
2026-05-27 12:38:41.178493,55.52932335770578,0,4.204840850135706,0,Normal,Critical!!,Normal,Critical!!
2026-05-27 12:38:42.179996,55.28007342488346,0,3.8682671092643606,0,Normal,Critical!!,Normal,Critical!!
2026-05-27 12:38:43.181564,54.78090122831806,0,3.655520753739283,0,Normal,Critical!!,Normal,Critical!!
2026-05-27 12:38:44.183239,54.65552969566991,0,3.722670762260533,0,Normal,Critical!!,Normal,Critical!!
2026-05-27 12:38:45.184821,54.332200540565594,0,3.5717448765490856,0,Normal,Critical!!,Warning,Critical!!
2026-05-27 12:38:46.186012,54.038733285065156,0,3.9353616773038604,0,Normal,Critical!!,Normal,Critical!!
2026-05-27 12:38:47.187231,53.86360677531207,0,3.7022054522257726,0,Normal,Critical!!,Normal,Critical!!
2026-05-27 12:38:48.188553,53.657891049631274,0,4.858962141322783,0,Normal,Critical!!,Normal,Critical!!
2026-05-27 12:38:49.189932,53.30348178179305,0,4.823007457043746,0,Normal,Critical!!,Normal,Critical!!
2026-05-27 12:38:50.191947,53.196197240227065,0,4.6725343963305255,0,Normal,Critical!!,Normal,Critical!!
2026-05-27 12:38:51.193638,53.09107403585616,0,3.7510672411207353,0,Normal,Critical!!,Normal,Critical!!
2026-05-27 12:38:52.195553,52.674519150951106,0,4.1124377950979145,0,Normal,Critical!!,Normal,Critical!!
2026-05-27 12:38:53.197855,52.18012420397394,0,4.38962690349959,0,Normal,Critical!!,Normal,Critical!!
2026-05-27 12:38:54.199071,51.689029513113674,0,3.9156424521074986,0,Normal,Critical!!,Normal,Critical!!
2026-05-27 12:38:55.200546,51.30056923288482,0,3.955797319571807,0,Normal,Critical!!,Normal,Critical!!
2026-05-27 12:38:56.202215,50.906103613229426,0,4.688782756411248,0,Normal,Critical!!,Normal,Critical!!
2026-05-27 12:38:57.211529,50.785131005226084,0,3.4600525030950884,0,Normal,Critical!!,Warning,Critical!!
2026-05-27 12:38:58.212622,50.3326947707366,0,3.9741200675414934,0,Normal,Critical!!,Normal,Critical!!
2026-05-27 12:38:59.214198,50.09454989216975,0,3.652606057445742,0,Normal,Critical!!,Normal,Critical!!
2026-05-27 12:39:00.215528,49.82494032625957,0,3.8047677055251197,0,Normal,Critical!!,Normal,Critical!!
2026-05-27 12:39:01.217491,49.33891955669152,0,3.9154650954561707,0,Normal,Critical!!,Normal,Critical!!
2026-05-27 12:39:02.219049,48.99355505113874,0,3.4915706600732808,0,Normal,Critical!!,Warning,Critical!!
2026-05-27 12:39:03.220244,48.65095356505205,0,3.4114924024997935,0,Normal,Critical!!,Warning,Critical!!
2026-05-27 12:39:04.221556,48.309383048541875,0,3.452994376792226,0,Normal,Critical!!,Warning,Critical!!
2026-05-27 12:39:05.223244,48.20342238489573,0,4.105414551025154,0,Normal,Critical!!,Normal,Critical!!
2026-05-27 12:39:06.224474,47.82367395507285,0,4.186057957072844,0,Normal,Critical!!,Normal,Critical!!
2026-05-27 12:39:07.225674,47.54778472944197,0,4.413826320726649,0,Normal,Critical!!,Normal,Critical!!
2026-05-27 12:39:08.226507,47.21262902715258,0,3.683334149529649,0,Normal,Critical!!,Normal,Critical!!
2026-05-27 12:39:09.227987,46.83971696796757,0,4.499349088750371,0,Normal,Critical!!,Normal,Critical!!
2026-05-27 12:39:10.229694,46.63270900021162,0,3.370040711351252,0,Normal,Critical!!,Warning,Critical!!
2026-05-27 12:39:11.231049,46.357357371604174,0,4.604836314642213,0,Normal,Critical!!,Normal,Critical!!
2026-05-27 12:39:12.232666,46.039475842930656,0,4.684430271683022,0,Normal,Critical!!,Normal,Critical!!
2026-05-27 12:39:13.233859,45.79169943661799,0,3.8279784841121183,0,Normal,Critical!!,Normal,Critical!!
2026-05-27 12:39:14.235187,45.66418598772462,0,4.466604333606735,0,Normal,Critical!!,Normal,Critical!!
2026-05-27 12:39:15.236342,45.24838179965293,0,4.390807546566645,0,Normal,Critical!!,Normal,Critical!!
2026-05-27 12:39:16.237364,45.04977716530356,0,4.180027852310944,0,Normal,Critical!!,Normal,Critical!!
2026-05-27 12:39:17.238500,44.561812480474444,0,4.284493514894595,0,Normal,Critical!!,Normal,Critical!!
2026-05-27 12:39:18.239935,44.08716850803955,0,4.026528646747069,0,Normal,Critical!!,Normal,Critical!!
2026-05-27 12:39:19.241280,43.95889094116675,0,3.357834405221215,0,Normal,Critical!!,Warning,Critical!!
2026-05-27 12:39:20.242708,43.71363543840247,0,4.179749230950726,0,Normal,Critical!!,Normal,Critical!!
2026-05-27 12:39:21.244451,43.51430472441129,0,4.3273163430984365,0,Normal,Critical!!,Normal,Critical!!
2026-05-27 12:39:22.245753,43.196482139477176,0,3.8197986308685863,0,Normal,Critical!!,Normal,Critical!!
2026-05-27 12:39:23.247364,42.78925794129827,0,3.8034928223427835,0,Normal,Critical!!,Normal,Critical!!
2026-05-27 12:39:24.248812,42.65107015340437,0,4.318470607924686,0,Normal,Critical!!,Normal,Critical!!
2026-05-27 12:39:25.250441,42.53060606528632,0,3.4584289846335174,0,Normal,Critical!!,Warning,Critical!!
2026-05-27 12:39:26.252134,42.15065789667115,0,4.6108205209916,0,Normal,Critical!!,Normal,Critical!!
2026-05-27 12:39:27.253921,41.96454273667777,0,3.802960255221673,0,Normal,Critical!!,Normal,Critical!!
2026-05-27 12:39:28.255186,41.469288567261366,0,4.747561803319626,0,Normal,Critical!!,Normal,Critical!!
2026-05-27 12:39:29.256601,40.97687876161023,0,3.8628721282368286,0,Normal,Critical!!,Normal,Critical!!
2026-05-27 12:39:30.258370,40.48615212533318,0,3.482003420579081,0,Normal,Critical!!,Warning,Critical!!
2026-05-27 12:39:31.260128,40.05401261170303,0,4.962171336729158,0,Normal,Critical!!,Normal,Critical!!
2026-05-27 12:39:32.261927,39.72725263756589,0,3.5152044484481086,0,Normal,Critical!!,Warning,Critical!!
2026-05-27 12:39:33.263782,39.33033034111025,0,4.310751691208848,0,Normal,Critical!!,Normal,Critical!!
2026-05-27 12:39:34.265458,38.88287388588326,0,3.5288035378904756,0,Normal,Critical!!,Warning,Critical!!
2026-05-27 12:39:35.267434,38.77177628941982,0,3.3855328640615827,0,Normal,Critical!!,Warning,Critical!!
2026-05-27 12:39:36.269524,38.47818219683099,0,4.590974935151693,0,Normal,Critical!!,Normal,Critical!!
2026-05-27 12:39:37.271358,38.04757071516212,0,4.796040923750544,0,Normal,Critical!!,Normal,Critical!!
2026-05-27 12:39:38.273570,37.74465124208672,0,4.667248449575801,0,Normal,Critical!!,Normal,Critical!!
2026-05-27 12:39:39.275530,37.44800206527092,0,3.8486950641070345,0,Normal,Critical!!,Normal,Critical!!
2026-05-27 12:39:40.277473,37.17171379195368,0,4.529884695792532,0,Normal,Critical!!,Normal,Critical!!
2026-05-27 12:39:41.278946,36.92854751430735,0,4.2673452831214345,0,Normal,Critical!!,Normal,Critical!!
2026-05-27 12:39:42.280324,36.442783685220256,0,3.7028402662711994,0,Normal,Critical!!,Normal,Critical!!
2026-05-27 12:39:43.281757,36.059878945605156,0,4.725886922179785,0,Normal,Critical!!,Normal,Critical!!
2026-05-27 12:39:44.283380,35.62105077929115,0,4.430916828876075,0,Normal,Critical!!,Normal,Critical!!
2026-05-27 12:39:45.285044,35.29188860230408,0,4.735405970417423,0,Normal,Critical!!,Normal,Critical!!
2026-05-27 12:39:46.286706,35.152109460372344,0,3.348050549152725,0,Normal,Critical!!,Warning,Critical!!
2026-05-27 12:39:47.288330,34.84350985460127,0,3.768185392401262,0,Normal,Critical!!,Normal,Critical!!
2026-05-27 12:39:48.289914,34.433718688634805,0,3.8765900229667882,0,Normal,Critical!!,Normal,Critical!!
2026-05-27 12:39:49.291628,33.984441020652476,0,4.416002560868732,0,Normal,Critical!!,Normal,Critical!!
2026-05-27 12:39:50.293197,33.69447941015378,0,4.790590107186217,0,Normal,Critical!!,Normal,Critical!!
2026-05-27 12:39:51.294930,33.25355365568761,0,3.595469288957917,0,Normal,Critical!!,Warning,Critical!!
2026-05-27 12:39:52.296737,32.83606356496649,0,4.066578247921121,0,Normal,Critical!!,Normal,Critical!!
2026-05-27 12:39:53.298690,32.7137886231842,0,4.062978405902533,0,Normal,Critical!!,Normal,Critical!!
2026-05-27 12:39:54.300063,32.41896440752253,0,3.613824731696108,0,Normal,Critical!!,Normal,Critical!!
2026-05-27 12:39:55.301794,32.26663177435499,0,3.4990538147193897,0,Normal,Critical!!,Warning,Critical!!
2026-05-27 12:39:56.303244,31.780388935544384,0,4.898408588486384,0,Normal,Critical!!,Normal,Critical!!
2026-05-27 12:39:57.305202,31.53056114570791,0,4.166666821488777,0,Normal,Critical!!,Normal,Critical!!
2026-05-27 12:39:58.306818,31.21945490270864,0,4.626370648407302,0,Normal,Critical!!,Normal,Critical!!
2026-05-27 12:39:59.308490,30.881800926305125,0,4.049214136035364,0,Normal,Critical!!,Normal,Critical!!
2026-05-27 12:40:00.310320,30.393682662736254,0,4.902617050936583,0,Normal,Critical!!,Normal,Critical!!
2026-05-27 12:40:01.311864,30.153310926451656,0,3.9313433357061656,0,Normal,Critical!!,Normal,Critical!!
2026-05-27 12:40:02.313397,29.796412579872534,0,3.341587596782998,0,Normal,Critical!!,Warning,Critical!!
2026-05-27 12:40:03.314988,29.56688276381604,0,3.770928468672682,0,Normal,Critical!!,Normal,Critical!!
2026-05-27 12:40:04.316620,29.306628812204533,0,4.309668102998312,0,Normal,Critical!!,Normal,Critical!!
2026-05-27 12:40:05.318434,28.808307134649304,0,4.608822178647275,0,Normal,Critical!!,Normal,Critical!!
2026-05-27 12:40:06.319813,28.462397435424382,0,4.70183406950997,0,Normal,Critical!!,Normal,Critical!!
2026-05-27 12:40:07.320890,28.30268750255393,0,4.005046671453836,0,Normal,Critical!!,Normal,Critical!!
2026-05-27 12:40:08.321962,28.151343760908983,0,4.871388209191035,0,Normal,Critical!!,Normal,Critical!!
2026-05-27 12:40:09.323322,27.670156237873464,0,4.048431836893354,0,Normal,Critical!!,Normal,Critical!!
2026-05-27 12:40:10.325049,27.248028976881418,0,4.5459757601568835,0,Normal,Critical!!,Normal,Critical!!
2026-05-27 12:40:11.326594,26.80069254084365,0,4.717614745025282,0,Normal,Critical!!,Normal,Critical!!
2026-05-27 12:40:12.328174,26.6156486158685,0,4.3095881301989145,0,Normal,Critical!!,Normal,Critical!!
2026-05-27 12:40:13.329531,26.272369197042014,0,4.288858268599399,0,Normal,Critical!!,Normal,Critical!!
2026-05-27 12:40:14.330702,26.0186774321377,0,4.601265489493945,0,Normal,Critical!!,Normal,Critical!!
2026-05-27 12:40:15.332031,25.89009625539784,0,4.069302638589956,0,Normal,Critical!!,Normal,Critical!!
2026-05-27 12:40:16.333467,25.539016596289148,0,4.4631225544505835,0,Normal,Critical!!,Normal,Critical!!
2026-05-27 12:40:17.334832,25.279202192184204,0,4.081050704043048,0,Normal,Critical!!,Normal,Critical!!
2026-05-27 12:40:18.336303,24.98850195629581,0,4.181486669106613,0,Normal,Critical!!,Normal,Critical!!
2026-05-27 12:40:19.337830,24.83428593968099,0,4.880004290607392,0,Normal,Critical!!,Normal,Critical!!
2026-05-27 12:40:20.339301,24.404740563213586,0,4.739560999603656,0,Normal,Critical!!,Normal,Critical!!
2026-05-27 12:40:21.340707,24.179156888677017,0,4.510625728350736,0,Normal,Critical!!,Normal,Critical!!
2026-05-27 12:40:22.341839,23.696091709908995,0,4.737680480860514,0,Normal,Critical!!,Normal,Critical!!
2026-05-27 12:40:23.343695,23.395619936932622,0,4.859094240075835,0,Normal,Critical!!,Normal,Critical!!
2026-05-27 12:40:24.346092,22.983626355633227,0,3.3913101724738497,0,Normal,Critical!!,Warning,Critical!!
2026-05-27 12:40:25.348096,22.798986155005217,0,3.328444657442834,0,Normal,Critical!!,Warning,Critical!!
2026-05-27 12:40:26.350054,22.552045703283675,0,4.845574204808433,0,Normal,Critical!!,Normal,Critical!!
2026-05-27 12:40:27.351942,22.22298953517599,0,3.805358931014381,0,Normal,Critical!!,Normal,Critical!!
2026-05-27 12:40:28.354058,22.08764310441477,0,4.776536985638166,0,Normal,Critical!!,Normal,Critical!!
2026-05-27 12:40:29.355710,21.706361859176194,0,3.6974976603160528,0,Normal,Critical!!,Normal,Critical!!
2026-05-27 12:40:30.356955,21.521394916198798,0,3.5201772044602264,0,Normal,Critical!!,Warning,Critical!!
2026-05-27 12:40:31.840700,21.35775680050183,0,3.974037019814195,0,Normal,Critical!!,Normal,Critical!!
2026-05-27 12:40:32.842165,20.985835375534588,0,3.7048883432182103,0,Normal,Critical!!,Normal,Critical!!
2026-05-27 12:40:33.844329,20.855164597839718,0,4.945628127232167,0,Normal,Critical!!,Normal,Critical!!
2026-05-27 12:40:34.845590,20.63660277713834,0,4.346600167727692,0,Normal,Critical!!,Normal,Critical!!
2026-05-27 12:40:35.847145,20.26185485477589,0,4.18991981752681,0,Normal,Critical!!,Normal,Critical!!
2026-05-27 12:40:36.848891,19.811884653143167,0,3.442993704744953,0,Normal,Critical!!,Warning,Critical!!
2026-05-27 12:40:37.850767,20.089058345710374,0,3.408807598968955,0,Normal,Critical!!,Warning,Critical!!
2026-05-27 12:40:38.852415,20.362059476622516,0,4.790141497736663,0,Normal,Critical!!,Normal,Critical!!
2026-05-27 12:40:39.853950,20.817589313141745,0,3.739318018949034,0,Normal,Critical!!,Normal,Critical!!
2026-05-27 12:40:40.855381,20.991756810042723,0,3.5835184749855893,0,Normal,Critical!!,Warning,Critical!!
2026-05-27 12:40:41.856857,21.37545813072288,0,3.871504726469171,0,Normal,Critical!!,Normal,Critical!!
2026-05-27 12:40:42.858653,21.803011048736312,0,4.84331192947638,0,Normal,Critical!!,Normal,Critical!!
2026-05-27 12:40:43.860144,22.19545478175466,0,3.895986615999731,0,Normal,Critical!!,Normal,Critical!!
2026-05-27 12:40:44.861905,22.378741086583798,0,3.8921010751033767,0,Normal,Critical!!,Normal,Critical!!
2026-05-27 12:40:45.863351,22.81669872312848,0,4.426136054327155,0,Normal,Critical!!,Normal,Critical!!
2026-05-27 12:40:46.865153,23.147855522044715,0,4.527543362304749,0,Normal,Critical!!,Normal,Critical!!
2026-05-27 12:40:47.867004,23.298149682625485,0,4.695559998170088,0,Normal,Critical!!,Normal,Critical!!
2026-05-27 12:40:48.868560,23.51855587457624,0,4.758103286769242,0,Normal,Critical!!,Normal,Critical!!
2026-05-27 12:40:49.870479,23.88056727704745,0,4.831117266663973,0,Normal,Critical!!,Normal,Critical!!
2026-05-27 12:40:50.872215,24.16173661714624,0,3.7194414935282083,0,Normal,Critical!!,Normal,Critical!!
2026-05-27 12:40:51.873804,24.38437200153406,0,4.0067516143178885,0,Normal,Critical!!,Normal,Critical!!
2026-05-27 12:40:52.875343,24.589812073240193,0,4.041911101607954,0,Normal,Critical!!,Normal,Critical!!
2026-05-27 12:40:53.877192,24.926550027094983,0,3.724685209287462,0,Normal,Critical!!,Normal,Critical!!
2026-05-27 12:40:54.878995,25.30393872744162,0,3.530791856671184,0,Normal,Critical!!,Warning,Critical!!
2026-05-27 12:40:55.880242,25.71829657845815,0,3.304657857280478,0,Normal,Critical!!,Warning,Critical!!
2026-05-27 12:40:56.881820,26.02191838151739,0,4.008890723202786,0,Normal,Critical!!,Normal,Critical!!
2026-05-27 12:40:57.882953,26.40037773786554,0,3.6319655066717043,0,Normal,Critical!!,Normal,Critical!!
2026-05-27 12:40:58.884439,26.675168137039933,0,4.132711144573089,0,Normal,Critical!!,Normal,Critical!!
2026-05-27 12:40:59.885644,26.82381948655526,0,3.8492879331547516,0,Normal,Critical!!,Normal,Critical!!
2026-05-27 12:41:00.886909,27.094775673575377,0,4.835616071392595,0,Normal,Critical!!,Normal,Critical!!
2026-05-27 12:41:01.888725,27.272419248131307,0,3.4582739516562944,0,Normal,Critical!!,Warning,Critical!!
2026-05-27 12:41:02.890324,27.6634120524531,0,4.379379578503066,0,Normal,Critical!!,Normal,Critical!!
2026-05-27 12:41:03.892157,27.867246918907817,0,4.192130095425673,0,Normal,Critical!!,Normal,Critical!!
2026-05-27 12:41:04.893485,28.04421545457845,0,3.920706622306213,0,Normal,Critical!!,Normal,Critical!!
2026-05-27 12:41:05.894623,28.502282323659013,0,4.292920492012783,0,Normal,Critical!!,Normal,Critical!!
2026-05-27 12:41:06.895981,28.92257625726837,0,4.921891121695534,0,Normal,Critical!!,Normal,Critical!!
2026-05-27 12:41:07.897545,29.100718908603213,0,4.12980077427282,0,Normal,Critical!!,Normal,Critical!!
2026-05-27 12:41:08.898879,29.4594924670469,0,4.576641848086162,0,Normal,Critical!!,Normal,Critical!!
2026-05-27 12:41:09.899950,29.89906582269158,0,4.497924369877382,0,Normal,Critical!!,Normal,Critical!!
2026-05-27 12:41:10.902482,30.162296952572078,0,3.568250291799933,0,Normal,Critical!!,Warning,Critical!!
2026-05-27 12:41:11.904130,30.269049431512933,0,4.969364912119054,0,Normal,Critical!!,Normal,Critical!!
2026-05-27 12:41:12.905782,30.61144162233437,0,4.175213345857644,0,Normal,Critical!!,Normal,Critical!!
2026-05-27 12:41:13.907108,30.753713089005682,0,4.246338117399446,0,Normal,Critical!!,Normal,Critical!!
2026-05-27 12:41:14.909406,30.956763073767732,0,3.676176467189842,0,Normal,Critical!!,Normal,Critical!!
2026-05-27 12:41:15.911419,31.060868513386836,0,3.48140337026409,0,Normal,Critical!!,Warning,Critical!!
2026-05-27 12:41:16.913034,31.282989330881833,0,3.5051824011688923,0,Normal,Critical!!,Warning,Critical!!
2026-05-27 12:41:17.914183,31.401172356676874,0,4.089812582436713,0,Normal,Critical!!,Normal,Critical!!
2026-05-27 12:41:18.915359,31.60920112036619,0,3.5451723588822817,0,Normal,Critical!!,Warning,Critical!!
2026-05-27 12:41:19.916523,32.03887795998455,0,3.8665149801173806,0,Normal,Critical!!,Normal,Critical!!
2026-05-27 12:41:20.919088,32.24145051957589,0,4.757596718542166,0,Normal,Critical!!,Normal,Critical!!
2026-05-27 12:41:21.920501,32.63692970403519,0,3.4886748124412015,0,Normal,Critical!!,Warning,Critical!!
2026-05-27 12:41:22.921783,32.79006072194134,0,3.3458688363645077,0,Normal,Critical!!,Warning,Critical!!
2026-05-27 12:41:23.922948,33.28563483105049,0,4.659731412845202,0,Normal,Critical!!,Normal,Critical!!
2026-05-27 12:41:24.924404,33.750337651803726,0,4.291113536731564,0,Normal,Critical!!,Normal,Critical!!
2026-05-27 12:41:25.925486,34.210482553919555,0,4.04040409450611,0,Normal,Critical!!,Normal,Critical!!
2026-05-27 12:41:26.926866,34.49871092203555,0,4.643547472211871,0,Normal,Critical!!,Normal,Critical!!
2026-05-27 12:41:27.928294,34.62188650382369,0,4.608003462333432,0,Normal,Critical!!,Normal,Critical!!
2026-05-27 12:41:28.930723,34.84086206876916,0,3.826368606161237,0,Normal,Critical!!,Normal,Critical!!
2026-05-27 12:41:29.932046,35.10417267717479,0,4.1957601605455395,0,Normal,Critical!!,Normal,Critical!!
2026-05-27 12:41:30.933603,35.4311342978259,0,4.144597580760885,0,Normal,Critical!!,Normal,Critical!!
2026-05-27 12:41:31.935375,35.73399387587699,0,3.4799110537048477,0,Normal,Critical!!,Warning,Critical!!
2026-05-27 12:41:32.936974,35.9133858943878,0,3.957314548454369,0,Normal,Critical!!,Normal,Critical!!
2026-05-27 12:41:33.939446,36.231487590324924,0,3.607083145063661,0,Normal,Critical!!,Normal,Critical!!
2026-05-27 12:41:34.940772,36.629974457355786,0,3.73082994834224,0,Normal,Critical!!,Normal,Critical!!
2026-05-27 12:41:35.942306,36.74188178871094,0,4.840326182089375,0,Normal,Critical!!,Normal,Critical!!
2026-05-27 12:41:36.943553,36.9020760103699,0,3.8557832730665123,0,Normal,Critical!!,Normal,Critical!!
2026-05-27 12:41:37.945300,37.311349192662185,0,4.4599981333820455,0,Normal,Critical!!,Normal,Critical!!
2026-05-27 12:41:38.946674,37.49476310876654,0,3.390632142548551,0,Normal,Critical!!,Warning,Critical!!
2026-05-27 12:41:39.948202,37.70327739771068,0,4.745918318703964,0,Normal,Critical!!,Normal,Critical!!
2026-05-27 12:41:40.949774,38.16464982982157,0,4.883627813185075,0,Normal,Critical!!,Normal,Critical!!
2026-05-27 12:41:41.951037,38.338580552921606,0,4.053780334543159,0,Normal,Critical!!,Normal,Critical!!
2026-05-27 12:41:42.951973,38.506110069761384,0,3.7181302232547098,0,Normal,Critical!!,Normal,Critical!!
2026-05-27 12:41:43.953560,38.66701919462128,0,3.639181785400088,0,Normal,Critical!!,Normal,Critical!!
2026-05-27 12:41:44.955384,38.91371848334406,0,3.8458940601156826,0,Normal,Critical!!,Normal,Critical!!
2026-05-27 12:41:45.956971,39.14296898869499,0,4.000568189004855,0,Normal,Critical!!,Normal,Critical!!
2026-05-27 12:41:46.958233,39.44797349578412,0,3.522077204587369,0,Normal,Critical!!,Warning,Critical!!
2026-05-27 12:41:47.959535,39.68938822240537,0,3.7103837921448894,0,Normal,Critical!!,Normal,Critical!!
2026-05-27 12:41:48.960801,40.17964692541475,0,4.320874834027844,0,Normal,Critical!!,Normal,Critical!!
2026-05-27 12:41:49.962485,40.38570763902799,0,3.917062621057896,0,Normal,Critical!!,Normal,Critical!!
2026-05-27 12:41:50.963800,40.558220751456034,0,4.776837062582557,0,Normal,Critical!!,Normal,Critical!!
2026-05-27 12:41:51.965225,41.025298445812446,0,4.940959025955383,0,Normal,Critical!!,Normal,Critical!!
2026-05-27 12:41:52.966437,41.36710039150638,0,4.970854918898785,0,Normal,Critical!!,Normal,Critical!!
2026-05-27 12:41:53.968102,41.617836288047585,0,4.655058425236679,0,Normal,Critical!!,Normal,Critical!!
2026-05-27 12:41:54.969546,41.858260697370326,0,4.217317342398579,0,Normal,Critical!!,Normal,Critical!!
2026-05-27 12:41:55.970932,42.040648715159925,0,3.9759225198564807,0,Normal,Critical!!,Normal,Critical!!
2026-05-27 12:41:56.972290,42.249391940521946,0,4.911300471613892,0,Normal,Critical!!,Normal,Critical!!
2026-05-27 12:41:57.974071,42.67690828213199,0,3.589375725385275,0,Normal,Critical!!,Warning,Critical!!
2026-05-27 12:41:58.975583,43.06043853366134,0,3.4511236180293072,0,Normal,Critical!!,Warning,Critical!!
2026-05-27 12:41:59.977083,43.33246091671184,0,4.421163858397669,0,Normal,Critical!!,Normal,Critical!!
2026-05-27 12:42:00.978800,43.83112593800476,0,3.5273305219843634,0,Normal,Critical!!,Warning,Critical!!
2026-05-27 12:42:01.980360,44.16648228547223,0,4.456822655569906,0,Normal,Critical!!,Normal,Critical!!
2026-05-27 12:42:02.981728,44.36707992498973,0,3.634676479125594,0,Normal,Critical!!,Normal,Critical!!
2026-05-27 12:42:03.983431,44.76591415791175,0,4.484623967643528,0,Normal,Critical!!,Normal,Critical!!
2026-05-27 12:42:04.985055,45.02992517289031,0,4.9450930931405885,0,Normal,Critical!!,Normal,Critical!!
2026-05-27 12:42:05.986449,45.364985638539736,0,4.623852879613039,0,Normal,Critical!!,Normal,Critical!!
2026-05-27 12:42:06.987965,45.505986357503346,0,4.668475278323537,0,Normal,Critical!!,Normal,Critical!!
2026-05-27 12:42:07.990111,45.982174698675806,0,4.914907360547075,0,Normal,Critical!!,Normal,Critical!!
2026-05-27 12:42:08.991692,46.334730133710494,0,4.3999557182984015,0,Normal,Critical!!,Normal,Critical!!
2026-05-27 12:42:09.993415,46.52959425907337,0,3.9842173795867666,0,Normal,Critical!!,Normal,Critical!!
2026-05-27 12:42:10.995084,46.63340228620411,0,4.620335613514294,0,Normal,Critical!!,Normal,Critical!!
2026-05-27 12:42:11.996465,46.90529427772014,0,3.721287795119325,0,Normal,Critical!!,Normal,Critical!!
2026-05-27 12:42:12.997589,47.051141451092775,0,3.5550126989544975,0,Normal,Critical!!,Warning,Critical!!
2026-05-27 12:42:13.998858,47.52234534804951,0,4.760634808892831,0,Normal,Critical!!,Normal,Critical!!
2026-05-27 12:42:14.999985,48.01060233203741,0,3.5220641693499775,0,Normal,Critical!!,Warning,Critical!!
2026-05-27 12:42:16.001156,48.255699372396265,0,4.415700535313875,0,Normal,Critical!!,Normal,Critical!!
2026-05-27 12:42:17.002551,48.51621338326719,0,4.572960457952956,0,Normal,Critical!!,Normal,Critical!!
2026-05-27 12:42:18.003744,48.987670547869314,0,4.923650703116382,0,Normal,Critical!!,Normal,Critical!!
2026-05-27 12:42:19.005483,49.31182574092796,0,3.9926513729852564,0,Normal,Critical!!,Normal,Critical!!
2026-05-27 12:42:20.006844,49.78807713495449,0,3.624094680622155,0,Normal,Critical!!,Normal,Critical!!
2026-05-27 12:42:21.008219,50.20268034130578,0,4.927190937793352,0,Normal,Critical!!,Normal,Critical!!
2026-05-27 12:42:22.009653,50.61016159014695,0,3.4014821444492047,0,Normal,Critical!!,Warning,Critical!!
2026-05-27 12:42:23.010879,50.98579454867647,0,4.09609912868859,0,Normal,Critical!!,Normal,Critical!!
2026-05-27 12:42:24.012174,51.45880732336937,0,3.6920485894419928,0,Normal,Critical!!,Normal,Critical!!
2026-05-27 12:42:25.013437,51.762445872401464,0,3.432324182886893,0,Normal,Critical!!,Warning,Critical!!
2026-05-27 12:42:26.015010,51.89512383270376,0,4.136280452646135,0,Normal,Critical!!,Normal,Critical!!
2026-05-27 12:42:27.016182,52.06900040312847,0,4.065076886078248,0,Normal,Critical!!,Normal,Critical!!
2026-05-27 12:42:28.017586,52.32938168961533,0,3.862139607109699,0,Normal,Critical!!,Normal,Critical!!
2026-05-27 12:42:29.019151,52.7152294509792,0,4.559506360593503,0,Normal,Critical!!,Normal,Critical!!
2026-05-27 12:42:30.020587,52.84240994151615,0,4.876023459345642,0,Normal,Critical!!,Normal,Critical!!
2026-05-27 12:42:31.022058,53.33911012319322,0,3.9366683867447048,0,Normal,Critical!!,Normal,Critical!!
2026-05-27 12:42:32.023663,53.53320083265156,0,4.149850614356492,0,Normal,Critical!!,Normal,Critical!!
2026-05-27 12:42:33.121703,53.66915190764651,0,3.3164349768229586,0,Normal,Critical!!,Warning,Critical!!
2026-05-27 12:42:34.123265,53.82850854157697,0,3.440026555834206,0,Normal,Critical!!,Warning,Critical!!
2026-05-27 12:42:35.124374,54.26264859566677,0,4.786548176465327,0,Normal,Critical!!,Normal,Critical!!
2026-05-27 12:42:36.125442,54.54531791073249,0,4.756896304624613,0,Normal,Critical!!,Normal,Critical!!
2026-05-27 12:42:37.126705,54.837983484078755,0,4.362637682398829,0,Normal,Critical!!,Normal,Critical!!
2026-05-27 12:42:38.128283,55.30843757750298,0,4.118987290747441,0,Normal,Critical!!,Normal,Critical!!
2026-05-27 12:42:39.129831,55.7694668396571,0,4.774096236269147,0,Normal,Critical!!,Normal,Critical!!
2026-05-27 12:42:40.131143,56.03127480507257,0,4.315538585795674,0,Normal,Critical!!,Normal,Critical!!
2026-05-27 12:42:41.132545,56.19215052492111,0,3.626494627156511,0,Normal,Critical!!,Normal,Critical!!
2026-05-27 12:42:42.134016,56.514114502490514,0,3.3371712548266514,0,Normal,Critical!!,Warning,Critical!!
2026-05-27 12:42:43.135671,56.64291474719334,0,4.1506961301942225,0,Normal,Critical!!,Normal,Critical!!
2026-05-27 12:42:44.136734,57.01630627900754,0,4.631752052429505,0,Normal,Critical!!,Normal,Critical!!
2026-05-27 12:42:45.138056,57.25827394939123,0,3.5345373283935544,0,Normal,Critical!!,Warning,Critical!!
2026-05-27 12:42:46.139006,57.510588562788655,0,3.7485066239530926,0,Normal,Critical!!,Normal,Critical!!
2026-05-27 12:42:47.140484,57.911176214919244,0,4.333686936615833,0,Normal,Critical!!,Normal,Critical!!
2026-05-27 12:42:48.141644,58.1570755066446,0,3.7042488260334983,0,Normal,Critical!!,Normal,Critical!!
2026-05-27 12:42:49.143501,58.60596267007809,0,3.638665996475904,0,Normal,Critical!!,Normal,Critical!!
2026-05-27 12:42:50.144765,58.96561505011116,0,3.3733387369097847,0,Normal,Critical!!,Warning,Critical!!
2026-05-27 12:42:51.146461,59.24504672223146,0,4.084977572539126,0,Normal,Critical!!,Normal,Critical!!
2026-05-27 12:42:52.148074,59.507034984868746,0,3.569389704542111,0,Normal,Critical!!,Warning,Critical!!
2026-05-27 12:42:53.149511,59.9015877452311,0,4.545358523419962,0,Normal,Critical!!,Normal,Critical!!
2026-05-27 12:42:54.150747,60.06749252907912,0,3.6236226504242897,0,Normal,Critical!!,Normal,Critical!!
2026-05-27 12:42:55.152315,60.50530900887721,0,4.344312234847677,0,Normal,Critical!!,Normal,Critical!!
2026-05-27 12:42:56.153650,60.61286616183631,0,4.5515564377789435,0,Normal,Critical!!,Normal,Critical!!
2026-05-27 12:42:57.155121,60.98391412988701,0,4.112721031315743,0,Normal,Critical!!,Normal,Critical!!
2026-05-27 12:42:58.156599,61.251641342488135,0,3.848881016622964,0,Normal,Critical!!,Normal,Critical!!
2026-05-27 12:42:59.158360,61.475963990373394,0,3.863370878518422,0,Normal,Critical!!,Normal,Critical!!
2026-05-27 12:43:00.160251,61.6307713723638,0,4.476630878237425,0,Normal,Critical!!,Normal,Critical!!
2026-05-27 12:43:01.161938,61.93030329878013,0,4.0465070309316875,0,Normal,Critical!!,Normal,Critical!!
2026-05-27 12:43:02.162993,62.19424544336233,0,4.208226089561728,0,Normal,Critical!!,Normal,Critical!!
2026-05-27 12:43:03.164311,62.611343947733076,0,4.180401655391103,0,Normal,Critical!!,Normal,Critical!!
2026-05-27 12:43:04.166020,63.11133436565747,0,4.4256996299290545,0,Normal,Critical!!,Normal,Critical!!
2026-05-27 12:43:05.167492,63.26784744094947,0,4.299854395735337,0,Normal,Critical!!,Normal,Critical!!
2026-05-27 12:43:06.169131,63.37663161399454,0,3.9147788742277116,0,Normal,Critical!!,Normal,Critical!!
2026-05-27 12:43:07.170522,63.68008864663906,0,4.539906057622066,0,Normal,Critical!!,Normal,Critical!!
2026-05-27 12:43:08.171973,63.89860791160046,0,3.43328867724343,0,Normal,Critical!!,Warning,Critical!!
2026-05-27 12:43:09.173678,64.09004497097159,0,4.47636787193944,0,Normal,Critical!!,Normal,Critical!!
2026-05-27 12:43:10.175081,64.22996990246997,0,4.613446715365441,0,Normal,Critical!!,Normal,Critical!!
2026-05-27 12:43:11.177128,64.55221135376603,0,3.8415118976364337,0,Normal,Critical!!,Normal,Critical!!
2026-05-27 12:43:12.179209,65.00903947066702,0,4.771251125916383,0,Normal,Critical!!,Normal,Critical!!
2026-05-27 12:43:13.180636,65.48437600568413,0,4.218477590402394,0,Normal,Critical!!,Normal,Critical!!
2026-05-27 12:43:14.182201,65.90635777990055,0,3.488253751260099,0,Normal,Critical!!,Warning,Critical!!
2026-05-27 12:43:15.184052,66.30981893754536,0,3.6771918709604505,0,Normal,Critical!!,Normal,Critical!!
2026-05-27 12:43:16.185923,66.79819488148745,0,3.4086910814787665,0,Normal,Critical!!,Warning,Critical!!
2026-05-27 12:43:17.187614,66.98368795721338,0,3.3347918943214894,0,Normal,Critical!!,Warning,Critical!!
2026-05-27 12:43:18.189538,67.46630881730184,0,3.451137237592668,0,Normal,Critical!!,Warning,Critical!!
2026-05-27 12:43:19.191065,67.85530529237714,0,3.9519002057528048,0,Normal,Critical!!,Normal,Critical!!
2026-05-27 12:43:20.193395,68.09357527322818,0,3.9386277241962704,0,Normal,Critical!!,Normal,Critical!!
2026-05-27 12:43:21.195580,68.33250112235456,0,4.596276961451933,0,Normal,Critical!!,Normal,Critical!!
2026-05-27 12:43:22.198106,68.43439709947002,0,4.176920753096508,0,Normal,Critical!!,Normal,Critical!!
2026-05-27 12:43:23.200137,68.90940817597134,0,3.3129664559016336,0,Normal,Critical!!,Warning,Critical!!
2026-05-27 12:43:24.201863,69.17837503145648,0,3.7068098565895875,0,Normal,Critical!!,Normal,Critical!!
2026-05-27 12:43:25.203567,69.43431035906752,0,3.88394781468689,0,Normal,Critical!!,Normal,Critical!!
2026-05-27 12:43:26.205279,69.5893885791376,0,4.254352098531388,0,Normal,Critical!!,Normal,Critical!!
2026-05-27 12:43:27.207002,69.99730052577269,0,3.385481725135385,0,Normal,Critical!!,Warning,Critical!!
2026-05-27 12:43:28.208758,70.43598845257401,0,4.487294277820633,0,Normal,Critical!!,Normal,Critical!!
2026-05-27 12:43:29.210224,70.91918283566979,0,4.422861438336913,0,Normal,Critical!!,Normal,Critical!!
2026-05-27 12:43:30.211954,71.04136852663699,0,3.9872052102657554,0,Normal,Critical!!,Normal,Critical!!
2026-05-27 12:43:31.213676,71.35290041711617,0,3.4469650418137814,0,Normal,Critical!!,Warning,Critical!!
2026-05-27 12:43:32.215775,71.55681495381775,0,4.827091767100727,0,Normal,Critical!!,Normal,Critical!!
2026-05-27 12:43:33.217714,71.79185406617079,0,4.504219025278361,0,Normal,Critical!!,Normal,Critical!!
2026-05-27 12:43:34.219430,72.15388149641569,0,3.980944716837632,0,Normal,Critical!!,Normal,Critical!!
2026-05-27 12:43:35.221099,72.6157345057207,0,4.7202677006863984,0,Normal,Critical!!,Normal,Critical!!
2026-05-27 12:43:36.223251,72.76174074774879,0,4.992880900573211,0,Normal,Critical!!,Normal,Critical!!
2026-05-27 12:43:37.225038,73.10501873561999,0,4.832728604138236,0,Normal,Critical!!,Normal,Critical!!
2026-05-27 12:43:38.226613,73.35362360837696,0,3.390214779245074,0,Normal,Critical!!,Warning,Critical!!
2026-05-27 12:43:39.228467,73.76417642457452,0,4.205573586744609,0,Normal,Critical!!,Normal,Critical!!
2026-05-27 12:43:40.230292,73.99558179934408,0,4.5197028292419805,0,Normal,Critical!!,Normal,Critical!!
2026-05-27 12:43:41.232077,74.24230319219264,0,4.302331618118927,0,Normal,Critical!!,Normal,Critical!!
2026-05-27 12:43:42.233939,74.5876849105296,0,3.696958181832601,0,Normal,Critical!!,Normal,Critical!!
2026-05-27 12:43:43.235756,74.718129688515,0,3.449220392877385,0,Normal,Critical!!,Warning,Critical!!
2026-05-27 12:43:44.237219,75.11439869774233,0,4.698300218865605,0,Normal,Critical!!,Normal,Critical!!
2026-05-27 12:43:45.238670,75.5064425951144,0,4.425423354493815,0,Normal,Critical!!,Normal,Critical!!
2026-05-27 12:43:46.240407,75.96966497000773,0,3.65081987358818,0,Normal,Critical!!,Normal,Critical!!
2026-05-27 12:43:47.242537,76.32171566820828,0,4.28902259715754,0,Normal,Critical!!,Normal,Critical!!
2026-05-27 12:43:48.244255,76.61953821273501,0,3.6380150011254924,0,Normal,Critical!!,Normal,Critical!!
2026-05-27 12:43:49.245534,77.06560853843159,0,4.811730533203628,0,Normal,Critical!!,Normal,Critical!!
2026-05-27 12:43:50.246989,77.27452121818895,0,3.887257768378638,0,Normal,Critical!!,Normal,Critical!!
2026-05-27 12:43:51.248442,77.56184695922161,0,4.662758876468361,0,Normal,Critical!!,Normal,Critical!!
2026-05-27 12:43:52.250218,77.99456192300796,0,4.036029323327058,0,Normal,Critical!!,Normal,Critical!!
2026-05-27 12:43:53.251795,78.48946614023052,0,4.982717122400658,0,Normal,Critical!!,Normal,Critical!!
2026-05-27 12:43:54.253394,78.60022002781608,0,3.8068057193663396,0,Normal,Critical!!,Normal,Critical!!
2026-05-27 12:43:55.254940,78.95250670573581,0,3.8982901000229053,0,Normal,Critical!!,Normal,Critical!!
2026-05-27 12:43:56.256917,79.09821932971963,0,4.668934293156948,0,Normal,Critical!!,Normal,Critical!!
2026-05-27 12:43:57.259241,79.28841968706922,0,3.7057280137067004,0,Normal,Critical!!,Normal,Critical!!
2026-05-27 12:43:58.260730,79.58158192001582,0,4.4255554805906225,0,Normal,Critical!!,Normal,Critical!!
2026-05-27 12:43:59.262402,79.86916776763715,0,4.509731972518898,0,Normal,Critical!!,Normal,Critical!!
2026-05-27 12:44:00.263709,80.16218801160626,0,4.879736405991305,0,Warning,Critical!!,Normal,Critical!!
2026-05-27 12:44:01.264714,80.05034528574734,0,3.352420286982674,0,Warning,Critical!!,Warning,Critical!!
2026-05-27 12:44:02.266203,79.81888258600429,0,3.7808527460767722,0,Normal,Critical!!,Normal,Critical!!
2026-05-27 12:44:03.267850,79.51916186164824,0,4.098733985326625,0,Normal,Critical!!,Normal,Critical!!
2026-05-27 12:44:04.269435,79.27465712501952,0,4.6578194403436095,0,Normal,Critical!!,Normal,Critical!!
2026-05-27 12:44:05.270741,79.17453885966651,0,4.93425421361076,0,Normal,Critical!!,Normal,Critical!!
2026-05-27 12:44:06.272145,78.76899567047165,0,3.6348793629102896,0,Normal,Critical!!,Normal,Critical!!
2026-05-27 12:44:07.273405,78.30214618332056,0,4.562251656515382,0,Normal,Critical!!,Normal,Critical!!
2026-05-27 12:44:08.274900,77.99211632649835,0,3.8031263812763885,0,Normal,Critical!!,Normal,Critical!!
2026-05-27 12:44:09.276443,77.76574445816145,0,3.8288330018944694,0,Normal,Critical!!,Normal,Critical!!
2026-05-27 12:44:10.278084,77.47203774792128,0,3.4106081624992974,0,Normal,Critical!!,Warning,Critical!!
2026-05-27 12:44:11.279426,77.04622094693313,0,3.642284164290276,0,Normal,Critical!!,Normal,Critical!!
2026-05-27 12:44:12.281045,76.66881425363297,0,4.80115340918682,0,Normal,Critical!!,Normal,Critical!!
2026-05-27 12:44:13.282418,76.44958080922451,0,3.9135940003741174,0,Normal,Critical!!,Normal,Critical!!
2026-05-27 12:44:14.283669,76.22082241533872,0,4.738669190837126,0,Normal,Critical!!,Normal,Critical!!
2026-05-27 12:44:15.284764,76.02908325298097,0,3.7375078769939405,0,Normal,Critical!!,Normal,Critical!!
2026-05-27 12:44:16.286239,75.67419516615095,0,4.946788433209146,0,Normal,Critical!!,Normal,Critical!!
2026-05-27 12:44:17.287336,75.19844666208009,0,4.307490516728443,0,Normal,Critical!!,Normal,Critical!!
2026-05-27 12:44:18.288829,74.82683030623393,0,4.599700401431675,0,Normal,Critical!!,Normal,Critical!!
2026-05-27 12:44:19.290454,74.52468569743556,0,3.700992316578836,0,Normal,Critical!!,Normal,Critical!!
2026-05-27 12:44:20.292052,74.15967078666611,0,4.351936450468558,0,Normal,Critical!!,Normal,Critical!!
2026-05-27 12:44:21.298343,73.98542475357674,0,4.499733012857696,0,Normal,Critical!!,Normal,Critical!!
2026-05-27 12:44:22.301717,73.80124605603524,0,4.799738271655961,0,Normal,Critical!!,Normal,Critical!!
2026-05-27 12:44:23.303578,73.54273182314775,0,4.009602803026253,0,Normal,Critical!!,Normal,Critical!!
2026-05-27 12:44:24.305643,73.36014823444063,0,4.696695460101312,0,Normal,Critical!!,Normal,Critical!!
2026-05-27 12:44:25.308156,72.92411473637621,0,3.9130470013343066,0,Normal,Critical!!,Normal,Critical!!
2026-05-27 12:44:26.310113,72.76737943829008,0,4.388283628630725,0,Normal,Critical!!,Normal,Critical!!
2026-05-27 12:44:27.312124,72.6523234492435,0,3.5090048523267185,0,Normal,Critical!!,Warning,Critical!!
2026-05-27 12:44:28.314005,72.255953109611,0,4.511802276382588,0,Normal,Critical!!,Normal,Critical!!
2026-05-27 12:44:29.316241,72.14039083035553,0,4.79729544402649,0,Normal,Critical!!,Normal,Critical!!
2026-05-27 12:44:30.318158,71.7379000626141,0,4.934851079430339,0,Normal,Critical!!,Normal,Critical!!
2026-05-27 12:44:31.320674,71.42152032225584,0,3.7443739390449204,0,Normal,Critical!!,Normal,Critical!!
2026-05-27 12:44:32.322220,71.31785769717737,0,3.8692482754930824,0,Normal,Critical!!,Normal,Critical!!
2026-05-27 12:44:33.324037,70.92158922547853,0,4.597778357124378,0,Normal,Critical!!,Normal,Critical!!
2026-05-27 12:44:35.274275,70.74467861670898,0,4.6010253068314375,0,Normal,Critical!!,Normal,Critical!!
2026-05-27 12:44:36.276506,70.4472549396159,0,4.627283358894934,0,Normal,Critical!!,Normal,Critical!!
2026-05-27 12:44:37.278762,70.20441615973998,0,3.9685876478033015,0,Normal,Critical!!,Normal,Critical!!
2026-05-27 12:44:38.280376,69.74236972737276,0,3.906540481456424,0,Normal,Critical!!,Normal,Critical!!
2026-05-27 12:44:39.281994,69.34032715040539,0,3.3022657652177054,0,Normal,Critical!!,Warning,Critical!!
2026-05-27 12:44:40.283559,69.14835616872938,0,3.802754815670454,0,Normal,Critical!!,Normal,Critical!!
2026-05-27 12:44:41.285835,68.7570424860351,0,3.491341557359985,0,Normal,Critical!!,Warning,Critical!!
2026-05-27 12:44:42.287598,68.65519989328497,0,3.7893446036594973,0,Normal,Critical!!,Normal,Critical!!
2026-05-27 12:44:43.289158,68.2010802512169,0,3.8357922640546604,0,Normal,Critical!!,Normal,Critical!!
2026-05-27 12:44:44.290871,68.04213254088137,0,3.4907880800014675,0,Normal,Critical!!,Warning,Critical!!
2026-05-27 12:44:45.292361,67.59810759911083,0,3.9723426735041762,0,Normal,Critical!!,Normal,Critical!!
2026-05-27 12:44:46.293841,67.15251328078081,0,3.329853483212286,0,Normal,Critical!!,Warning,Critical!!
2026-05-27 12:44:47.295302,66.98386512342448,0,4.289326862393755,0,Normal,Critical!!,Normal,Critical!!
2026-05-27 12:44:48.298062,66.50262000537434,0,4.452674021739146,0,Normal,Critical!!,Normal,Critical!!
2026-05-27 12:44:49.300036,66.21192533120028,0,3.760992245756296,0,Normal,Critical!!,Normal,Critical!!
2026-05-27 12:44:50.301616,65.95887412688663,0,4.2865275178790005,0,Normal,Critical!!,Normal,Critical!!
2026-05-27 12:44:51.303263,65.48445745047094,0,3.415721766368415,0,Normal,Critical!!,Warning,Critical!!
2026-05-27 12:44:52.305038,65.13376811074282,0,3.5015073131106123,0,Normal,Critical!!,Warning,Critical!!
2026-05-27 12:44:53.306490,64.70858412342122,0,4.706942233799973,0,Normal,Critical!!,Normal,Critical!!
2026-05-27 12:44:54.308074,64.59456122220952,0,3.665774658947994,0,Normal,Critical!!,Normal,Critical!!
2026-05-27 12:44:55.309718,64.49130830316325,0,4.03104790916221,0,Normal,Critical!!,Normal,Critical!!
2026-05-27 12:44:56.311675,64.13825489498619,0,4.089488328537209,0,Normal,Critical!!,Normal,Critical!!
2026-05-27 12:44:57.314227,63.948183461100164,0,4.46896726393221,0,Normal,Critical!!,Normal,Critical!!
2026-05-27 12:44:58.316559,63.66182688260757,0,3.9455575305529402,0,Normal,Critical!!,Normal,Critical!!
2026-05-27 12:44:59.318216,63.39311624948588,0,3.45934760697442,0,Normal,Critical!!,Warning,Critical!!
2026-05-27 12:45:00.320008,63.247305342171444,0,4.3634802981146406,0,Normal,Critical!!,Normal,Critical!!
2026-05-27 12:45:01.321843,62.771462026728514,0,3.8450048994691883,0,Normal,Critical!!,Normal,Critical!!
2026-05-27 12:45:02.323649,62.290004651659416,0,4.364759909764545,0,Normal,Critical!!,Normal,Critical!!
2026-05-27 12:45:03.325564,61.997081667053926,0,4.163062437444814,0,Normal,Critical!!,Normal,Critical!!
2026-05-27 12:45:04.328152,61.68484570308958,0,4.590917504805583,0,Normal,Critical!!,Normal,Critical!!
2026-05-27 12:45:05.329318,61.34328723880986,0,4.211590294650522,0,Normal,Critical!!,Normal,Critical!!
2026-05-27 12:45:06.330838,61.22652596400269,0,4.515616430045396,0,Normal,Critical!!,Normal,Critical!!
2026-05-27 12:45:07.332079,60.83673488715468,0,3.634692643221106,0,Normal,Critical!!,Normal,Critical!!
2026-05-27 12:45:08.333362,60.53083560057422,0,4.997135033826589,0,Normal,Critical!!,Normal,Critical!!
2026-05-27 12:45:09.334972,60.050057237151016,0,3.5623145522219364,0,Normal,Critical!!,Warning,Critical!!
2026-05-27 12:45:10.336290,59.57896412692565,0,4.0655942408661065,0,Normal,Critical!!,Normal,Critical!!
2026-05-27 12:45:11.337825,59.336738684185214,0,3.4729315767759,0,Normal,Critical!!,Warning,Critical!!
2026-05-27 12:45:12.339420,59.04487212770206,0,4.742464413115444,0,Normal,Critical!!,Normal,Critical!!
2026-05-27 12:45:13.340850,58.821061048683426,0,4.856818186152339,0,Normal,Critical!!,Normal,Critical!!
2026-05-27 12:45:14.342321,58.63527090008661,0,4.132239752144087,0,Normal,Critical!!,Normal,Critical!!
2026-05-27 12:45:15.343716,58.42895291862774,0,4.068468021886479,0,Normal,Critical!!,Normal,Critical!!
2026-05-27 12:45:16.344985,57.99439521834791,0,3.8742175473260287,0,Normal,Critical!!,Normal,Critical!!
2026-05-27 12:45:17.346171,57.81437464592044,0,4.278608450109835,0,Normal,Critical!!,Normal,Critical!!
2026-05-27 12:45:18.347857,57.38486147901632,0,4.350492054707229,0,Normal,Critical!!,Normal,Critical!!
2026-05-27 12:45:19.349488,57.11557001841123,0,4.4364894924293115,0,Normal,Critical!!,Normal,Critical!!
2026-05-27 12:45:20.350512,56.67972022236996,0,4.459881480056295,0,Normal,Critical!!,Normal,Critical!!
2026-05-27 12:45:21.351739,56.25054787310694,0,3.721055057916307,0,Normal,Critical!!,Normal,Critical!!
2026-05-27 12:45:22.353049,55.96271529638275,0,4.781920117564469,0,Normal,Critical!!,Normal,Critical!!
2026-05-27 12:45:23.354262,55.7781416279213,0,3.9054514615940032,0,Normal,Critical!!,Normal,Critical!!
2026-05-27 12:45:24.356452,55.30784460993549,0,4.764753225902353,0,Normal,Critical!!,Normal,Critical!!
2026-05-27 12:45:25.358784,54.849455423002595,0,4.51514709363247,0,Normal,Critical!!,Normal,Critical!!
2026-05-27 12:45:26.360172,54.640966085453975,0,3.6244463298840333,0,Normal,Critical!!,Normal,Critical!!
2026-05-27 12:45:27.361496,54.20739332002477,0,4.792906324091351,0,Normal,Critical!!,Normal,Critical!!
2026-05-27 12:45:28.363525,53.76795156594548,0,4.8314197472096065,0,Normal,Critical!!,Normal,Critical!!
2026-05-27 12:45:29.365009,53.472801367288575,0,3.9013041254477385,0,Normal,Critical!!,Normal,Critical!!
2026-05-27 12:45:30.366830,53.06612292951702,0,4.995164082254339,0,Normal,Critical!!,Normal,Critical!!
2026-05-27 12:45:31.368638,52.88960890692673,0,4.2828279366726205,0,Normal,Critical!!,Normal,Critical!!
2026-05-27 12:45:32.369953,52.76239022434774,0,4.620645067230805,0,Normal,Critical!!,Normal,Critical!!
2026-05-27 12:45:33.371711,52.31093099317929,0,3.85120065850019,0,Normal,Critical!!,Normal,Critical!!
2026-05-27 12:45:34.373398,52.12992616471508,0,4.283542357461894,0,Normal,Critical!!,Normal,Critical!!
2026-05-27 12:45:35.374916,51.77814862934234,0,4.213881227978149,0,Normal,Critical!!,Normal,Critical!!
2026-05-27 12:45:36.376540,51.450502823172094,0,4.46085227626748,0,Normal,Critical!!,Normal,Critical!!
2026-05-27 12:45:37.378026,50.98206735761429,0,3.3486800040754954,0,Normal,Critical!!,Warning,Critical!!
2026-05-27 12:45:38.379328,50.735350589357594,0,3.9238513145660656,0,Normal,Critical!!,Normal,Critical!!
2026-05-27 12:45:39.380400,50.44770105942651,0,3.519121282678006,0,Normal,Critical!!,Warning,Critical!!
2026-05-27 12:45:40.382188,49.96895367685816,0,4.436038746821496,0,Normal,Critical!!,Normal,Critical!!
2026-05-27 12:45:41.384193,49.665700247694645,0,4.154012917207908,0,Normal,Critical!!,Normal,Critical!!
2026-05-27 12:45:42.385927,49.26084697031859,0,4.712655828989378,0,Normal,Critical!!,Normal,Critical!!
2026-05-27 12:45:43.387411,48.98617482819618,0,3.4762748849175122,0,Normal,Critical!!,Warning,Critical!!
2026-05-27 12:45:44.388959,48.82635531173502,0,3.332607321077144,0,Normal,Critical!!,Warning,Critical!!
2026-05-27 12:45:45.390369,48.710424267978155,0,4.968255087112457,0,Normal,Critical!!,Normal,Critical!!
2026-05-27 12:45:46.393224,48.35420134032812,0,4.695219965324424,0,Normal,Critical!!,Normal,Critical!!
2026-05-27 12:45:47.395111,48.10122838805291,0,3.6201516007282457,0,Normal,Critical!!,Normal,Critical!!
2026-05-27 12:45:48.396662,47.75246930653692,0,4.938432758269208,0,Normal,Critical!!,Normal,Critical!!
2026-05-27 12:45:49.398448,47.42527848790497,0,4.108782951695716,0,Normal,Critical!!,Normal,Critical!!
2026-05-27 12:45:50.400389,47.320798921488155,0,3.5268652859347336,0,Normal,Critical!!,Warning,Critical!!
2026-05-27 12:45:51.402415,47.01756610614464,0,4.636581343865589,0,Normal,Critical!!,Normal,Critical!!
2026-05-27 12:45:52.404282,46.8942432056138,0,3.9577188491713624,0,Normal,Critical!!,Normal,Critical!!
2026-05-27 12:45:53.405943,46.56746860401734,0,3.4940990188116854,0,Normal,Critical!!,Warning,Critical!!
2026-05-27 12:45:54.407404,46.245801590099234,0,4.717867548417095,0,Normal,Critical!!,Normal,Critical!!
2026-05-27 12:45:55.412012,46.10770182809217,0,4.36051645268059,0,Normal,Critical!!,Normal,Critical!!
2026-05-27 12:45:56.429138,45.726418217661106,0,3.4144018999578205,0,Normal,Critical!!,Warning,Critical!!
2026-05-27 12:45:57.431061,45.454869863280685,0,3.6731166910973663,0,Normal,Critical!!,Normal,Critical!!
2026-05-27 12:45:58.432831,45.05973754492604,0,3.876683369017308,0,Normal,Critical!!,Normal,Critical!!
2026-05-27 12:45:59.435462,44.84863331807472,0,4.295643081055385,0,Normal,Critical!!,Normal,Critical!!
2026-05-27 12:46:00.437042,44.60576809817766,0,4.621647762627333,0,Normal,Critical!!,Normal,Critical!!
2026-05-27 12:46:01.438153,44.1484224900392,0,3.762503714029567,0,Normal,Critical!!,Normal,Critical!!
2026-05-27 12:46:02.439628,43.77708164416492,0,4.044602470287186,0,Normal,Critical!!,Normal,Critical!!
2026-05-27 12:46:03.441112,43.3420436801866,0,4.781859511212163,0,Normal,Critical!!,Normal,Critical!!
2026-05-27 12:46:04.442985,43.22879868451435,0,4.986905522965898,0,Normal,Critical!!,Normal,Critical!!
2026-05-27 12:46:05.444590,42.88011151315063,0,4.049321915407061,0,Normal,Critical!!,Normal,Critical!!
2026-05-27 12:46:06.445970,42.52156063320991,0,3.4463298085863583,0,Normal,Critical!!,Warning,Critical!!
2026-05-27 12:46:07.447454,42.26713485182116,0,4.791650813011817,0,Normal,Critical!!,Normal,Critical!!
2026-05-27 12:46:08.449058,42.01682257129224,0,4.777408528557429,0,Normal,Critical!!,Normal,Critical!!
2026-05-27 12:46:09.450872,41.766438671656076,0,4.763599227808996,0,Normal,Critical!!,Normal,Critical!!
2026-05-27 12:46:10.453029,41.36081974640351,0,4.8552504668575915,0,Normal,Critical!!,Normal,Critical!!
2026-05-27 12:46:11.455041,41.21228800460723,0,3.778860563779995,0,Normal,Critical!!,Normal,Critical!!
2026-05-27 12:46:12.457150,40.7764431830173,0,4.433181236057319,0,Normal,Critical!!,Normal,Critical!!
2026-05-27 12:46:13.458657,40.41840642783208,0,4.625462880423642,0,Normal,Critical!!,Normal,Critical!!
2026-05-27 12:46:14.469778,39.98730540202853,0,4.163964329419745,0,Normal,Critical!!,Normal,Critical!!
2026-05-27 12:46:15.498639,39.49513483959341,0,3.3971569151019474,0,Normal,Critical!!,Warning,Critical!!
2026-05-27 12:46:16.499786,39.26939365479245,0,3.701945959834055,0,Normal,Critical!!,Normal,Critical!!
2026-05-27 12:46:17.501151,38.95727768975951,0,3.7953624101085786,0,Normal,Critical!!,Normal,Critical!!
2026-05-27 12:46:18.502477,38.7917586678923,0,4.96432210901315,0,Normal,Critical!!,Normal,Critical!!
2026-05-27 12:46:19.503827,38.43002876845796,0,4.813789895923175,0,Normal,Critical!!,Normal,Critical!!
2026-05-27 12:46:20.505052,38.112027888517616,0,4.197222985997662,0,Normal,Critical!!,Normal,Critical!!
2026-05-27 12:46:21.506773,37.79604842125693,0,4.4881065132755005,0,Normal,Critical!!,Normal,Critical!!
2026-05-27 12:46:22.508418,37.55874228549593,0,3.9984134136128735,0,Normal,Critical!!,Normal,Critical!!
2026-05-27 12:46:23.509165,37.131538025296294,0,3.6335987662367275,0,Normal,Critical!!,Normal,Critical!!
2026-05-27 12:46:24.510433,36.88653625509414,0,4.190415602998061,0,Normal,Critical!!,Normal,Critical!!
2026-05-27 12:46:25.511834,36.6276745247191,0,3.894865627634477,0,Normal,Critical!!,Normal,Critical!!
2026-05-27 12:46:26.513242,36.38256811044667,0,3.3884904454942557,0,Normal,Critical!!,Warning,Critical!!
2026-05-27 12:46:27.514492,36.14405844883915,0,3.5128798154968006,0,Normal,Critical!!,Warning,Critical!!
2026-05-27 12:46:28.516412,35.66037295865269,0,4.17251416098434,0,Normal,Critical!!,Normal,Critical!!
2026-05-27 12:46:29.517594,35.276731023445684,0,3.816610304431771,0,Normal,Critical!!,Normal,Critical!!
2026-05-27 12:46:30.519639,35.028648032686895,0,3.4719646520205836,0,Normal,Critical!!,Warning,Critical!!
2026-05-27 12:46:31.521294,34.67829796553249,0,4.6750093792188805,0,Normal,Critical!!,Normal,Critical!!
2026-05-27 12:46:32.523233,34.379671090848596,0,4.390049810795633,0,Normal,Critical!!,Normal,Critical!!
2026-05-27 12:46:33.524187,34.09354035059255,0,4.3933075177698635,0,Normal,Critical!!,Normal,Critical!!
2026-05-27 12:46:34.525657,33.896727960495284,0,4.175325755119497,0,Normal,Critical!!,Normal,Critical!!
2026-05-27 12:46:35.526942,33.53542363844963,0,4.422625583069423,0,Normal,Critical!!,Normal,Critical!!
2026-05-27 12:46:36.528712,33.41035811964965,0,4.5427689716025075,0,Normal,Critical!!,Normal,Critical!!
2026-05-27 12:46:37.529992,33.25177867459654,0,4.628972318986801,0,Normal,Critical!!,Normal,Critical!!
2026-05-27 12:46:38.531460,32.80193572270993,0,4.878977062611006,0,Normal,Critical!!,Normal,Critical!!
2026-05-27 12:46:39.533136,32.417183011220025,0,4.600276511632162,0,Normal,Critical!!,Normal,Critical!!
2026-05-27 12:46:40.534183,32.25735676495975,0,4.702141530735671,0,Normal,Critical!!,Normal,Critical!!
2026-05-27 12:46:41.535536,31.82508890646999,0,3.8371695996366544,0,Normal,Critical!!,Normal,Critical!!
2026-05-27 12:46:42.537011,31.37891296053906,0,4.094156703037642,0,Normal,Critical!!,Normal,Critical!!
2026-05-27 12:46:43.538866,31.21552585370741,0,3.7055957216239674,0,Normal,Critical!!,Normal,Critical!!
2026-05-27 12:46:44.540611,30.90803322325728,0,3.448939175231714,0,Normal,Critical!!,Warning,Critical!!
2026-05-27 12:46:45.541993,30.534384319085635,0,3.539825562606891,0,Normal,Critical!!,Warning,Critical!!
2026-05-27 12:46:46.543511,30.136458950660458,0,4.276613080246943,0,Normal,Critical!!,Normal,Critical!!
2026-05-27 12:46:47.545234,29.9074636524805,0,3.7217416591908594,0,Normal,Critical!!,Normal,Critical!!
2026-05-27 12:46:48.546725,29.463793076283665,0,4.924777245774883,0,Normal,Critical!!,Normal,Critical!!
2026-05-27 12:46:49.548638,29.073124599383778,0,3.4276536904648798,0,Normal,Critical!!,Warning,Critical!!
2026-05-27 12:46:50.549906,28.86388447600099,0,4.583645758111114,0,Normal,Critical!!,Normal,Critical!!
2026-05-27 12:46:51.551313,28.38454264290356,0,4.586479785608057,0,Normal,Critical!!,Normal,Critical!!
2026-05-27 12:46:52.553080,28.159325133314304,0,3.514723852079059,0,Normal,Critical!!,Warning,Critical!!
2026-05-27 12:46:53.555007,27.819932778635792,0,3.947515182932102,0,Normal,Critical!!,Normal,Critical!!
2026-05-27 12:46:54.556810,27.54902156130802,0,3.7353907222619336,0,Normal,Critical!!,Normal,Critical!!
2026-05-27 12:46:55.558252,27.334338641634282,0,4.694452483910618,0,Normal,Critical!!,Normal,Critical!!
2026-05-27 12:46:56.560224,26.868906148185147,0,3.9454226473592326,0,Normal,Critical!!,Normal,Critical!!
2026-05-27 12:46:57.561923,26.547234138616055,0,4.361749191058522,0,Normal,Critical!!,Normal,Critical!!
2026-05-27 12:46:58.563837,26.365661416039227,0,3.742259555400044,0,Normal,Critical!!,Normal,Critical!!
2026-05-27 12:46:59.564992,26.04879878043332,0,4.245051477595091,0,Normal,Critical!!,Normal,Critical!!
2026-05-27 12:47:00.566515,25.611866649050288,0,3.4278940306711116,0,Normal,Critical!!,Warning,Critical!!
2026-05-27 12:47:01.567793,25.232397457438307,0,3.513134450327613,0,Normal,Critical!!,Warning,Critical!!
2026-05-27 12:47:02.568952,25.05507914136443,0,4.679946179776751,0,Normal,Critical!!,Normal,Critical!!
2026-05-27 12:47:03.570365,24.827017216902068,0,3.5159946786307055,0,Normal,Critical!!,Warning,Critical!!
2026-05-27 12:47:04.572003,24.715267185694625,0,4.179882538265831,0,Normal,Critical!!,Normal,Critical!!
2026-05-27 12:47:05.573111,24.405365566273886,0,3.514120298007656,0,Normal,Critical!!,Warning,Critical!!
2026-05-27 12:47:06.574407,23.918041663250428,0,4.584343308174729,0,Normal,Critical!!,Normal,Critical!!
2026-05-27 12:47:07.576237,23.70925315722873,0,4.301714519785377,0,Normal,Critical!!,Normal,Critical!!
2026-05-27 12:47:08.577795,23.299783360015134,0,3.6545719774203174,0,Normal,Critical!!,Normal,Critical!!
2026-05-27 12:47:09.579436,23.087724128666355,0,3.738845748499586,0,Normal,Critical!!,Normal,Critical!!
2026-05-27 12:47:10.581011,22.617997173487943,0,3.4684358694179074,0,Normal,Critical!!,Warning,Critical!!
2026-05-27 12:47:11.582763,22.478724778876156,0,4.754579661836949,0,Normal,Critical!!,Normal,Critical!!
2026-05-27 12:47:12.584094,22.00409749692979,0,4.691052383104284,0,Normal,Critical!!,Normal,Critical!!
2026-05-27 12:47:13.585958,21.654320877531664,0,4.519009550683924,0,Normal,Critical!!,Normal,Critical!!
2026-05-27 12:47:14.587606,21.345871197682783,0,4.480787116577474,0,Normal,Critical!!,Normal,Critical!!
2026-05-27 12:47:15.589013,21.149491233111743,0,4.365121485884281,0,Normal,Critical!!,Normal,Critical!!
2026-05-27 12:47:16.590531,21.02693340425625,0,4.6143936181975675,0,Normal,Critical!!,Normal,Critical!!
2026-05-27 12:47:17.592436,20.70163647829329,0,4.2051612152977205,0,Normal,Critical!!,Normal,Critical!!
2026-05-27 12:47:18.594720,20.3500138052591,0,3.3236922488721237,0,Normal,Critical!!,Warning,Critical!!
2026-05-27 12:47:19.596100,19.987556441496157,0,3.8195121696554946,0,Normal,Critical!!,Normal,Critical!!
2026-05-27 12:47:20.598527,20.477079294702126,0,4.449074840497111,0,Normal,Critical!!,Normal,Critical!!
2026-05-27 12:47:21.599629,20.934520131846337,0,4.988769705660793,0,Normal,Critical!!,Normal,Critical!!
2026-05-27 12:47:22.601627,21.23266954203425,0,3.6873229899747493,0,Normal,Critical!!,Normal,Critical!!
2026-05-27 12:47:23.603144,21.489577510453724,0,3.72186171201305,0,Normal,Critical!!,Normal,Critical!!
2026-05-27 12:47:24.604978,21.892628475291918,0,4.30991704866808,0,Normal,Critical!!,Normal,Critical!!
2026-05-27 12:47:25.606618,22.098574663864287,0,4.6660705585570295,0,Normal,Critical!!,Normal,Critical!!
2026-05-27 12:47:26.608289,22.359670687587606,0,4.420215489700647,0,Normal,Critical!!,Normal,Critical!!
2026-05-27 12:47:27.609395,22.73436644831041,0,3.7086702645425498,0,Normal,Critical!!,Normal,Critical!!
2026-05-27 12:47:28.611471,22.938184950112642,0,3.905208717037082,0,Normal,Critical!!,Normal,Critical!!
2026-05-27 12:47:29.612865,23.309408867856753,0,3.7580464348557285,0,Normal,Critical!!,Normal,Critical!!
2026-05-27 12:47:30.614294,23.671469693922727,0,4.23053231752761,0,Normal,Critical!!,Normal,Critical!!
2026-05-27 12:47:31.615993,24.12145322619792,0,3.7274419949457727,0,Normal,Critical!!,Normal,Critical!!
2026-05-27 12:47:32.617308,24.26903950212951,0,3.4185521222059023,0,Normal,Critical!!,Warning,Critical!!
2026-05-27 12:47:33.618588,24.583800530834,0,4.5330509354121205,0,Normal,Critical!!,Normal,Critical!!
2026-05-27 12:47:34.619938,24.903907408070694,0,4.235113821342913,0,Normal,Critical!!,Normal,Critical!!
2026-05-27 12:47:35.621215,25.249630752682197,0,4.057192719597692,0,Normal,Critical!!,Normal,Critical!!
2026-05-27 12:47:36.622440,25.570213782869622,0,4.988676652266017,0,Normal,Critical!!,Normal,Critical!!
2026-05-27 12:47:37.623670,25.785012219381414,0,4.747615782164408,0,Normal,Critical!!,Normal,Critical!!
2026-05-27 12:47:38.624869,26.142428206572568,0,3.800942199332545,0,Normal,Critical!!,Normal,Critical!!
2026-05-27 12:47:39.627229,26.56669662372357,0,4.857884355865186,0,Normal,Critical!!,Normal,Critical!!
2026-05-27 12:47:40.628830,26.836803277853527,0,3.895390118955734,0,Normal,Critical!!,Normal,Critical!!
2026-05-27 12:47:41.630836,27.229888377925093,0,4.46152142241311,0,Normal,Critical!!,Normal,Critical!!
2026-05-27 12:47:42.633118,27.47732412417144,0,3.575809298314017,0,Normal,Critical!!,Warning,Critical!!
2026-05-27 12:47:43.634765,27.684942956247546,0,3.4796307376749,0,Normal,Critical!!,Warning,Critical!!
2026-05-27 12:47:44.636049,27.873547748301508,0,4.494420269902611,0,Normal,Critical!!,Normal,Critical!!
2026-05-27 12:47:45.637344,28.126639033041997,0,3.430732001788482,0,Normal,Critical!!,Warning,Critical!!
2026-05-27 12:47:46.639520,28.30556865770547,0,4.698747157972136,0,Normal,Critical!!,Normal,Critical!!
2026-05-27 12:47:47.641130,28.629395089109238,0,4.30946524602702,0,Normal,Critical!!,Normal,Critical!!
2026-05-27 12:47:48.642791,28.878838816858124,0,4.595637878202499,0,Normal,Critical!!,Normal,Critical!!
2026-05-27 12:47:49.644332,29.28005046412581,0,4.5123197763031975,0,Normal,Critical!!,Normal,Critical!!
2026-05-27 12:47:50.646538,29.69921817138731,0,3.419577516769727,0,Normal,Critical!!,Warning,Critical!!
2026-05-27 12:47:51.647933,29.850804944132122,0,3.312789533083906,0,Normal,Critical!!,Warning,Critical!!
2026-05-27 12:47:52.649575,30.00930929528201,0,4.228258916996317,0,Normal,Critical!!,Normal,Critical!!
2026-05-27 12:47:53.651586,30.28779289364768,0,4.673368637309727,0,Normal,Critical!!,Normal,Critical!!
2026-05-27 12:47:54.653089,30.742224177380717,0,3.6887610783540197,0,Normal,Critical!!,Normal,Critical!!
2026-05-27 12:47:55.654654,31.222138304122506,0,3.884541071388412,0,Normal,Critical!!,Normal,Critical!!
2026-05-27 12:47:56.656781,31.612655209064012,0,4.493560705032864,0,Normal,Critical!!,Normal,Critical!!
2026-05-27 12:47:57.657978,31.959995345332754,0,4.732833901257386,0,Normal,Critical!!,Normal,Critical!!
2026-05-27 12:47:58.659612,32.15983680855982,0,4.4276408711607935,0,Normal,Critical!!,Normal,Critical!!
2026-05-27 12:47:59.661511,32.42392792100189,0,4.345196976773444,0,Normal,Critical!!,Normal,Critical!!
2026-05-27 12:48:00.663338,32.57305321094767,0,4.075162816739344,0,Normal,Critical!!,Normal,Critical!!
2026-05-27 12:48:01.664724,32.95257937681866,0,4.9629416377916336,0,Normal,Critical!!,Normal,Critical!!
2026-05-27 12:48:02.666435,33.18504402714748,0,4.473980390761704,0,Normal,Critical!!,Normal,Critical!!
2026-05-27 12:48:03.669003,33.5694065744866,0,3.3831323951887615,0,Normal,Critical!!,Warning,Critical!!
2026-05-27 12:48:04.670948,33.729184867205866,0,3.7744856775693187,0,Normal,Critical!!,Normal,Critical!!
2026-05-27 12:48:05.672350,34.16975604175605,0,4.715030673452517,0,Normal,Critical!!,Normal,Critical!!
2026-05-27 12:48:06.674548,34.43673269018412,0,3.4723794750237724,0,Normal,Critical!!,Warning,Critical!!
2026-05-27 12:48:07.676320,34.7261413791602,0,3.373444533809387,0,Normal,Critical!!,Warning,Critical!!
2026-05-27 12:48:08.677461,35.00789455327536,0,4.721810012314072,0,Normal,Critical!!,Normal,Critical!!
2026-05-27 12:48:09.678838,35.388718551342016,0,3.331819565242516,0,Normal,Critical!!,Warning,Critical!!
2026-05-27 12:48:10.680612,35.77460027983673,0,4.562753864298223,0,Normal,Critical!!,Normal,Critical!!
2026-05-27 12:48:11.681940,36.16977188274087,0,4.970776574243249,0,Normal,Critical!!,Normal,Critical!!
2026-05-27 12:48:12.683606,36.52541760584664,0,3.4533829696625773,0,Normal,Critical!!,Warning,Critical!!
2026-05-27 12:48:13.684998,37.00714112603789,0,4.537321733065402,0,Normal,Critical!!,Normal,Critical!!
2026-05-27 12:48:14.686698,37.467273629101626,0,3.7130673361333484,0,Normal,Critical!!,Normal,Critical!!
2026-05-27 12:48:15.687987,37.92452117703121,0,4.490680856195167,0,Normal,Critical!!,Normal,Critical!!
2026-05-27 12:48:16.689693,38.276076980896114,0,4.913268691149197,0,Normal,Critical!!,Normal,Critical!!
2026-05-27 12:48:17.691560,38.518507149323796,0,4.422977452451912,0,Normal,Critical!!,Normal,Critical!!
2026-05-27 12:48:18.693085,38.98558926005067,0,4.337396632708618,0,Normal,Critical!!,Normal,Critical!!
2026-05-27 12:48:19.695325,39.26706160068614,0,3.349349981538588,0,Normal,Critical!!,Warning,Critical!!
2026-05-27 12:48:20.696956,39.451798359975584,0,3.6379917761259994,0,Normal,Critical!!,Normal,Critical!!
2026-05-27 12:48:21.698428,39.742263845625736,0,3.78994550172312,0,Normal,Critical!!,Normal,Critical!!
2026-05-27 12:48:22.700832,39.96019209649929,0,3.81596953201178,0,Normal,Critical!!,Normal,Critical!!
2026-05-27 12:48:23.702362,40.354152051865455,0,4.1181191069355085,0,Normal,Critical!!,Normal,Critical!!
2026-05-27 12:48:24.703388,40.6595031808295,0,4.625477557020716,0,Normal,Critical!!,Normal,Critical!!
2026-05-27 12:48:25.705224,40.98730032373457,0,4.139294496529322,0,Normal,Critical!!,Normal,Critical!!
2026-05-27 12:48:26.706404,41.26471758990048,0,3.416367609280958,0,Normal,Critical!!,Warning,Critical!!
2026-05-27 12:48:27.708084,41.70097378332278,0,3.434441734696339,0,Normal,Critical!!,Warning,Critical!!
2026-05-27 12:48:28.709606,42.161371233157446,0,3.7081098930291176,0,Normal,Critical!!,Normal,Critical!!
2026-05-27 12:48:29.711125,42.395878513719204,0,3.441902170004445,0,Normal,Critical!!,Warning,Critical!!
2026-05-27 12:48:30.712705,42.7633573054873,0,4.921113846002444,0,Normal,Critical!!,Normal,Critical!!
2026-05-27 12:48:31.714243,43.14110265788719,0,3.4217071169335362,0,Normal,Critical!!,Warning,Critical!!
2026-05-27 12:48:32.715884,43.53146582657948,0,4.266238878197518,0,Normal,Critical!!,Normal,Critical!!
2026-05-27 12:48:33.717560,43.782644974117126,0,4.273080474885053,0,Normal,Critical!!,Normal,Critical!!
2026-05-27 12:48:34.718983,44.145269974738625,0,3.817270526203617,0,Normal,Critical!!,Normal,Critical!!
2026-05-27 12:48:35.720986,44.53248523843731,0,4.59799296086751,0,Normal,Critical!!,Normal,Critical!!
2026-05-27 12:48:36.722453,44.94251364651748,0,4.201839232791311,0,Normal,Critical!!,Normal,Critical!!
2026-05-27 12:48:37.723896,45.232788442272785,0,3.424668297527688,0,Normal,Critical!!,Warning,Critical!!
2026-05-27 12:48:38.725509,45.71622741596322,0,3.978624735909258,0,Normal,Critical!!,Normal,Critical!!
2026-05-27 12:48:39.726925,46.18536992052844,0,4.5851303007049555,0,Normal,Critical!!,Normal,Critical!!
2026-05-27 12:48:40.729004,46.598002335802015,0,4.178248617848485,0,Normal,Critical!!,Normal,Critical!!
2026-05-27 12:48:41.730291,47.034725520755764,0,4.696145081097979,0,Normal,Critical!!,Normal,Critical!!
2026-05-27 12:48:42.732045,47.21484195095621,0,3.921878885623232,0,Normal,Critical!!,Normal,Critical!!
2026-05-27 12:48:43.733556,47.514353505958105,0,3.6618039120173504,0,Normal,Critical!!,Normal,Critical!!
2026-05-27 12:48:44.735020,47.73163206082347,0,4.33602778292669,0,Normal,Critical!!,Normal,Critical!!
2026-05-27 12:48:45.736187,48.14248803992076,0,4.865322119595643,0,Normal,Critical!!,Normal,Critical!!
2026-05-27 12:48:46.737720,48.55720095536305,0,3.7140562807338178,0,Normal,Critical!!,Normal,Critical!!
2026-05-27 12:48:47.738961,48.92803670534107,0,3.353522716462544,0,Normal,Critical!!,Warning,Critical!!
2026-05-27 12:48:48.740326,49.32047207024049,0,3.545245878956806,0,Normal,Critical!!,Warning,Critical!!
2026-05-27 12:48:49.741992,49.68931970610615,0,4.456701213472004,0,Normal,Critical!!,Normal,Critical!!
2026-05-27 12:48:50.743781,49.90783685839897,0,3.9036338005118782,0,Normal,Critical!!,Normal,Critical!!
2026-05-27 12:48:51.744728,50.20276715776735,0,3.4083865693011908,0,Normal,Critical!!,Warning,Critical!!
2026-05-27 12:48:52.746333,50.45985764609183,0,4.921372373030935,0,Normal,Critical!!,Normal,Critical!!
2026-05-27 12:48:53.747917,50.6095028809433,0,3.733030204462187,0,Normal,Critical!!,Normal,Critical!!
2026-05-27 12:48:54.749222,51.078708601976565,0,4.792101799340332,0,Normal,Critical!!,Normal,Critical!!
2026-05-27 12:48:55.750945,51.42956246550321,0,3.696504893615511,0,Normal,Critical!!,Normal,Critical!!
2026-05-27 12:48:56.752638,51.809226519188584,0,4.686994017556869,0,Normal,Critical!!,Normal,Critical!!
2026-05-27 12:48:57.754098,52.07339718887245,0,4.039765504393964,0,Normal,Critical!!,Normal,Critical!!
2026-05-27 12:48:58.755569,52.4998375226596,0,3.686690011345181,0,Normal,Critical!!,Normal,Critical!!
2026-05-27 12:48:59.757315,52.775219715799466,0,4.087874559213687,0,Normal,Critical!!,Normal,Critical!!
2026-05-27 12:49:00.758939,53.25755289092614,0,4.450099952519523,0,Normal,Critical!!,Normal,Critical!!
2026-05-27 12:49:01.760070,53.6712537973671,0,4.7260161655704565,0,Normal,Critical!!,Normal,Critical!!
2026-05-27 12:49:02.761564,53.93924822222802,0,3.9106682225321703,0,Normal,Critical!!,Normal,Critical!!
2026-05-27 12:49:03.763172,54.291969285081215,0,3.342703246356689,0,Normal,Critical!!,Warning,Critical!!
2026-05-27 12:49:04.764887,54.76662821791854,0,3.598792799995453,0,Normal,Critical!!,Warning,Critical!!
2026-05-27 12:49:05.766144,55.009999950041816,0,4.061004790362608,0,Normal,Critical!!,Normal,Critical!!
2026-05-27 12:49:06.767789,55.49462276016098,0,4.510329739231711,0,Normal,Critical!!,Normal,Critical!!
2026-05-27 12:49:07.769138,55.859731569940145,0,4.162278776086727,0,Normal,Critical!!,Normal,Critical!!
2026-05-27 12:49:08.771018,56.260446456486974,0,4.507081584210143,0,Normal,Critical!!,Normal,Critical!!
2026-05-27 12:49:09.772968,56.74601685519941,0,4.0991259608048205,0,Normal,Critical!!,Normal,Critical!!
2026-05-27 12:49:10.774446,57.04825633146648,0,3.9718142105246512,0,Normal,Critical!!,Normal,Critical!!
2026-05-27 12:49:11.775760,57.395774729493674,0,3.7216202481113565,0,Normal,Critical!!,Normal,Critical!!
2026-05-27 12:49:12.777337,57.7312903634106,0,4.134768860396478,0,Normal,Critical!!,Normal,Critical!!
2026-05-27 12:49:13.778721,57.90663605759388,0,4.842309182202098,0,Normal,Critical!!,Normal,Critical!!
2026-05-27 12:49:14.780228,58.32839943586214,0,4.929978761805637,0,Normal,Critical!!,Normal,Critical!!
2026-05-27 12:49:15.781468,58.461092463327816,0,4.085681676899036,0,Normal,Critical!!,Normal,Critical!!
2026-05-27 12:49:16.783032,58.73831502696425,0,3.8885627209704605,0,Normal,Critical!!,Normal,Critical!!
2026-05-27 12:49:17.784544,59.0358830614334,0,3.41468522149471,0,Normal,Critical!!,Warning,Critical!!
2026-05-27 12:49:18.785746,59.40360384180461,0,4.378541209131837,0,Normal,Critical!!,Normal,Critical!!
2026-05-27 12:49:19.787411,59.85629840610262,0,4.367614156184746,0,Normal,Critical!!,Normal,Critical!!
2026-05-27 12:49:20.788752,60.338213579633425,0,4.404730647406084,0,Normal,Critical!!,Normal,Critical!!
2026-05-27 12:49:21.790049,60.62163257259564,0,4.548914249709485,0,Normal,Critical!!,Normal,Critical!!
2026-05-27 12:49:22.791042,60.73882332552992,0,4.505400930806381,0,Normal,Critical!!,Normal,Critical!!
2026-05-27 12:49:23.792304,61.055842760325824,0,3.3178871584860445,0,Normal,Critical!!,Warning,Critical!!
2026-05-27 12:49:24.793288,61.29223104497483,0,4.472097714265139,0,Normal,Critical!!,Normal,Critical!!
2026-05-27 12:49:25.794596,61.66538381589207,0,3.976619855106901,0,Normal,Critical!!,Normal,Critical!!
2026-05-27 12:49:26.795496,62.012712665685214,0,3.9901648501617792,0,Normal,Critical!!,Normal,Critical!!
2026-05-27 12:49:27.796675,62.232469214293765,0,4.824016751132402,0,Normal,Critical!!,Normal,Critical!!
2026-05-27 12:49:28.798255,62.61010286574495,0,3.7178245991606973,0,Normal,Critical!!,Normal,Critical!!
2026-05-27 12:49:29.799946,62.938812467509536,0,3.531789425088459,0,Normal,Critical!!,Warning,Critical!!
2026-05-27 12:49:30.801387,63.079416355414416,0,3.742961934165625,0,Normal,Critical!!,Normal,Critical!!
2026-05-27 12:49:31.802920,63.38758198541747,0,4.894671757293863,0,Normal,Critical!!,Normal,Critical!!
2026-05-27 12:49:32.804208,63.72520514441207,0,4.551657321470925,0,Normal,Critical!!,Normal,Critical!!
2026-05-27 12:49:33.805608,64.11655950837127,0,4.2341755335951206,0,Normal,Critical!!,Normal,Critical!!
2026-05-27 12:49:34.807382,64.5654968973598,0,4.279596320649224,0,Normal,Critical!!,Normal,Critical!!
2026-05-27 12:49:35.809024,64.87921965948266,0,4.622472222231879,0,Normal,Critical!!,Normal,Critical!!
2026-05-27 12:49:36.810328,65.240572454765,0,4.7193030565132,0,Normal,Critical!!,Normal,Critical!!
2026-05-27 12:49:37.811657,65.39929727907678,0,4.853011520549096,0,Normal,Critical!!,Normal,Critical!!
2026-05-27 12:49:38.812711,65.53941411679946,0,4.851577318064386,0,Normal,Critical!!,Normal,Critical!!
2026-05-27 12:49:39.814439,65.72919163516632,0,4.649165366211424,0,Normal,Critical!!,Normal,Critical!!
2026-05-27 12:49:40.816186,66.05069336773737,0,4.379560797322328,0,Normal,Critical!!,Normal,Critical!!
2026-05-27 12:49:41.817290,66.30345400338818,0,4.412379359018346,0,Normal,Critical!!,Normal,Critical!!
2026-05-27 12:49:42.818961,66.50410047976274,0,3.585579422807386,0,Normal,Critical!!,Warning,Critical!!
2026-05-27 12:49:43.821184,66.84449999093384,0,3.688500895535476,0,Normal,Critical!!,Normal,Critical!!
2026-05-27 12:49:44.822475,67.0004247088912,0,4.311252968283872,0,Normal,Critical!!,Normal,Critical!!
2026-05-27 12:49:45.823725,67.10866398624634,0,3.899080043925982,0,Normal,Critical!!,Normal,Critical!!
2026-05-27 12:49:46.825451,67.42312377688157,0,3.4943321559957057,0,Normal,Critical!!,Warning,Critical!!
2026-05-27 12:49:47.826826,67.86922666342765,0,4.9408964591947795,0,Normal,Critical!!,Normal,Critical!!
2026-05-27 12:49:48.828041,68.24635274466945,0,3.954135530425087,0,Normal,Critical!!,Normal,Critical!!
2026-05-27 12:49:49.829565,68.67712960803678,0,4.020890659010015,0,Normal,Critical!!,Normal,Critical!!
2026-05-27 12:49:50.830632,69.09581083343971,0,4.053851424818301,0,Normal,Critical!!,Normal,Critical!!
2026-05-27 12:49:51.831948,69.22181378965684,0,3.724424114550375,0,Normal,Critical!!,Normal,Critical!!
2026-05-27 12:49:52.833449,69.60332904121506,0,4.430781979746901,0,Normal,Critical!!,Normal,Critical!!
2026-05-27 12:49:53.834806,70.08058064445933,0,4.761133927927523,0,Normal,Critical!!,Normal,Critical!!
2026-05-27 12:49:54.836441,70.26040816931668,0,4.2474415268522945,0,Normal,Critical!!,Normal,Critical!!
2026-05-27 12:49:55.837427,70.63814285461574,0,3.3589052125863597,0,Normal,Critical!!,Warning,Critical!!
2026-05-27 12:49:56.838778,71.02170829317512,0,3.85159554249369,0,Normal,Critical!!,Normal,Critical!!
2026-05-27 12:49:57.839793,71.2475993739648,0,3.682675079042971,0,Normal,Critical!!,Normal,Critical!!
2026-05-27 12:49:58.841698,71.65508021735498,0,3.5703082687449323,0,Normal,Critical!!,Warning,Critical!!
2026-05-27 12:49:59.843142,71.99520907344792,0,4.520698972566131,0,Normal,Critical!!,Normal,Critical!!
2026-05-27 12:50:00.844475,72.24841699281815,0,3.6643678212113153,0,Normal,Critical!!,Normal,Critical!!
2026-05-27 12:50:01.846190,72.39076533642903,0,4.855395361829676,0,Normal,Critical!!,Normal,Critical!!
2026-05-27 12:50:02.847937,72.5228138481582,0,3.6969640461130138,0,Normal,Critical!!,Normal,Critical!!
2026-05-27 12:50:03.849708,72.84709005818456,0,4.795606897811996,0,Normal,Critical!!,Normal,Critical!!
2026-05-27 12:50:04.850946,73.16800837498577,0,4.881869601376399,0,Normal,Critical!!,Normal,Critical!!
2026-05-27 12:50:05.852474,73.5144654781453,0,3.5416840240020755,0,Normal,Critical!!,Warning,Critical!!
2026-05-27 12:50:06.853686,73.79690867829292,0,4.3073693201191805,0,Normal,Critical!!,Normal,Critical!!
2026-05-27 12:50:07.855319,74.19158777051334,0,4.0119430325169105,0,Normal,Critical!!,Normal,Critical!!
2026-05-27 12:50:08.856521,74.32479984363006,0,4.66853914288732,0,Normal,Critical!!,Normal,Critical!!
2026-05-27 12:50:09.858196,74.51837214695821,0,3.6903244896148126,0,Normal,Critical!!,Normal,Critical!!
2026-05-27 12:50:10.859504,74.81927186753413,0,3.8629829437986625,0,Normal,Critical!!,Normal,Critical!!
2026-05-27 12:50:11.860770,75.00988161807908,0,4.195354248461775,0,Normal,Critical!!,Normal,Critical!!
2026-05-27 12:50:12.862482,75.304021969801,0,4.542483048758919,0,Normal,Critical!!,Normal,Critical!!
2026-05-27 12:50:13.863873,75.71625685471389,0,4.797203252265773,0,Normal,Critical!!,Normal,Critical!!
2026-05-27 12:50:14.865528,76.14759638326456,0,4.871696869883383,0,Normal,Critical!!,Normal,Critical!!
2026-05-27 12:50:15.866840,76.35628822102636,0,3.681835595003926,0,Normal,Critical!!,Normal,Critical!!
2026-05-27 12:50:16.868248,76.6393735167006,0,4.399621387192676,0,Normal,Critical!!,Normal,Critical!!
2026-05-27 12:50:17.869812,77.01234309747267,0,4.477467160258406,0,Normal,Critical!!,Normal,Critical!!
2026-05-27 12:50:18.871017,77.32741340783822,0,3.79783156965913,0,Normal,Critical!!,Normal,Critical!!
2026-05-27 12:50:19.872525,77.73311011587742,0,3.9384627321214443,0,Normal,Critical!!,Normal,Critical!!
2026-05-27 12:50:20.873941,78.03304552242695,0,4.014085804655279,0,Normal,Critical!!,Normal,Critical!!
2026-05-27 12:50:21.875352,78.32499354389154,0,3.840218801182237,0,Normal,Critical!!,Normal,Critical!!
2026-05-27 12:50:22.876583,78.44292980573984,0,3.574674688247146,0,Normal,Critical!!,Warning,Critical!!
2026-05-27 12:50:23.877907,78.6236002927718,0,4.947181358410163,0,Normal,Critical!!,Normal,Critical!!
2026-05-27 12:50:24.879915,78.79708602979485,0,4.071970735798738,0,Normal,Critical!!,Normal,Critical!!
2026-05-27 12:50:25.881733,79.02782857111568,0,4.098393406659325,0,Normal,Critical!!,Normal,Critical!!
2026-05-27 12:50:26.882943,79.24081770368642,0,4.511551357147505,0,Normal,Critical!!,Normal,Critical!!
2026-05-27 12:50:27.884655,79.67303364248578,0,4.418017599751908,0,Normal,Critical!!,Normal,Critical!!
2026-05-27 12:50:28.886062,79.87913005135377,0,4.3942196152093995,0,Normal,Critical!!,Normal,Critical!!
2026-05-27 12:50:29.887668,80.09026486833842,0,3.5032496913610065,0,Warning,Critical!!,Warning,Critical!!
2026-05-27 12:50:30.889163,79.86212717907216,0,4.0375287917910745,0,Normal,Critical!!,Normal,Critical!!
2026-05-27 12:50:31.890606,79.74203606345233,0,4.944559216123796,0,Normal,Critical!!,Normal,Critical!!
2026-05-27 12:50:32.892097,79.41143238629441,0,4.159884364373372,0,Normal,Critical!!,Normal,Critical!!
2026-05-27 12:50:33.893522,79.06584333420469,0,4.0096930794099155,0,Normal,Critical!!,Normal,Critical!!
2026-05-27 12:50:34.895439,78.66475536865104,0,4.846942510770921,0,Normal,Critical!!,Normal,Critical!!
2026-05-27 12:50:35.896768,78.2845426049894,0,4.943638016555937,0,Normal,Critical!!,Normal,Critical!!
2026-05-27 12:50:36.897967,77.99020795394927,0,3.5611887038989827,0,Normal,Critical!!,Warning,Critical!!
2026-05-27 12:50:37.899090,77.51608136185017,0,3.510105012314116,0,Normal,Critical!!,Warning,Critical!!
2026-05-27 12:50:38.900258,77.06223441036805,0,3.379663227801058,0,Normal,Critical!!,Warning,Critical!!
2026-05-27 12:50:39.901889,76.91131638754365,0,4.992062297445165,0,Normal,Critical!!,Normal,Critical!!
2026-05-27 12:50:40.903536,76.53647868971987,0,3.642416886723308,0,Normal,Critical!!,Normal,Critical!!
2026-05-27 12:50:41.905214,76.39069438035854,0,4.386285150558485,0,Normal,Critical!!,Normal,Critical!!
2026-05-27 12:50:42.906636,76.06710216016778,0,4.298106650553046,0,Normal,Critical!!,Normal,Critical!!
2026-05-27 12:50:43.908175,75.89594560190798,0,4.583992755433145,0,Normal,Critical!!,Normal,Critical!!
2026-05-27 12:50:44.909503,75.64726985317267,0,3.5521821737410804,0,Normal,Critical!!,Warning,Critical!!
2026-05-27 12:50:45.911497,75.2596501410876,0,4.112719516912703,0,Normal,Critical!!,Normal,Critical!!
2026-05-27 12:50:46.913467,75.11025008643489,0,4.310310218379697,0,Normal,Critical!!,Normal,Critical!!
2026-05-27 12:50:47.914773,74.71687542475998,0,3.6900221745739126,0,Normal,Critical!!,Normal,Critical!!
2026-05-27 12:50:48.916018,74.23211333044875,0,3.4886199780214264,0,Normal,Critical!!,Warning,Critical!!
2026-05-27 12:50:49.917677,74.0529696661811,0,3.81743426492658,0,Normal,Critical!!,Normal,Critical!!
2026-05-27 12:50:50.918818,73.61700545605352,0,3.3721578841576374,0,Normal,Critical!!,Warning,Critical!!
2026-05-27 12:50:51.920348,73.19884348331976,0,4.950789213820366,0,Normal,Critical!!,Normal,Critical!!
2026-05-27 12:50:52.922049,73.02353914522006,0,4.272650673580512,0,Normal,Critical!!,Normal,Critical!!
2026-05-27 12:50:53.923369,72.65427826569659,0,4.202565893671118,0,Normal,Critical!!,Normal,Critical!!
2026-05-27 12:50:54.924404,72.52369439686036,0,4.175608404257742,0,Normal,Critical!!,Normal,Critical!!
2026-05-27 12:50:55.925925,72.1065228544896,0,4.91912746961272,0,Normal,Critical!!,Normal,Critical!!
2026-05-27 12:50:56.927507,71.75874411235952,0,4.361739235276993,0,Normal,Critical!!,Normal,Critical!!
2026-05-27 12:50:57.928430,71.32559256498443,0,3.4290112309048144,0,Normal,Critical!!,Warning,Critical!!
2026-05-27 12:50:58.930298,70.9600178196255,0,3.340036812123415,0,Normal,Critical!!,Warning,Critical!!
2026-05-27 12:50:59.931798,70.79263904311651,0,4.16276784188017,0,Normal,Critical!!,Normal,Critical!!
2026-05-27 12:51:00.932930,70.58797271610676,0,3.320998285725733,0,Normal,Critical!!,Warning,Critical!!
2026-05-27 12:51:01.934314,70.1831765958176,0,3.651952270395099,0,Normal,Critical!!,Normal,Critical!!
2026-05-27 12:51:02.935677,70.00999477711336,0,3.6034713846092297,0,Normal,Critical!!,Normal,Critical!!
2026-05-27 12:51:03.937032,69.75555928844743,0,4.9590257269960585,0,Normal,Critical!!,Normal,Critical!!
2026-05-27 12:51:04.938660,69.62353273451004,0,3.6818479113451037,0,Normal,Critical!!,Normal,Critical!!
2026-05-27 12:51:05.940033,69.25232607514037,0,4.870869758190692,0,Normal,Critical!!,Normal,Critical!!
2026-05-27 12:51:06.941217,69.15051627271718,0,4.155489089296935,0,Normal,Critical!!,Normal,Critical!!
2026-05-27 12:51:07.942752,68.7511719617767,0,4.802696808390813,0,Normal,Critical!!,Normal,Critical!!
2026-05-27 12:51:08.944473,68.42927726862519,0,4.490089246720525,0,Normal,Critical!!,Normal,Critical!!
2026-05-27 12:51:09.946028,68.31770667496227,0,3.865965870879183,0,Normal,Critical!!,Normal,Critical!!
2026-05-27 12:51:10.947610,68.19986052446073,0,3.9031783880933775,0,Normal,Critical!!,Normal,Critical!!
2026-05-27 12:51:11.949305,68.05276276418729,0,4.788376012341242,0,Normal,Critical!!,Normal,Critical!!
2026-05-27 12:51:12.950524,67.67874837919213,0,4.799191162236192,0,Normal,Critical!!,Normal,Critical!!
2026-05-27 12:51:13.952208,67.2318640613535,0,4.9811455582521,0,Normal,Critical!!,Normal,Critical!!
2026-05-27 12:51:14.953878,66.85942724929592,0,3.421131685365993,0,Normal,Critical!!,Warning,Critical!!
2026-05-27 12:51:15.955527,66.69129452937962,0,4.468491548076158,0,Normal,Critical!!,Normal,Critical!!
2026-05-27 12:51:16.957540,66.48027269834147,0,4.499458637281375,0,Normal,Critical!!,Normal,Critical!!
2026-05-27 12:51:17.959197,66.33454705017613,0,3.783401694812187,0,Normal,Critical!!,Normal,Critical!!
2026-05-27 12:51:18.960793,66.00764866540301,0,3.972623183101586,0,Normal,Critical!!,Normal,Critical!!
2026-05-27 12:51:19.962292,65.72468400817266,0,4.653674608303494,0,Normal,Critical!!,Normal,Critical!!
2026-05-27 12:51:20.963382,65.48072347125144,0,4.547370509847833,0,Normal,Critical!!,Normal,Critical!!
2026-05-27 12:51:21.964666,65.06899946405899,0,4.849435244245157,0,Normal,Critical!!,Normal,Critical!!
2026-05-27 12:51:22.966132,64.88972660294131,0,4.579194684566399,0,Normal,Critical!!,Normal,Critical!!
2026-05-27 12:51:23.967751,64.5872316347775,0,3.6660332345888733,0,Normal,Critical!!,Normal,Critical!!
2026-05-27 12:51:24.969264,64.33160210285843,0,4.894444529667684,0,Normal,Critical!!,Normal,Critical!!
2026-05-27 12:51:25.970781,63.944583502246104,0,4.511747952105375,0,Normal,Critical!!,Normal,Critical!!
2026-05-27 12:51:26.971640,63.78414859161278,0,4.273498914070389,0,Normal,Critical!!,Normal,Critical!!
2026-05-27 12:51:27.973241,63.57260447764378,0,4.712358789673701,0,Normal,Critical!!,Normal,Critical!!
2026-05-27 12:51:28.974507,63.252470251096845,0,4.304791353027586,0,Normal,Critical!!,Normal,Critical!!
2026-05-27 12:51:29.976042,63.14996931791157,0,3.967291215441056,0,Normal,Critical!!,Normal,Critical!!
2026-05-27 12:51:30.977769,62.77839831257349,0,3.897051502715547,0,Normal,Critical!!,Normal,Critical!!
2026-05-27 12:51:31.980002,62.409619169448575,0,3.4851640825870676,0,Normal,Critical!!,Warning,Critical!!
2026-05-27 12:51:32.981100,62.278678445108476,0,3.4768152278530984,0,Normal,Critical!!,Warning,Critical!!
2026-05-27 12:51:33.982604,62.072813478124786,0,4.963591765086983,0,Normal,Critical!!,Normal,Critical!!
2026-05-27 12:51:34.983994,61.587986240162934,0,3.4917344489502815,0,Normal,Critical!!,Warning,Critical!!
2026-05-27 12:51:35.985756,61.422069065063226,0,4.446459623602536,0,Normal,Critical!!,Normal,Critical!!
2026-05-27 12:51:36.986793,60.98132256960404,0,3.9757261294781396,0,Normal,Critical!!,Normal,Critical!!
2026-05-27 12:51:37.988218,60.81118712409358,0,4.714428297242299,0,Normal,Critical!!,Normal,Critical!!
2026-05-27 12:51:38.989758,60.70342852749599,0,4.660315045602403,0,Normal,Critical!!,Normal,Critical!!
2026-05-27 12:51:39.990964,60.56439569715691,0,4.230845413332272,0,Normal,Critical!!,Normal,Critical!!
2026-05-27 12:51:40.992179,60.16195815443853,0,3.8522998606716583,0,Normal,Critical!!,Normal,Critical!!
2026-05-27 12:51:41.993466,60.04444711151527,0,4.182973838376187,0,Normal,Critical!!,Normal,Critical!!
2026-05-27 12:51:42.995018,59.82437581066961,0,3.3649731681617285,0,Normal,Critical!!,Warning,Critical!!
2026-05-27 12:51:43.996248,59.35229446872288,0,4.023259966992969,0,Normal,Critical!!,Normal,Critical!!
2026-05-27 12:51:44.997375,58.8643179140077,0,3.4307316793363754,0,Normal,Critical!!,Warning,Critical!!
2026-05-27 12:51:45.998542,58.48223369300884,0,4.202325910423455,0,Normal,Critical!!,Normal,Critical!!
2026-05-27 12:51:46.999776,58.18520251753414,0,3.763945894410048,0,Normal,Critical!!,Normal,Critical!!
2026-05-27 12:51:48.001466,57.80008610198789,0,4.082959737107398,0,Normal,Critical!!,Normal,Critical!!
2026-05-27 12:51:49.003347,57.55588601712249,0,4.179852616999383,0,Normal,Critical!!,Normal,Critical!!
2026-05-27 12:51:50.005127,57.06437457773943,0,3.4987588196561568,0,Normal,Critical!!,Warning,Critical!!
2026-05-27 12:51:51.006881,56.92714012248404,0,3.445453292931475,0,Normal,Critical!!,Warning,Critical!!
2026-05-27 12:51:52.008320,56.653929639259374,0,4.95874221114351,0,Normal,Critical!!,Normal,Critical!!
2026-05-27 12:51:53.010839,56.28748501667911,0,3.9526955545598605,0,Normal,Critical!!,Normal,Critical!!
2026-05-27 12:51:54.012266,56.18619967584386,0,4.944672822062579,0,Normal,Critical!!,Normal,Critical!!
2026-05-27 12:51:55.013449,55.790647583459936,0,4.134110297298071,0,Normal,Critical!!,Normal,Critical!!
2026-05-27 12:51:56.014866,55.47879436179318,0,4.385200103164701,0,Normal,Critical!!,Normal,Critical!!
2026-05-27 12:51:57.016096,55.03026578986888,0,4.757456670847808,0,Normal,Critical!!,Normal,Critical!!
2026-05-27 12:51:58.017310,54.59694005415,0,3.509456149066527,0,Normal,Critical!!,Warning,Critical!!
2026-05-27 12:51:59.018794,54.23425705240711,0,3.5852019635545784,0,Normal,Critical!!,Warning,Critical!!
2026-05-27 12:52:00.020019,53.762446914646176,0,4.829581596775547,0,Normal,Critical!!,Normal,Critical!!
2026-05-27 12:52:01.021631,53.61517182933795,0,4.979705988094624,0,Normal,Critical!!,Normal,Critical!!
2026-05-27 12:52:02.023250,53.23388792359073,0,3.315625524966591,0,Normal,Critical!!,Warning,Critical!!
2026-05-27 12:52:03.024966,52.77327870104472,0,3.447662647951647,0,Normal,Critical!!,Warning,Critical!!
2026-05-27 12:52:04.026662,52.60318117932207,0,3.333653419184876,0,Normal,Critical!!,Warning,Critical!!
2026-05-27 12:52:05.027810,52.383586137247995,0,4.238751158399734,0,Normal,Critical!!,Normal,Critical!!
2026-05-27 12:52:06.029021,52.19279789561741,0,4.598336658382667,0,Normal,Critical!!,Normal,Critical!!
2026-05-27 12:52:07.030540,52.01140828384682,0,3.787703460879056,0,Normal,Critical!!,Normal,Critical!!
2026-05-27 12:52:08.032174,51.81254623142668,0,4.078036746391527,0,Normal,Critical!!,Normal,Critical!!
2026-05-27 12:52:09.033768,51.688683558820294,0,3.474130574958241,0,Normal,Critical!!,Warning,Critical!!
2026-05-27 12:52:10.035491,51.35060885693969,0,4.178802440796547,0,Normal,Critical!!,Normal,Critical!!
2026-05-27 12:52:11.037137,50.88894054496352,0,4.356625789892289,0,Normal,Critical!!,Normal,Critical!!
2026-05-27 12:52:12.038879,50.67185719339058,0,3.9730362207564176,0,Normal,Critical!!,Normal,Critical!!
2026-05-27 12:52:13.040350,50.24543660498632,0,3.385586228688865,0,Normal,Critical!!,Warning,Critical!!
2026-05-27 12:52:14.041391,49.849999736460134,0,4.2993685805693955,0,Normal,Critical!!,Normal,Critical!!
2026-05-27 12:52:15.042207,49.64992040405032,0,4.60814976855752,0,Normal,Critical!!,Normal,Critical!!
2026-05-27 12:52:16.043812,49.497904280462514,0,3.4544618561577196,0,Normal,Critical!!,Warning,Critical!!
2026-05-27 12:52:17.045068,49.28318304131899,0,3.6095506161097615,0,Normal,Critical!!,Normal,Critical!!
2026-05-27 12:52:18.046905,49.07797474677545,0,4.2726316728214355,0,Normal,Critical!!,Normal,Critical!!
2026-05-27 12:52:19.048542,48.72945375974906,0,3.5740370311959273,0,Normal,Critical!!,Warning,Critical!!
2026-05-27 12:52:20.049949,48.52599488034578,0,4.668306858492553,0,Normal,Critical!!,Normal,Critical!!
2026-05-27 12:52:21.051624,48.27310738237292,0,4.156096273497643,0,Normal,Critical!!,Normal,Critical!!
2026-05-27 12:52:22.053290,48.038033342675924,0,3.672501866093471,0,Normal,Critical!!,Normal,Critical!!
2026-05-27 12:52:23.054834,47.7942658036453,0,3.38974592768149,0,Normal,Critical!!,Warning,Critical!!
2026-05-27 12:52:24.056160,47.40057463125683,0,3.966333768915323,0,Normal,Critical!!,Normal,Critical!!
2026-05-27 12:52:25.057913,47.14850111119985,0,4.541647335304456,0,Normal,Critical!!,Normal,Critical!!
2026-05-27 12:52:26.059475,46.65982845761809,0,4.892304962252379,0,Normal,Critical!!,Normal,Critical!!
2026-05-27 12:52:27.061023,46.19582375736684,0,4.378813351613662,0,Normal,Critical!!,Normal,Critical!!
2026-05-27 12:52:28.062302,45.71884232394587,0,3.690638623562954,0,Normal,Critical!!,Normal,Critical!!
2026-05-27 12:52:29.063721,45.512562481047546,0,4.775951668226313,0,Normal,Critical!!,Normal,Critical!!
2026-05-27 12:52:30.065168,45.35477629313056,0,4.294416401685423,0,Normal,Critical!!,Normal,Critical!!
2026-05-27 12:52:31.066641,44.93387216444996,0,4.097698994506126,0,Normal,Critical!!,Normal,Critical!!
2026-05-27 12:52:32.068258,44.74605773025546,0,4.799731174548576,0,Normal,Critical!!,Normal,Critical!!
2026-05-27 12:52:34.305412,44.25112745300376,0,4.92340267401689,0,Normal,Critical!!,Normal,Critical!!
2026-05-27 12:52:35.307338,44.13486484692144,0,3.904607720720769,0,Normal,Critical!!,Normal,Critical!!
2026-05-27 12:52:36.309516,43.868336115909585,0,4.246362347418943,0,Normal,Critical!!,Normal,Critical!!
2026-05-27 12:52:37.310517,43.585743717577394,0,4.894602973355378,0,Normal,Critical!!,Normal,Critical!!
2026-05-27 12:52:38.311596,43.320180249109676,0,4.566715440093957,0,Normal,Critical!!,Normal,Critical!!
2026-05-27 12:52:39.313131,43.12149132508012,0,3.9032009967021923,0,Normal,Critical!!,Normal,Critical!!
2026-05-27 12:52:40.314241,42.95258564800015,0,4.061389353878363,0,Normal,Critical!!,Normal,Critical!!
2026-05-27 12:52:41.315790,42.626994949492975,0,3.649799078337877,0,Normal,Critical!!,Normal,Critical!!
2026-05-27 12:52:42.317080,42.43443936765191,0,3.7949996112233637,0,Normal,Critical!!,Normal,Critical!!
2026-05-27 12:52:43.318729,41.992641072955884,0,4.1377264550414905,0,Normal,Critical!!,Normal,Critical!!
2026-05-27 12:52:44.911581,41.64816575981474,0,3.8009565514345667,0,Normal,Critical!!,Normal,Critical!!
2026-05-27 12:52:45.912985,41.483173548538176,0,3.8096892755963676,0,Normal,Critical!!,Normal,Critical!!
2026-05-27 12:52:46.914742,41.143330616009344,0,4.7983774728859085,0,Normal,Critical!!,Normal,Critical!!
2026-05-27 12:52:47.915965,40.66028140987005,0,4.019044961251379,0,Normal,Critical!!,Normal,Critical!!
2026-05-27 12:52:48.917511,40.54712049686528,0,3.593873709774791,0,Normal,Critical!!,Warning,Critical!!
2026-05-27 12:52:49.918567,40.23866143148052,0,4.465409523031008,0,Normal,Critical!!,Normal,Critical!!
2026-05-27 12:52:50.920139,39.891077560820776,0,4.3803247555708715,0,Normal,Critical!!,Normal,Critical!!
2026-05-27 12:52:51.921814,39.44495532568485,0,3.9765693767217294,0,Normal,Critical!!,Normal,Critical!!
2026-05-27 12:52:52.923273,39.32205602061274,0,4.112067691958058,0,Normal,Critical!!,Normal,Critical!!
2026-05-27 12:52:53.924623,39.07449851570351,0,3.3822020970365987,0,Normal,Critical!!,Warning,Critical!!
2026-05-27 12:52:54.925858,38.686567928026186,0,3.804794614449057,0,Normal,Critical!!,Normal,Critical!!
2026-05-27 12:52:55.927257,38.30105571063859,0,4.244363603497012,0,Normal,Critical!!,Normal,Critical!!
2026-05-27 12:52:56.928427,37.8987263622109,0,4.235697919698158,0,Normal,Critical!!,Normal,Critical!!
2026-05-27 12:52:57.929827,37.55336145227906,0,4.566088879423847,0,Normal,Critical!!,Normal,Critical!!
2026-05-27 12:52:58.931424,37.143552966338376,0,3.4068532456258267,0,Normal,Critical!!,Warning,Critical!!
2026-05-27 12:52:59.932749,37.03474321856878,0,3.746184323445654,0,Normal,Critical!!,Normal,Critical!!
2026-05-27 12:53:00.933989,36.835795124213874,0,4.276816908781427,0,Normal,Critical!!,Normal,Critical!!
2026-05-27 12:53:01.935182,36.52121394049603,0,4.451405792183383,0,Normal,Critical!!,Normal,Critical!!
2026-05-27 12:53:02.936799,36.33820160664574,0,3.434781510406385,0,Normal,Critical!!,Warning,Critical!!
2026-05-27 12:53:03.938208,36.16191851540543,0,4.27896530769778,0,Normal,Critical!!,Normal,Critical!!
2026-05-27 12:53:04.939372,35.816368080766075,0,4.946351032002511,0,Normal,Critical!!,Normal,Critical!!
2026-05-27 12:53:05.940272,35.351112627531904,0,4.459973813755847,0,Normal,Critical!!,Normal,Critical!!
2026-05-27 12:53:06.941839,34.97556295914774,0,3.8384741534835074,0,Normal,Critical!!,Normal,Critical!!
2026-05-27 12:53:07.942977,34.53162256795748,0,3.3101545251164217,0,Normal,Critical!!,Warning,Critical!!
2026-05-27 12:53:08.944283,34.408244745829805,0,4.212370927718683,0,Normal,Critical!!,Normal,Critical!!
2026-05-27 12:53:09.945472,33.961757568369826,0,3.79916461893291,0,Normal,Critical!!,Normal,Critical!!
2026-05-27 12:53:10.947016,33.836172181418384,0,4.536725510588927,0,Normal,Critical!!,Normal,Critical!!
2026-05-27 12:53:11.948841,33.632632848580506,0,3.748992345348198,0,Normal,Critical!!,Normal,Critical!!
2026-05-27 12:53:12.950309,33.160846273222134,0,4.204300720950922,0,Normal,Critical!!,Normal,Critical!!
2026-05-27 12:53:13.951622,32.92819824950166,0,4.167780718381211,0,Normal,Critical!!,Normal,Critical!!
2026-05-27 12:53:14.953021,32.57490069745152,0,4.00315324617561,0,Normal,Critical!!,Normal,Critical!!
2026-05-27 12:53:15.954305,32.090474939862766,0,4.750940450030512,0,Normal,Critical!!,Normal,Critical!!
2026-05-27 12:53:16.955831,31.83599255925071,0,3.4610691108339022,0,Normal,Critical!!,Warning,Critical!!
2026-05-27 12:53:17.957320,31.464338461558,0,4.341395988551307,0,Normal,Critical!!,Normal,Critical!!
2026-05-27 12:53:18.959072,31.12872067084725,0,3.5274589625897654,0,Normal,Critical!!,Warning,Critical!!
2026-05-27 12:53:19.960091,30.683909189265524,0,3.73758041763195,0,Normal,Critical!!,Normal,Critical!!
2026-05-27 12:53:20.964469,30.415030768470416,0,4.026607304644913,0,Normal,Critical!!,Normal,Critical!!
2026-05-27 12:53:21.965991,30.1337885183211,0,3.9536063445828824,0,Normal,Critical!!,Normal,Critical!!
2026-05-27 12:53:22.967238,29.786989454850705,0,3.932480868810501,0,Normal,Critical!!,Normal,Critical!!
2026-05-27 12:53:23.968564,29.297455348379945,0,3.8208010902842187,0,Normal,Critical!!,Normal,Critical!!
2026-05-27 12:53:24.969824,28.830247686007834,0,3.7153508594719074,0,Normal,Critical!!,Normal,Critical!!
2026-05-27 12:53:25.971068,28.481048371640636,0,3.530517907426628,0,Normal,Critical!!,Warning,Critical!!
2026-05-27 12:53:26.972871,28.34823239214072,0,4.708018241271101,0,Normal,Critical!!,Normal,Critical!!
2026-05-27 12:53:27.974219,27.870523944360233,0,3.864268202325505,0,Normal,Critical!!,Normal,Critical!!
2026-05-27 12:53:28.975603,27.66021810983716,0,4.552032708477387,0,Normal,Critical!!,Normal,Critical!!
2026-05-27 12:53:29.976960,27.284334477151063,0,3.861767900300268,0,Normal,Critical!!,Normal,Critical!!
2026-05-27 12:53:30.977817,27.00328660981868,0,3.8241309584579106,0,Normal,Critical!!,Normal,Critical!!
2026-05-27 12:53:31.978751,26.827206120622925,0,4.55319064883979,0,Normal,Critical!!,Normal,Critical!!
2026-05-27 12:53:32.980055,26.363468173829734,0,4.661598622244531,0,Normal,Critical!!,Normal,Critical!!
2026-05-27 12:53:33.981899,25.933346922514012,0,4.706598965698985,0,Normal,Critical!!,Normal,Critical!!
2026-05-27 12:53:34.983221,25.4948732541461,0,3.3869081623859056,0,Normal,Critical!!,Warning,Critical!!
2026-05-27 12:53:35.984548,25.1177253443617,0,4.751373488921337,0,Normal,Critical!!,Normal,Critical!!
2026-05-27 12:53:36.986022,24.93659876023929,0,3.397273936450981,0,Normal,Critical!!,Warning,Critical!!
2026-05-27 12:53:37.987405,24.59348569324342,0,4.535100895397715,0,Normal,Critical!!,Normal,Critical!!
2026-05-27 12:53:38.988652,24.32258936394093,0,3.417259958507037,0,Normal,Critical!!,Warning,Critical!!
2026-05-27 12:53:39.990285,24.22062909062966,0,4.9222764117889435,0,Normal,Critical!!,Normal,Critical!!
2026-05-27 12:53:40.991583,24.057559323354962,0,4.452109960694182,0,Normal,Critical!!,Normal,Critical!!
2026-05-27 12:53:41.992899,23.647280284018766,0,3.816324380790376,0,Normal,Critical!!,Normal,Critical!!
2026-05-27 12:53:42.994478,23.332124218129028,0,4.557437695841513,0,Normal,Critical!!,Normal,Critical!!
2026-05-27 12:53:43.995832,22.95939803891135,0,4.983681668652445,0,Normal,Critical!!,Normal,Critical!!
2026-05-27 12:53:44.997209,22.751250370325227,0,4.7676037867166485,0,Normal,Critical!!,Normal,Critical!!
2026-05-27 12:53:45.998856,22.61507863170167,0,4.51215423972588,0,Normal,Critical!!,Normal,Critical!!
2026-05-27 12:53:47.000179,22.215253662743336,0,4.386049576167839,0,Normal,Critical!!,Normal,Critical!!
2026-05-27 12:53:48.001741,21.938805600518776,0,4.302133557135004,0,Normal,Critical!!,Normal,Critical!!
2026-05-27 12:53:49.003820,21.66799862799,0,3.965703801490257,0,Normal,Critical!!,Normal,Critical!!
2026-05-27 12:53:50.005562,21.223489012944253,0,4.592025221671518,0,Normal,Critical!!,Normal,Critical!!
2026-05-27 12:53:51.006954,20.821670835734896,0,4.688371959950754,0,Normal,Critical!!,Normal,Critical!!
2026-05-27 12:53:52.008516,20.511121890323917,0,4.227836665268165,0,Normal,Critical!!,Normal,Critical!!
2026-05-27 12:53:53.009933,20.216053041268516,0,3.5321487178964808,0,Normal,Critical!!,Warning,Critical!!
2026-05-27 12:53:54.011191,19.84265230029708,0,4.519715365364276,0,Normal,Critical!!,Normal,Critical!!
2026-05-27 12:53:55.012544,20.084416773041443,0,4.634304588593415,0,Normal,Critical!!,Normal,Critical!!
2026-05-27 12:53:56.014138,20.301677949842787,0,3.972987310472405,0,Normal,Critical!!,Normal,Critical!!
2026-05-27 12:53:57.015630,20.770139689749954,0,3.7283266820219696,0,Normal,Critical!!,Normal,Critical!!
2026-05-27 12:53:58.017116,21.123206242072463,0,3.8385582346353053,0,Normal,Critical!!,Normal,Critical!!
2026-05-27 12:53:59.018398,21.3830519381273,0,4.562504018715074,0,Normal,Critical!!,Normal,Critical!!
2026-05-27 12:54:00.019746,21.71173225264121,0,4.181566607028429,0,Normal,Critical!!,Normal,Critical!!
2026-05-27 12:54:01.020997,22.191438287891593,0,4.245129448580723,0,Normal,Critical!!,Normal,Critical!!
2026-05-27 12:54:02.022223,22.462930320558137,0,4.164950353374882,0,Normal,Critical!!,Normal,Critical!!
2026-05-27 12:54:03.023957,22.655884593492527,0,4.4757130035412604,0,Normal,Critical!!,Normal,Critical!!
2026-05-27 12:54:04.024916,22.82121728665455,0,4.965891760986501,0,Normal,Critical!!,Normal,Critical!!
2026-05-27 12:54:05.026437,23.08099361060363,0,4.014917457643165,0,Normal,Critical!!,Normal,Critical!!
2026-05-27 12:54:06.027786,23.46649262748235,0,4.91792500861216,0,Normal,Critical!!,Normal,Critical!!
2026-05-27 12:54:07.029485,23.86720662334655,0,4.477982934986644,0,Normal,Critical!!,Normal,Critical!!
2026-05-27 12:54:08.031155,24.221834188433863,0,3.9473119415069253,0,Normal,Critical!!,Normal,Critical!!
2026-05-27 12:54:09.032328,24.7139203310309,0,3.6991201226970016,0,Normal,Critical!!,Normal,Critical!!
2026-05-27 12:54:10.034384,24.841030281710548,0,4.369231567572398,0,Normal,Critical!!,Normal,Critical!!
2026-05-27 12:54:11.035958,25.106763998544682,0,4.703560380424194,0,Normal,Critical!!,Normal,Critical!!
2026-05-27 12:54:12.037838,25.396740363155647,0,3.560128357066918,0,Normal,Critical!!,Warning,Critical!!
2026-05-27 12:54:13.039614,25.871064821550046,0,4.685242676667203,0,Normal,Critical!!,Normal,Critical!!
2026-05-27 12:54:14.041319,26.207245185831027,0,3.4892743421968024,0,Normal,Critical!!,Warning,Critical!!
2026-05-27 12:54:15.042905,26.705883133621924,0,3.544809445554142,0,Normal,Critical!!,Warning,Critical!!
2026-05-27 12:54:16.043853,27.13068375515628,0,3.339251660035055,0,Normal,Critical!!,Warning,Critical!!
2026-05-27 12:54:17.045252,27.258054140685363,0,4.381255384475918,0,Normal,Critical!!,Normal,Critical!!
2026-05-27 12:54:18.047139,27.70614659433619,0,3.421704977132622,0,Normal,Critical!!,Warning,Critical!!
2026-05-27 12:54:19.049152,27.947105101387606,0,3.8448356625754108,0,Normal,Critical!!,Normal,Critical!!
2026-05-27 12:54:20.050842,28.048721298489752,0,4.192061565525702,0,Normal,Critical!!,Normal,Critical!!
2026-05-27 12:54:21.052745,28.26415622426505,0,3.310978930844274,0,Normal,Critical!!,Warning,Critical!!
2026-05-27 12:54:22.055323,28.512386482435467,0,4.00625003923683,0,Normal,Critical!!,Normal,Critical!!
2026-05-27 12:54:23.057628,28.986894260217387,0,4.024765076824281,0,Normal,Critical!!,Normal,Critical!!
2026-05-27 12:54:24.058989,29.102248349427466,0,4.065288986391636,0,Normal,Critical!!,Normal,Critical!!
2026-05-27 12:54:25.060082,29.20449910617479,0,4.649196023258375,0,Normal,Critical!!,Normal,Critical!!
2026-05-27 12:54:26.062095,29.579905895913118,0,4.140555023078222,0,Normal,Critical!!,Normal,Critical!!
2026-05-27 12:54:27.064552,29.68280579453369,0,4.425031457371473,0,Normal,Critical!!,Normal,Critical!!
2026-05-27 12:54:28.066331,30.062461041130465,0,3.385214393304509,0,Normal,Critical!!,Warning,Critical!!
2026-05-27 12:54:29.067778,30.553184869505376,0,4.45460373979222,0,Normal,Critical!!,Normal,Critical!!
2026-05-27 12:54:30.069188,30.707948823320113,0,3.6689815318965846,0,Normal,Critical!!,Normal,Critical!!
2026-05-27 12:54:31.071111,30.848707603567117,0,4.778959014875021,0,Normal,Critical!!,Normal,Critical!!
2026-05-27 12:54:32.072699,31.215189811130873,0,3.528809145596096,0,Normal,Critical!!,Warning,Critical!!
2026-05-27 12:54:33.073858,31.494757705220835,0,4.764364456093638,0,Normal,Critical!!,Normal,Critical!!
2026-05-27 12:54:34.075237,31.854370955933952,0,4.032306042586811,0,Normal,Critical!!,Normal,Critical!!
2026-05-27 12:54:35.076359,32.10232812378374,0,3.8353897555302607,0,Normal,Critical!!,Normal,Critical!!
2026-05-27 12:54:36.077917,32.47529387802129,0,3.3425004826751414,0,Normal,Critical!!,Warning,Critical!!
2026-05-27 12:54:37.079440,32.779569864319484,0,4.467232657449838,0,Normal,Critical!!,Normal,Critical!!
2026-05-27 12:54:38.080595,33.21021178247492,0,4.0111712563169615,0,Normal,Critical!!,Normal,Critical!!
2026-05-27 12:54:39.082251,33.565134481517134,0,4.497228064936538,0,Normal,Critical!!,Normal,Critical!!
2026-05-27 12:54:40.083395,33.854929543549424,0,4.7547972757524155,0,Normal,Critical!!,Normal,Critical!!
2026-05-27 12:54:41.085703,34.284575261098645,0,4.666306897177266,0,Normal,Critical!!,Normal,Critical!!
2026-05-27 12:54:42.087287,34.765398857935025,0,3.597344498271881,0,Normal,Critical!!,Warning,Critical!!
2026-05-27 12:54:43.088917,35.011599374569094,0,3.66571850443991,0,Normal,Critical!!,Normal,Critical!!
2026-05-27 12:54:44.091061,35.254751314239726,0,4.245695702428619,0,Normal,Critical!!,Normal,Critical!!
2026-05-27 12:54:45.092713,35.4136271829368,0,3.6860912496642406,0,Normal,Critical!!,Normal,Critical!!
2026-05-27 12:54:46.094336,35.62300342494714,0,4.617504831023806,0,Normal,Critical!!,Normal,Critical!!
2026-05-27 12:54:47.096395,35.92248511671875,0,4.703746056033536,0,Normal,Critical!!,Normal,Critical!!
2026-05-27 12:54:48.098322,36.24422302428424,0,4.271925947183897,0,Normal,Critical!!,Normal,Critical!!
2026-05-27 12:54:49.099965,36.594822944994036,0,4.627730377105667,0,Normal,Critical!!,Normal,Critical!!
2026-05-27 12:54:50.101968,37.08812571652662,0,3.584205376926528,0,Normal,Critical!!,Warning,Critical!!
2026-05-27 12:54:51.103452,37.45025162803444,0,4.567348669818019,0,Normal,Critical!!,Normal,Critical!!
2026-05-27 12:54:52.104937,37.92790760169809,0,3.349674745989436,0,Normal,Critical!!,Warning,Critical!!
2026-05-27 12:54:53.106574,38.27056667516474,0,3.707984562736699,0,Normal,Critical!!,Normal,Critical!!
2026-05-27 12:54:54.108482,38.42354673471062,0,4.183160661702031,0,Normal,Critical!!,Normal,Critical!!
2026-05-27 12:54:55.110381,38.903240894877754,0,3.340231026173924,0,Normal,Critical!!,Warning,Critical!!
2026-05-27 12:54:56.112376,39.13668085774814,0,3.9285770616007794,0,Normal,Critical!!,Normal,Critical!!
2026-05-27 12:54:57.114452,39.443865940226985,0,3.9531936689824616,0,Normal,Critical!!,Normal,Critical!!
2026-05-27 12:54:58.116397,39.70826347162763,0,3.7852892037644787,0,Normal,Critical!!,Normal,Critical!!
2026-05-27 12:54:59.118266,40.01827365899965,0,4.216217108625342,0,Normal,Critical!!,Normal,Critical!!
2026-05-27 12:55:00.119999,40.39442870717557,0,3.865592852353241,0,Normal,Critical!!,Normal,Critical!!
2026-05-27 12:55:01.121383,40.72452203840165,0,4.606182207307529,0,Normal,Critical!!,Normal,Critical!!
2026-05-27 12:55:02.123062,41.16172377387059,0,4.5201094039292204,0,Normal,Critical!!,Normal,Critical!!
2026-05-27 12:55:03.124390,41.28659156100611,0,3.612549552565211,0,Normal,Critical!!,Normal,Critical!!
2026-05-27 12:55:04.126144,41.73990422114863,0,3.7874474370615054,0,Normal,Critical!!,Normal,Critical!!
2026-05-27 12:55:05.127284,41.893852471577006,0,4.235959100524742,0,Normal,Critical!!,Normal,Critical!!
2026-05-27 12:55:06.128763,42.216175441311016,0,3.8528940814017747,0,Normal,Critical!!,Normal,Critical!!
2026-05-27 12:55:07.130426,42.581386443209226,0,4.978460935136853,0,Normal,Critical!!,Normal,Critical!!
2026-05-27 12:55:08.131927,42.808078347366504,0,4.628399727640181,0,Normal,Critical!!,Normal,Critical!!
2026-05-27 12:55:09.133118,43.294914646704534,0,4.210141526229998,0,Normal,Critical!!,Normal,Critical!!
2026-05-27 12:55:10.134640,43.6219166866406,0,4.9682856585453665,0,Normal,Critical!!,Normal,Critical!!
2026-05-27 12:55:11.136294,44.087252091410576,0,4.6837194255694605,0,Normal,Critical!!,Normal,Critical!!
2026-05-27 12:55:12.137961,44.200404822763865,0,3.8229312686906862,0,Normal,Critical!!,Normal,Critical!!
2026-05-27 12:55:13.139349,44.3773795922618,0,4.335341564529862,0,Normal,Critical!!,Normal,Critical!!
2026-05-27 12:55:14.140702,44.74917460418402,0,4.728532079069078,0,Normal,Critical!!,Normal,Critical!!
2026-05-27 12:55:15.142122,44.920982311332374,0,4.096429175357901,0,Normal,Critical!!,Normal,Critical!!
2026-05-27 12:55:16.143552,45.198030567559336,0,4.816433135334511,0,Normal,Critical!!,Normal,Critical!!
2026-05-27 12:55:17.144786,45.65037716193582,0,3.801784240772757,0,Normal,Critical!!,Normal,Critical!!
2026-05-27 12:55:18.146324,45.80209862946087,0,4.725681573717291,0,Normal,Critical!!,Normal,Critical!!
2026-05-27 12:55:19.148106,46.01388135484859,0,3.7159957522213873,0,Normal,Critical!!,Normal,Critical!!
2026-05-27 12:55:20.149680,46.15001672279518,0,4.451602571306631,0,Normal,Critical!!,Normal,Critical!!
2026-05-27 12:55:21.151525,46.31528532295224,0,4.054902627709895,0,Normal,Critical!!,Normal,Critical!!
2026-05-27 12:55:22.153136,46.623393392588774,0,4.595755304572097,0,Normal,Critical!!,Normal,Critical!!
2026-05-27 12:56:38.665951,97.82959993374075,99.68602246534472,4.263798938552357,99.9222831653209,Critical,Normal,Normal,Normal
2026-05-27 12:56:39.677691,92.25489719557453,99.37962124044371,4.306988189031336,99.87216772682847,Critical,Normal,Normal,Normal
2026-05-27 12:56:40.679419,94.27043401040171,99.22694039543393,4.531745936199975,99.7670559825868,Critical,Normal,Normal,Normal
2026-05-27 12:56:41.680919,90.59557072365145,98.78764854517189,4.157674309229351,99.66494317724356,Critical,Normal,Normal,Normal
2026-05-27 12:56:42.682364,96.7573323000247,98.28803361445186,4.808441473103901,99.47187897452721,Critical,Normal,Normal,Normal
2026-05-27 12:56:43.684227,98.02213344911053,97.896299844478,4.7417293732860415,99.40179335740424,Critical,Normal,Normal,Normal
2026-05-27 12:56:44.685763,90.85133703659636,97.5896534054901,4.912086676774823,99.24767709792413,Critical,Normal,Normal,Normal
2026-05-27 12:56:45.687611,90.3067024848915,97.10146061281138,4.485483245811346,99.13282904907918,Critical,Normal,Normal,Normal
2026-05-27 12:56:46.688802,91.58165514541872,96.9601509280587,4.034093002231615,99.06341570476864,Critical,Normal,Normal,Normal
2026-05-27 12:56:47.690518,97.80268907743911,96.73827464177089,4.877046834085911,98.93378336496359,Critical,Normal,Normal,Normal
2026-05-27 12:56:48.692309,92.7021731599226,96.48528919079665,4.0797745945751425,98.85727708140655,Critical,Normal,Normal,Normal
2026-05-27 12:56:49.694053,93.36947368536858,96.12299809048166,4.608288667629731,98.7242183216598,Critical,Normal,Normal,Normal
2026-05-27 12:56:50.695581,92.63554863629881,95.97235020294207,4.500293303099151,98.63823654134266,Critical,Normal,Normal,Normal
2026-05-27 12:56:51.697430,94.76467859727528,95.48696331006425,4.970502480704204,98.50298494311211,Critical,Normal,Normal,Normal
2026-05-27 12:56:52.699085,95.05405659191324,95.0738382735617,4.975460955264976,98.32227904085134,Critical,Normal,Normal,Normal
2026-05-27 12:56:53.700283,93.82760152552093,94.80035166499576,4.664211265924068,98.19466879113935,Critical,Normal,Normal,Normal
2026-05-27 12:56:54.701516,93.34419097553231,94.3966378237472,3.8918795211324775,98.08102672028656,Critical,Normal,Normal,Normal
2026-05-27 12:56:55.703696,94.32618532593452,94.10325854796164,4.166667430876958,97.88885099640281,Critical,Normal,Normal,Normal
2026-05-27 12:56:56.705870,99.29709099851398,93.6328687762531,4.690000244854699,97.7179658033068,Critical,Normal,Normal,Normal
2026-05-27 12:56:57.707691,99.38124611590422,93.40874473512399,4.377055237333875,97.62419842617498,Critical,Normal,Normal,Normal
2026-05-27 12:56:58.709937,99.19194595919156,93.02686134923904,3.9428686771924046,97.5453729042304,Critical,Normal,Normal,Normal
2026-05-27 12:56:59.711875,90.40479266936347,92.84684328313514,4.55418962965417,97.38177264396221,Critical,Normal,Normal,Normal
2026-05-27 12:57:00.714038,97.62294598290242,92.65608713777453,4.16242319510167,97.29069786073691,Critical,Normal,Normal,Normal
2026-05-27 12:57:01.716962,91.62579972330316,92.47867179813339,3.9031251880366926,97.09177180353915,Critical,Normal,Normal,Normal
2026-05-27 12:57:02.719691,91.89429127100111,92.34549961616023,4.11948429986928,96.89458211874127,Critical,Normal,Normal,Normal
2026-05-27 12:57:03.722045,90.58086620902802,92.01488321613857,4.178149805731257,96.793290308098,Critical,Normal,Normal,Normal
2026-05-27 12:57:04.723855,98.90161847861437,91.79992355723007,4.4915923628096355,96.73201218774686,Critical,Normal,Normal,Normal
2026-05-27 12:57:05.725835,98.19503249654153,91.30426634832195,4.6058510355621065,96.6505148927962,Critical,Normal,Normal,Normal
2026-05-27 12:57:06.728205,95.8723022755909,90.86399439278617,4.311958797858238,96.5733277341872,Critical,Normal,Normal,Normal
2026-05-27 12:57:07.730221,91.17123516828698,90.37070657112933,4.524355322422452,96.47881343770962,Critical,Normal,Normal,Normal
2026-05-27 12:57:08.732540,94.91233779264205,89.97770536272745,4.270545986952018,96.28812844519535,Critical,Normal,Normal,Normal
2026-05-27 12:57:09.734242,93.73958696824195,89.62732171305083,4.8767204245388065,96.22630392105594,Critical,Normal,Normal,Normal
2026-05-27 12:57:10.735851,99.42098407036411,89.4456665564363,3.8108770715564204,96.08281242127626,Critical,Normal,Normal,Normal
2026-05-27 12:57:12.306559,99.95357147839773,89.00615796089586,3.989883769450186,95.94881768319408,Critical,Normal,Normal,Normal
2026-05-27 12:57:13.308140,97.3699278950295,88.83046253081682,3.9763094384011834,95.88981801416499,Critical,Normal,Normal,Normal
2026-05-27 12:57:14.309771,98.6720217139627,88.5972779181948,4.512522788279995,95.8364833490575,Critical,Normal,Normal,Normal
2026-05-27 12:57:15.311598,96.98968795067462,88.42263532422074,4.435487784580243,95.69236436720605,Critical,Normal,Normal,Normal
2026-05-27 12:57:16.313537,98.82072698368819,87.97397221245637,4.243557812312684,95.60054674399154,Critical,Normal,Normal,Normal
2026-05-27 12:57:17.315694,93.60013674117823,87.55334083525196,4.949864678210765,95.43251742291524,Critical,Normal,Normal,Normal
2026-05-27 12:57:18.317046,93.04569574201591,87.26983880615147,4.7543340821029165,95.23566668063853,Critical,Normal,Normal,Normal
2026-05-27 12:57:19.318454,98.46272309890051,87.14534185690292,4.899311332359719,95.0381683840663,Critical,Normal,Normal,Normal
2026-05-27 12:57:20.319882,90.05371722805283,86.92555819794217,3.9549559861657233,94.86657034084772,Critical,Normal,Normal,Normal
2026-05-27 12:57:21.321592,97.95136646609463,86.53142801096295,3.9302994836520897,94.67209070497009,Critical,Normal,Normal,Normal
2026-05-27 12:57:22.322858,92.8534678357997,86.03968954294656,3.9508132998693255,94.57984485669074,Critical,Normal,Normal,Normal
2026-05-27 12:57:23.323976,97.53954757398178,85.85056980054334,4.1247444461058675,94.47325870901825,Critical,Normal,Normal,Normal
2026-05-27 12:57:24.325551,90.37654400463066,85.50040914669536,3.9177573989576304,94.33912548387437,Critical,Normal,Normal,Normal
2026-05-27 12:57:57.930256,20.129202020323397,6.902924569823687,3.8622885493508656,99.8066799830219,Normal,Critical!!,Normal,Normal
2026-05-27 12:57:58.932777,20.47320439930259,5.911127450193142,3.2403787137626296,99.74795993020773,Normal,Critical!!,Critical!!,Normal
2026-05-27 12:57:59.934826,20.84296890217213,1.0435305929070626,3.1106645962776187,99.63925606607862,Normal,Critical!!,Critical!!,Normal
2026-05-27 12:58:00.936446,20.952002847390254,9.20514593452161,3.123044328584032,99.53486358224984,Normal,Critical!!,Critical!!,Normal
2026-05-27 12:58:01.938437,21.33812433223792,1.0040215715258016,3.127529295562145,99.4085431147154,Normal,Critical!!,Critical!!,Normal
2026-05-27 12:58:02.942036,21.442466755388747,6.007528250980428,3.2414025035625134,99.22923855641142,Normal,Critical!!,Critical!!,Normal
2026-05-27 12:58:03.945187,21.902375884334365,0.9722781459375407,3.1191924187241926,99.16935393348938,Normal,Critical!!,Critical!!,Normal
2026-05-27 12:58:04.949781,22.107464466144734,3.458307751370735,3.0426301317966704,98.9877124973584,Normal,Critical!!,Critical!!,Normal
2026-05-27 12:58:05.951883,22.410143815070917,0.09958531578594054,3.023006884995873,98.93304307083653,Normal,Critical!!,Critical!!,Normal
2026-05-27 12:58:06.953799,22.859291326250474,5.587937682493237,3.2127052441353245,98.87390486026612,Normal,Critical!!,Critical!!,Normal
2026-05-27 12:58:07.957465,23.238612710095566,5.492549836982655,3.0148236567173243,98.72586523531467,Normal,Critical!!,Critical!!,Normal
2026-05-27 12:58:08.960430,23.382145358107167,6.62804177398569,3.187585902847474,98.59949829399902,Normal,Critical!!,Critical!!,Normal
2026-05-27 12:58:09.963807,23.831068468195173,6.587620434657524,3.2023919047484584,98.43543195824807,Normal,Critical!!,Critical!!,Normal
2026-05-27 12:58:10.966499,23.97170103981004,7.524447128662986,3.061908277123234,98.24513618052795,Normal,Critical!!,Critical!!,Normal
2026-05-27 12:58:11.971405,24.368265797441534,9.06173885365945,3.1366878986594933,98.14056643089513,Normal,Critical!!,Critical!!,Normal
2026-05-27 12:58:12.974071,24.611985609347396,7.3921802896240205,3.157375349233066,98.06420698704504,Normal,Critical!!,Critical!!,Normal
2026-05-27 12:58:13.976431,24.915825485154336,5.393094205583861,3.155191354357651,97.88037839444031,Normal,Critical!!,Critical!!,Normal
2026-05-27 12:58:14.979079,25.348693294715698,2.2449411624573967,3.090161122790594,97.71678974907732,Normal,Critical!!,Critical!!,Normal
2026-05-27 12:58:15.982472,25.483664184863013,0.3532690594668686,3.0103779934863963,97.61439754257972,Normal,Critical!!,Critical!!,Normal
2026-05-27 12:58:16.985634,25.62308250507737,1.9894925103418026,3.2896008667665213,97.5287605999924,Normal,Critical!!,Critical!!,Normal
2026-05-27 12:58:17.987794,26.085813838446537,4.170859467882977,3.168820069137788,97.36947778382995,Normal,Critical!!,Critical!!,Normal
2026-05-27 12:58:18.989665,26.426891006469077,2.4160151244420423,3.210539775696378,97.28236133298395,Normal,Critical!!,Critical!!,Normal
2026-05-27 12:58:19.992113,26.642298821065225,6.730104239753625,3.017554734466675,97.12081462524296,Normal,Critical!!,Critical!!,Normal
2026-05-27 12:58:20.994038,27.13966404395573,4.4042764741621365,3.2966616665085287,97.06491191994088,Normal,Critical!!,Critical!!,Normal
2026-05-27 12:58:21.996806,27.310522755112427,2.3482361631509985,3.2577049292962865,96.94766316165342,Normal,Critical!!,Critical!!,Normal
2026-05-27 12:58:23.000319,27.42547332737755,9.295242881709417,3.0433069502785797,96.79656612503824,Normal,Critical!!,Critical!!,Normal
2026-05-27 12:58:24.003193,27.91364699633666,1.6040048726788447,3.0954592141498307,96.6943675793721,Normal,Critical!!,Critical!!,Normal
2026-05-27 12:58:25.005707,28.255052212009165,8.402855496145147,3.142760446287623,96.56132739057323,Normal,Critical!!,Critical!!,Normal
2026-05-27 12:58:26.007737,28.37630301975636,1.1736985304043868,3.012948773427263,96.4825163184478,Normal,Critical!!,Critical!!,Normal
2026-05-27 12:58:27.009426,28.828121800647526,8.768059740223308,3.217954470765649,96.2837229256573,Normal,Critical!!,Critical!!,Normal
2026-05-27 12:58:28.011234,29.279132220570283,3.9586498526026492,3.293089112677168,96.21509826484896,Normal,Critical!!,Critical!!,Normal
2026-05-27 12:58:29.013409,29.5999336707758,0.6545547962146658,3.1667251246648838,96.08633311566608,Normal,Critical!!,Critical!!,Normal
2026-05-27 12:58:30.014832,30.02894651411083,1.5738840427512935,3.038083865435113,96.0193528616065,Normal,Critical!!,Critical!!,Normal
2026-05-27 12:58:31.016865,30.27642558629465,6.198035308759957,3.2618249696614585,95.87947402102463,Normal,Critical!!,Critical!!,Normal
2026-05-27 12:58:32.019119,30.706592099097787,1.4661333330057202,3.0343829085065255,95.74000583906897,Normal,Critical!!,Critical!!,Normal
2026-05-27 12:58:33.020700,31.03616669960688,3.18265494903192,3.0116579718537637,95.63215056711523,Normal,Critical!!,Critical!!,Normal
2026-05-27 12:58:34.022621,31.368722371155723,3.7002804169637695,3.1345915618352556,95.53550289017949,Normal,Critical!!,Critical!!,Normal
2026-05-27 12:58:35.024784,31.73055747926614,7.420740032463251,3.0208325189187866,95.46714477606315,Normal,Critical!!,Critical!!,Normal
2026-05-27 12:58:36.026753,32.06150896744257,0.4389664506641533,3.089843733873074,95.39613837677479,Normal,Critical!!,Critical!!,Normal
2026-05-27 12:58:37.028727,32.27443450322697,1.3233414503822793,3.235509247969434,95.24989680158329,Normal,Critical!!,Critical!!,Normal
2026-05-27 12:58:38.030277,32.443323611802946,5.128611275281814,3.063537521993325,95.1308742211362,Normal,Critical!!,Critical!!,Normal
2026-05-27 12:58:39.032998,32.74989442056515,6.292751766096947,3.044107008264106,95.01605395907544,Normal,Critical!!,Critical!!,Normal
2026-05-27 12:58:40.035677,32.86119378218013,4.222057290394321,3.0595012455754005,94.86667690758321,Normal,Critical!!,Critical!!,Normal
2026-05-27 12:58:41.038429,33.11252164058652,6.665163800366578,3.073159050818457,94.67015544301762,Normal,Critical!!,Critical!!,Normal
2026-05-27 12:58:42.041351,33.39470247204825,3.2773868025714012,3.1591303289422905,94.60638528461689,Normal,Critical!!,Critical!!,Normal
2026-05-27 12:58:43.043151,33.85372236867371,1.5370974839582863,3.0282810709019468,94.45263556257852,Normal,Critical!!,Critical!!,Normal
2026-05-27 12:58:44.044592,34.275418570850675,9.448818412885762,3.073621288735925,94.29810056970278,Normal,Critical!!,Critical!!,Normal
2026-05-27 12:58:45.046222,34.76027603058559,1.3332667848130009,3.273020562651753,94.18757869830073,Normal,Critical!!,Critical!!,Normal
2026-05-27 12:58:46.048150,35.135065822421446,1.1108196155446193,3.126684909611536,93.9938573840086,Normal,Critical!!,Critical!!,Normal
2026-05-27 12:58:47.050809,35.60597242463014,9.5670597665031,3.24713720078394,93.85652007235693,Normal,Critical!!,Critical!!,Normal
2026-05-27 12:58:48.052577,36.00269845327669,1.1040348636643849,3.2090970513526362,93.73012099068615,Normal,Critical!!,Critical!!,Normal
2026-05-27 12:58:49.054422,36.44869157811326,0.8475139541573751,3.1430712640791234,93.59546034080016,Normal,Critical!!,Critical!!,Normal
2026-05-27 12:58:50.055909,36.893926403093424,3.604566800935837,3.183692268816132,93.49705339309071,Normal,Critical!!,Critical!!,Normal
2026-05-27 12:58:51.057662,37.1181814272582,0.9570383435295415,3.139066834922961,93.34649864393666,Normal,Critical!!,Critical!!,Normal
2026-05-27 12:58:52.059461,37.457404060678975,7.076291434630599,3.1893777808993997,93.29276252771874,Normal,Critical!!,Critical!!,Normal
2026-05-27 12:58:53.061153,37.728173860242386,8.582236679235173,3.070841989773422,93.24239629724656,Normal,Critical!!,Critical!!,Normal
2026-05-27 12:58:54.062815,38.01443457596044,4.5998550507333675,3.1664502212327523,93.09765841219853,Normal,Critical!!,Critical!!,Normal
2026-05-27 12:58:55.064508,38.27966038565269,4.320116651955251,3.1121802448781213,92.9318525034137,Normal,Critical!!,Critical!!,Normal
2026-05-27 12:58:56.066709,38.596753204269255,8.221073778914494,3.121939803974532,92.82554577962495,Normal,Critical!!,Critical!!,Normal
2026-05-27 12:58:57.068439,38.705772468982936,5.307947438958114,3.2419178583655373,92.63843046665076,Normal,Critical!!,Critical!!,Normal
2026-05-27 12:58:58.069755,39.069935738341535,7.804223410850749,3.220775979781702,92.54023633739152,Normal,Critical!!,Critical!!,Normal
2026-05-27 12:58:59.071661,39.23239922597914,2.12307722447725,3.253046765736082,92.39785600982795,Normal,Critical!!,Critical!!,Normal
2026-05-27 12:59:00.073488,39.41670249928714,5.5926943962155224,3.0245385635198603,92.23320756364548,Normal,Critical!!,Critical!!,Normal
2026-05-27 12:59:01.075100,39.717612656559446,6.408004215224967,3.0145110636532757,92.13092751400214,Normal,Critical!!,Critical!!,Normal
2026-05-27 12:59:02.076861,39.95210494715007,4.8023881379533275,3.210551452856203,91.94320811461226,Normal,Critical!!,Critical!!,Normal
2026-05-27 12:59:03.078542,40.17804727377475,9.216308411876234,3.2105258106501022,91.80626174336582,Normal,Critical!!,Critical!!,Normal
2026-05-27 12:59:04.080253,40.30715397264936,2.835966086762239,3.281458967734177,91.72118338552005,Normal,Critical!!,Critical!!,Normal
2026-05-27 12:59:05.082251,40.67886788789249,9.011785136937359,3.079290089227705,91.5672270792765,Normal,Critical!!,Critical!!,Normal
2026-05-27 12:59:06.083943,41.09386096469996,5.081379445924955,3.1848240780654438,91.49982792770906,Normal,Critical!!,Critical!!,Normal
2026-05-27 12:59:07.085785,41.43637226954241,2.354247666283836,3.279715163960687,91.43798498954331,Normal,Critical!!,Critical!!,Normal
2026-05-27 12:59:08.088104,41.74292212748455,6.316494050580409,3.0241055061326945,91.24081358494766,Normal,Critical!!,Critical!!,Normal
2026-05-27 12:59:09.090153,41.86909689954753,1.3168750934146989,3.15885794959637,91.04505805435467,Normal,Critical!!,Critical!!,Normal
2026-05-27 12:59:10.091878,42.280164932150534,6.917344530461628,3.11163834349223,90.92874221364333,Normal,Critical!!,Critical!!,Normal
2026-05-27 12:59:11.093693,42.74431702731665,3.797179061254383,3.252252071559253,90.82777000374749,Normal,Critical!!,Critical!!,Normal
2026-05-27 12:59:12.095300,42.85878760739135,2.8018722812478716,3.1261515949886425,90.6901126058564,Normal,Critical!!,Critical!!,Normal
2026-05-27 12:59:13.097049,43.04482687447924,2.2574505768977415,3.2201463430537007,90.50878449622252,Normal,Critical!!,Critical!!,Normal
2026-05-27 12:59:14.098795,43.31212521706829,0.13414944063961043,3.1630389868788416,90.45190287050704,Normal,Critical!!,Critical!!,Normal
2026-05-27 12:59:15.100232,43.55981514090479,6.578142944326389,3.1562248303898275,90.33863457843104,Normal,Critical!!,Critical!!,Normal
2026-05-27 12:59:16.101885,43.880917829306554,2.3023797454189756,3.1306029694501145,90.28519261355112,Normal,Critical!!,Critical!!,Normal
2026-05-27 12:59:17.103843,44.376360142023515,1.8799245646875784,3.2489685904102354,90.20772609572093,Normal,Critical!!,Critical!!,Normal
2026-05-27 12:59:18.105643,44.5324792292874,6.420039264105663,3.0779393472938428,90.14258309918968,Normal,Critical!!,Critical!!,Normal
2026-05-27 12:59:19.107143,44.679177395222275,3.3734044415152398,3.1935276675380737,89.9504877710152,Normal,Critical!!,Critical!!,Normal
2026-05-27 12:59:20.108864,45.04342177775461,9.441656800170495,3.1094940878739497,89.78016373309465,Normal,Critical!!,Critical!!,Normal
2026-05-27 12:59:21.110788,45.53760958568831,8.47081289479722,3.0023220405219586,89.61427863455995,Normal,Critical!!,Critical!!,Normal
2026-05-27 12:59:22.112411,45.78399870058856,6.254354641190355,3.215070211642489,89.52423814071724,Normal,Critical!!,Critical!!,Normal
2026-05-27 12:59:23.114257,46.246164405850834,7.82676821098142,3.1813410052072215,89.32949752820207,Normal,Critical!!,Critical!!,Normal
2026-05-27 12:59:24.115951,46.644479080177746,7.511525062126228,3.001553989265286,89.15398975806818,Normal,Critical!!,Critical!!,Normal
2026-05-27 12:59:25.117301,46.94566013321054,2.3746469284817895,3.2966544287933517,89.05342006520557,Normal,Critical!!,Critical!!,Normal
2026-05-27 12:59:26.118403,47.08675981714744,2.692669530126345,3.059017518077372,88.97745010322637,Normal,Critical!!,Critical!!,Normal
2026-05-27 12:59:27.573583,47.34224405321425,5.802943824427445,3.0819405725684645,88.82166150571854,Normal,Critical!!,Critical!!,Normal
2026-05-27 12:59:28.575247,47.67197578959182,0.716858707410164,3.1883933630221466,88.70728510360536,Normal,Critical!!,Critical!!,Normal
2026-05-27 12:59:29.576727,48.008454248069036,1.3179895214106718,3.098119104584878,88.56481813557816,Normal,Critical!!,Critical!!,Normal
2026-05-27 12:59:30.578710,48.16188976006127,7.999044297268285,3.1792439141524613,88.44999294471721,Normal,Critical!!,Critical!!,Normal
2026-05-27 12:59:31.580296,48.59262071665746,3.398263773052763,3.254575330678451,88.38086794074756,Normal,Critical!!,Critical!!,Normal
2026-05-27 12:59:32.582168,48.69679400400798,1.8814248450165805,3.022364444584334,88.18452829953887,Normal,Critical!!,Critical!!,Normal
2026-05-27 12:59:33.583636,48.98914435250954,8.983712202353571,3.0006308972079205,88.01356065560972,Normal,Critical!!,Critical!!,Normal
2026-05-27 12:59:34.585329,49.28109173874144,6.164983554516009,3.1818935456570685,87.87857623922976,Normal,Critical!!,Critical!!,Normal
2026-05-27 12:59:35.587292,49.742019954281226,5.96325856894825,3.123696337826367,87.79767296968724,Normal,Critical!!,Critical!!,Normal
2026-05-27 12:59:36.589359,50.0255631763016,7.090910683756179,3.2099710527227088,87.66681274333313,Normal,Critical!!,Critical!!,Normal
2026-05-27 12:59:37.591193,50.30252580821726,1.5271255022547692,3.0148471136736723,87.50846877183096,Normal,Critical!!,Critical!!,Normal
2026-05-27 12:59:38.593922,50.74534905986531,0.33348530163101575,3.0703523850288015,87.42949321245436,Normal,Critical!!,Critical!!,Normal
2026-05-27 12:59:39.595746,51.02491331515061,9.63463694252047,3.0356481937880146,87.30066888310776,Normal,Critical!!,Critical!!,Normal
2026-05-27 12:59:40.597296,51.225311146449705,2.2456552153641884,3.1761991136921788,87.17354999057456,Normal,Critical!!,Critical!!,Normal
2026-05-27 12:59:41.598857,51.463845796042555,0.3006215367921439,3.028022303046822,87.04196103182298,Normal,Critical!!,Critical!!,Normal
2026-05-27 12:59:42.601071,51.68955779283818,2.11432874149014,3.1476446302723966,86.97202487961808,Normal,Critical!!,Critical!!,Normal
2026-05-27 12:59:43.602783,52.01245434619336,3.5555912172304094,3.11563939542806,86.87132420025449,Normal,Critical!!,Critical!!,Normal
2026-05-27 12:59:44.604813,52.30205881931487,5.39470212329129,3.017629804324969,86.80280297550395,Normal,Critical!!,Critical!!,Normal
2026-05-27 12:59:45.606327,52.40599600453662,0.7057578690091071,3.289874246303161,86.7006190778293,Normal,Critical!!,Critical!!,Normal
2026-05-27 12:59:46.608164,52.70691658632068,2.164314417941836,3.074595031290947,86.52609519780307,Normal,Critical!!,Critical!!,Normal
2026-05-27 12:59:47.609613,53.13324437608399,4.170746208695759,3.0453640296226734,86.46802935793863,Normal,Critical!!,Critical!!,Normal
2026-05-27 12:59:48.611739,53.62244154020171,1.1268392933071958,3.1131153895630135,86.32328326773336,Normal,Critical!!,Critical!!,Normal
2026-05-27 12:59:49.613270,54.09326069121115,6.414021947372134,3.1125347637219307,86.17335034992105,Normal,Critical!!,Critical!!,Normal
2026-05-27 12:59:50.614785,54.22678078430801,7.336715680384877,3.03663567584934,85.9777691064203,Normal,Critical!!,Critical!!,Normal
2026-05-27 12:59:51.616270,54.57830362415576,1.7499089027623815,3.102641924591625,85.79318129766109,Normal,Critical!!,Critical!!,Normal
2026-05-27 12:59:53.218835,54.90921836031079,2.1117109369800824,3.230948027276156,85.69607244016792,Normal,Critical!!,Critical!!,Normal
2026-05-27 12:59:54.222089,55.19112462533298,9.239616005942416,3.1459688540421924,85.64506849936745,Normal,Critical!!,Critical!!,Normal
2026-05-27 12:59:55.224353,55.65680507674802,5.992056468566792,3.019012165723117,85.577362687894,Normal,Critical!!,Critical!!,Normal
2026-05-27 12:59:56.226464,56.114225610517785,2.4962276805290795,3.025865301548377,85.3987503690285,Normal,Critical!!,Critical!!,Normal
2026-05-27 12:59:57.228547,56.420772762215826,9.940079726101521,3.196920108680077,85.23594112569397,Normal,Critical!!,Critical!!,Normal
2026-05-27 12:59:58.230682,56.83900016352337,8.129012988772658,3.0025249062272907,85.13013718064661,Normal,Critical!!,Critical!!,Normal
2026-05-27 12:59:59.232751,56.9905161049772,7.930931240784305,3.2198517241974502,84.98031133578476,Normal,Critical!!,Critical!!,Normal
2026-05-27 13:00:00.235051,57.12465104234612,7.635942010124378,3.271019630255897,84.85410230304875,Normal,Critical!!,Critical!!,Normal
2026-05-27 13:00:01.237740,57.236777303756526,3.2064736689742093,3.2531979214712794,84.77559174509037,Normal,Critical!!,Critical!!,Normal
2026-05-27 13:00:03.494275,57.69015740950085,5.6420472226546785,3.23698625209765,84.68649896166646,Normal,Critical!!,Critical!!,Normal
2026-05-27 13:00:04.496174,58.182840876767,4.180209486866443,3.2548961693760594,84.56629057560806,Normal,Critical!!,Critical!!,Normal
2026-05-27 13:00:05.498841,58.331524677427815,2.2844563211263837,3.250523955832185,84.39752650089041,Normal,Critical!!,Critical!!,Normal
2026-05-27 13:00:06.500608,58.57822341577884,1.770456530780401,3.238587277972707,84.28080340440954,Normal,Critical!!,Critical!!,Normal
2026-05-27 13:00:07.502667,59.06748159034895,7.928124147228237,3.0643937616859156,84.16004746291638,Normal,Critical!!,Critical!!,Normal
2026-05-27 13:00:08.504776,59.37790729635372,6.908342142403251,3.2999993196966417,83.96523163279456,Normal,Critical!!,Critical!!,Normal
2026-05-27 13:00:09.507042,59.86763415852133,9.44569367599276,3.2043144447903953,83.86026456388313,Normal,Critical!!,Critical!!,Normal
2026-05-27 13:00:10.508987,60.017263388231946,3.4289456400266696,3.2665280578471427,83.77116781526777,Normal,Critical!!,Critical!!,Normal
2026-05-27 13:00:11.511036,60.499104520389125,3.441431446680523,3.102355971492147,83.68896156690342,Normal,Critical!!,Critical!!,Normal
2026-05-27 13:00:12.513040,60.60554739851203,6.649260103791738,3.0313544651076345,83.5033303611416,Normal,Critical!!,Critical!!,Normal
2026-05-27 13:00:13.515590,60.71201509626538,7.576106327103066,3.2728161113513523,83.44473635950368,Normal,Critical!!,Critical!!,Normal
2026-05-27 13:00:14.517418,60.850642785292216,9.717707318193355,3.0915968805651053,83.39057662985371,Normal,Critical!!,Critical!!,Normal
2026-05-27 13:00:15.518822,60.99595710525419,8.273847906652104,3.0728605642599027,83.24637024147653,Normal,Critical!!,Critical!!,Normal
2026-05-27 13:00:16.521337,61.11601014844438,6.157488588273673,3.039929592151853,83.19156396274552,Normal,Critical!!,Critical!!,Normal
2026-05-27 13:00:17.523684,61.61248456489429,2.4447676658703132,3.2383907777713286,83.07548949618901,Normal,Critical!!,Critical!!,Normal
2026-05-27 13:00:18.526108,61.83732034480762,0.8564585106545297,3.2465818589616413,83.00140658865595,Normal,Critical!!,Critical!!,Normal
2026-05-27 13:00:19.528014,62.26051223448054,9.303247987436775,3.026947268847072,82.84724628404034,Normal,Critical!!,Critical!!,Normal
2026-05-27 13:00:20.529747,62.48521091210049,3.861098363114767,3.2761912830397737,82.74961482191611,Normal,Critical!!,Critical!!,Normal
2026-05-27 13:00:21.531517,62.84228461814727,5.371004574184859,3.202513433275519,82.5678733281348,Normal,Critical!!,Critical!!,Normal
2026-05-27 13:00:22.533145,63.287251223675625,2.384859630221412,3.2449595327433975,82.38817705687646,Normal,Critical!!,Critical!!,Normal
2026-05-27 13:00:23.534562,63.7328602430364,4.023581439699424,3.0024141529726713,82.26956985616981,Normal,Critical!!,Critical!!,Normal
2026-05-27 13:00:24.536440,63.94456282675702,4.688692551648322,3.0597127189266238,82.09819460460743,Normal,Critical!!,Critical!!,Normal
2026-05-27 13:00:25.538048,64.09211477078972,0.40520012020130447,3.2353513248289647,81.9605561617241,Normal,Critical!!,Critical!!,Normal
2026-05-27 13:00:26.539584,64.3435239372116,7.475828004513502,3.1216304217389084,81.79465352363177,Normal,Critical!!,Critical!!,Normal
2026-05-27 13:00:27.541833,64.69851299575322,5.255194038243718,3.1840919022715695,81.70799402289701,Normal,Critical!!,Critical!!,Normal
2026-05-27 13:00:28.543519,65.0476645357927,0.6999645640885699,3.0924267194803465,81.59579298742928,Normal,Critical!!,Critical!!,Normal
2026-05-27 13:00:29.544879,65.33219296755287,6.648897412020758,3.100963986931513,81.40409805339534,Normal,Critical!!,Critical!!,Normal
2026-05-27 13:00:30.546622,65.46314923417013,2.2322087947174163,3.221893332046997,81.23875317790747,Normal,Critical!!,Critical!!,Normal
2026-05-27 13:00:31.548364,65.63063971578387,0.8357514207622929,3.1205877889103695,81.1671748716822,Normal,Critical!!,Critical!!,Normal
2026-05-27 13:00:32.549988,65.85600144583216,1.1150256520463675,3.169425653787938,81.09638603328824,Normal,Critical!!,Critical!!,Normal
2026-05-27 13:00:33.551857,66.27791199293857,7.952227379452973,3.2923464799722,80.99892854822332,Normal,Critical!!,Critical!!,Normal
2026-05-27 13:00:34.553655,66.49821221744209,6.531182049608198,3.0885108406400197,80.85947349362195,Normal,Critical!!,Critical!!,Normal
2026-05-27 13:00:35.555656,66.9390838241631,5.0442681252907375,3.0232497521662935,80.72848649523888,Normal,Critical!!,Critical!!,Normal
2026-05-27 13:00:36.557750,67.1845124853564,2.550087693477343,3.008939172046666,80.63549739494356,Normal,Critical!!,Critical!!,Normal
2026-05-27 13:00:37.559392,67.34151195697481,0.601355434464842,3.1952647288148395,80.46236459673362,Normal,Critical!!,Critical!!,Normal
2026-05-27 13:00:38.561288,67.66661323811415,1.503783646207606,3.2104262075145424,80.40609744549569,Normal,Critical!!,Critical!!,Normal
2026-05-27 13:00:39.563172,68.07333278056323,8.997007457518638,3.066423298733091,80.31118585864529,Normal,Critical!!,Critical!!,Normal
2026-05-27 13:00:40.564847,68.39064961245576,1.3380346597997839,3.0811834577419233,80.15752573124306,Normal,Critical!!,Critical!!,Normal
2026-05-27 13:00:41.566328,68.59362107055728,9.442665993157922,3.2561838093132423,80.09812222356297,Normal,Critical!!,Critical!!,Normal
2026-05-27 13:00:42.567755,68.89389977884852,1.635640210245476,3.0242584336146447,80.02499641400502,Normal,Critical!!,Critical!!,Normal
2026-05-27 13:00:43.569648,69.38381678656839,5.104421693547529,3.2109830344056878,79.84309727411755,Normal,Critical!!,Critical!!,Normal
2026-05-27 13:00:44.571484,69.5982913172338,5.927915665273424,3.193225456078827,79.71885304982777,Normal,Critical!!,Critical!!,Normal
2026-05-27 13:00:45.573600,69.70929425771035,2.963311595110013,3.061396717877719,79.60283938589134,Normal,Critical!!,Critical!!,Normal
2026-05-27 13:00:46.575981,70.01296281424773,0.9505070064329812,3.220045558925055,79.41203597319043,Normal,Critical!!,Critical!!,Normal
2026-05-27 13:00:47.577753,70.32142817017723,1.9901760983301608,3.0344943741827186,79.33235168127874,Normal,Critical!!,Critical!!,Normal
2026-05-27 13:00:48.579340,70.63505879281202,8.291030037112646,3.0561561081063346,79.25709157168686,Normal,Critical!!,Critical!!,Normal
2026-05-27 13:00:49.581174,70.79602131856865,5.081313245423694,3.177930934140904,79.08513966690639,Normal,Critical!!,Critical!!,Normal
2026-05-27 13:00:50.582918,71.15505849414666,7.598938057367876,3.0090525771492076,78.95228261542906,Normal,Critical!!,Critical!!,Normal
2026-05-30 16:53:09.730694,20.49844156276464,8.422349345086634,4.996463494649914,99.91348996735196,Normal,Critical!!,Normal,Normal
2026-05-30 16:53:10.733584,20.683027813242287,2.5377694507849924,3.2376329468806175,99.81339082866054,Normal,Critical!!,Critical!!,Normal
2026-05-30 16:53:11.735273,20.970589574875135,4.473504724930031,3.060928211955236,99.71601967052482,Normal,Critical!!,Critical!!,Normal
2026-05-30 16:53:12.737058,21.28073679978842,6.028863803822222,3.0720256250109923,99.52116165035291,Normal,Critical!!,Critical!!,Normal
2026-05-30 16:53:13.738850,21.640225173707087,9.267022648728476,3.2082728501675373,99.42806829633668,Normal,Critical!!,Critical!!,Normal
2026-05-30 16:53:14.740282,21.884017307805625,3.6624360134181333,3.0500681856581826,99.2687335365673,Normal,Critical!!,Critical!!,Normal
2026-05-30 16:53:15.742266,22.289713910446373,8.293321009030493,3.2365078601005792,99.16669480589027,Normal,Critical!!,Critical!!,Normal
2026-05-30 16:53:16.744034,22.413401703679906,1.7426782418606612,3.1396255168826204,99.05653957560826,Normal,Critical!!,Critical!!,Normal
2026-05-30 16:53:17.745911,22.514690338575342,3.995352040354293,3.163095444181105,98.98906626385124,Normal,Critical!!,Critical!!,Normal
2026-05-30 16:53:18.748121,22.975329770415616,6.9291945906059915,3.264919006718866,98.83719921153569,Normal,Critical!!,Critical!!,Normal
2026-05-30 16:53:19.749879,23.34234623771843,0.546763519017397,3.2713161679162406,98.67621839255271,Normal,Critical!!,Critical!!,Normal
2026-05-30 16:53:20.751435,23.471761688209604,7.857502611600385,3.148060050025992,98.5165964704149,Normal,Critical!!,Critical!!,Normal
2026-05-30 16:53:21.752977,23.577353050029974,2.4111752496410688,3.0574928935485053,98.45560710271752,Normal,Critical!!,Critical!!,Normal
2026-05-30 16:53:22.754078,23.859330606817732,7.740103013575515,3.185971560842979,98.3408163955144,Normal,Critical!!,Critical!!,Normal
2026-05-30 16:53:23.755955,23.969872900107614,5.765232105234323,3.028805309456663,98.26755032062565,Normal,Critical!!,Critical!!,Normal
2026-05-30 16:53:24.757617,24.144969704528375,8.686922219042374,3.1055279443665658,98.07165470292827,Normal,Critical!!,Critical!!,Normal
2026-05-30 16:53:25.759078,24.56473494491935,8.540208043020321,3.278851718316288,97.91317957937834,Normal,Critical!!,Critical!!,Normal
2026-05-30 16:53:26.760952,24.930338809953927,0.6554368012141876,3.2592894402531982,97.82856179671033,Normal,Critical!!,Critical!!,Normal
2026-05-30 16:53:27.762932,25.40772115468279,1.3061583583532765,3.123475963321064,97.77701554216756,Normal,Critical!!,Critical!!,Normal
2026-05-30 16:53:28.764961,25.607325349796287,0.19736708887748255,3.2242928579864674,97.70814441940745,Normal,Critical!!,Critical!!,Normal
2026-05-30 16:53:29.766034,25.740392554090285,7.348709593358521,3.261350802774587,97.62347858698334,Normal,Critical!!,Critical!!,Normal
2026-05-30 16:53:30.767472,25.875269461521388,5.207094271277425,3.2962149334405355,97.43882675742003,Normal,Critical!!,Critical!!,Normal
2026-05-30 16:53:31.769770,26.017292034583566,0.9759293272065062,3.0091781099028174,97.3140218289198,Normal,Critical!!,Critical!!,Normal
2026-05-30 16:53:32.771362,26.16149601644614,2.405606231990646,3.120299545442136,97.17147826641994,Normal,Critical!!,Critical!!,Normal
2026-05-30 16:53:33.773497,26.554301790014986,9.767392668544076,3.0767103144913994,97.03544389390721,Normal,Critical!!,Critical!!,Normal
2026-05-30 16:53:34.774517,26.78048149550286,6.710449952502713,3.2893528122152085,96.85121875840643,Normal,Critical!!,Critical!!,Normal
2026-05-30 16:53:35.775510,27.207447713909982,8.68051684824011,3.000349273104653,96.65364014251523,Normal,Critical!!,Critical!!,Normal
2026-05-30 16:53:36.776659,27.456031360283426,0.026047160925994906,3.1907698711030696,96.58690742809107,Normal,Critical!!,Critical!!,Normal
2026-05-30 16:53:37.778266,27.944273323207817,5.63824689604938,3.1427040113091267,96.41952535555409,Normal,Critical!!,Critical!!,Normal
2026-05-30 16:53:38.779478,28.374928985884104,5.043276120305176,3.000508457544875,96.28903581554191,Normal,Critical!!,Critical!!,Normal
2026-05-30 16:53:39.780664,28.806817158465215,3.1018586937472303,3.1606532080308196,96.16230925465973,Normal,Critical!!,Critical!!,Normal
2026-05-30 16:53:40.782005,29.11874664025432,3.7196636152478115,3.2784527915583213,96.0922243448996,Normal,Critical!!,Critical!!,Normal
2026-05-30 16:53:41.784008,29.41138087061642,6.737137836922656,3.017476865954787,95.9392430844813,Normal,Critical!!,Critical!!,Normal
2026-05-30 16:53:42.785443,29.720905866815347,4.884013565463129,3.102398086147697,95.88802857534466,Normal,Critical!!,Critical!!,Normal
2026-05-30 16:53:43.786732,29.963998451995153,1.2183047714633521,3.173484003599702,95.80708223285582,Normal,Critical!!,Critical!!,Normal
2026-05-30 16:53:44.788111,30.20642312970301,4.533254176000953,3.2993520689727447,95.63745853462868,Normal,Critical!!,Critical!!,Normal
2026-05-30 16:53:45.789600,30.307518736624473,8.926367055151076,3.0344833414375514,95.55251936074951,Normal,Critical!!,Critical!!,Normal
2026-05-30 16:53:46.790884,30.585491980386713,2.56924261305714,3.0649227649911883,95.41926190218847,Normal,Critical!!,Critical!!,Normal
2026-05-30 16:53:47.792138,30.80044300656302,2.530612315223836,3.1941644868005348,95.21951521508643,Normal,Critical!!,Critical!!,Normal
2026-05-30 16:53:48.793727,30.9534629449629,3.9173316867878527,3.281046431734179,95.07280618440964,Normal,Critical!!,Critical!!,Normal
2026-05-30 16:53:49.795235,31.254049686103944,1.007196406159867,3.056526036650008,94.98146695735133,Normal,Critical!!,Critical!!,Normal
2026-05-30 16:53:50.796774,31.403075153631878,5.086433839845222,3.064175801508494,94.90060076404717,Normal,Critical!!,Critical!!,Normal
2026-05-30 16:53:51.798339,31.8995055702184,9.01420009622045,3.0673330163593646,94.78715726251806,Normal,Critical!!,Critical!!,Normal
2026-05-30 16:53:52.799460,32.26201079842326,5.1839172044987425,3.1496515955361346,94.63099392841832,Normal,Critical!!,Critical!!,Normal
2026-05-30 16:53:53.800900,32.45494590570178,9.911105056858283,3.1660775613764125,94.5432936952412,Normal,Critical!!,Critical!!,Normal
2026-05-30 16:53:54.802347,32.79034846453986,9.227254592530226,3.104211004822839,94.39892749908881,Normal,Critical!!,Critical!!,Normal
2026-05-30 16:53:55.803348,33.20443337641994,6.503522279451545,3.0676583778507647,94.34703869269086,Normal,Critical!!,Critical!!,Normal
2026-05-30 16:53:56.804670,33.37323955665103,5.384887980095531,3.2062726363937455,94.19999707245663,Normal,Critical!!,Critical!!,Normal
2026-05-30 16:53:57.806315,33.49298336797186,8.227912181142303,3.0964880849516305,94.01735550496926,Normal,Critical!!,Critical!!,Normal
2026-05-30 16:53:58.807626,33.61370337300928,4.632165520426712,3.0020468031928202,93.951118642391,Normal,Critical!!,Critical!!,Normal
2026-05-30 16:53:59.809319,33.95595997482002,6.477738491475554,3.257132791245609,93.78417726787441,Normal,Critical!!,Critical!!,Normal
2026-05-30 16:54:00.810907,34.385329736553096,5.494582610418401,3.1729897493173684,93.68755387774009,Normal,Critical!!,Critical!!,Normal
2026-05-30 16:54:01.812237,34.804821791590754,5.440786254797553,3.286725151647611,93.57855273315256,Normal,Critical!!,Critical!!,Normal
2026-05-30 16:54:02.813627,35.11720213563099,6.096727529844076,3.050520190456342,93.4871898798256,Normal,Critical!!,Critical!!,Normal
2026-05-30 16:54:03.814618,35.43859538457966,4.122428972892056,3.141620463818129,93.32915413179826,Normal,Critical!!,Critical!!,Normal
2026-05-30 16:54:04.815947,35.71050174552741,8.810585648422482,3.2166966552591765,93.25573627121638,Normal,Critical!!,Critical!!,Normal
2026-05-30 16:54:05.817360,36.07830774641614,3.029379967426026,3.1123615836599354,93.15440034704838,Normal,Critical!!,Critical!!,Normal
2026-05-30 16:54:06.818835,36.29952288576335,0.859616047899463,3.2339573169453426,93.08935872429058,Normal,Critical!!,Critical!!,Normal
2026-05-30 16:54:07.820055,36.72894553751464,5.155448526421914,3.249450964166581,93.0329579333194,Normal,Critical!!,Critical!!,Normal
2026-05-30 16:54:08.821401,36.96495100128244,6.743690973367168,3.0180069573577315,92.93577194195888,Normal,Critical!!,Critical!!,Normal
2026-05-30 16:54:09.823214,37.426858076576586,6.48500990456019,3.05736049545388,92.85623439902614,Normal,Critical!!,Critical!!,Normal
2026-05-30 16:54:10.824689,37.763760713246995,7.120506172396156,3.1412657924452003,92.78794353014412,Normal,Critical!!,Critical!!,Normal
2026-05-30 16:54:11.826466,38.1808253502836,8.51066318458556,3.1493055197446447,92.59980182770799,Normal,Critical!!,Critical!!,Normal
2026-05-30 16:54:12.827780,38.31577698220085,3.8376188564042235,3.0501464251284274,92.49193654243446,Normal,Critical!!,Critical!!,Normal
2026-05-30 16:54:13.829550,38.61388407620689,6.70036375102997,3.0692279402037714,92.41392817364707,Normal,Critical!!,Critical!!,Normal
2026-05-30 16:54:14.831355,38.961654803238886,9.376206341738488,3.261408349590182,92.29794987689814,Normal,Critical!!,Critical!!,Normal
2026-05-30 16:54:15.832699,39.10225578476168,4.159783403020755,3.2518256946590998,92.18218050278324,Normal,Critical!!,Critical!!,Normal
2026-05-30 16:54:16.833956,39.361991737171735,7.7389429233055225,3.2868682075855986,92.10395817672374,Normal,Critical!!,Critical!!,Normal
2026-05-30 16:54:17.835327,39.72502912439864,7.429271960395614,3.223543216511679,91.94253599521328,Normal,Critical!!,Critical!!,Normal
2026-05-30 16:54:18.836715,40.20800283402693,7.005058840265539,3.2502277504288264,91.8828338118778,Normal,Critical!!,Critical!!,Normal
2026-05-30 16:54:19.838417,40.34525330569516,2.907325825898978,3.0200675614092543,91.79991529658258,Normal,Critical!!,Critical!!,Normal
2026-05-30 16:54:20.840174,40.67113493601125,6.859802251042403,3.2869248587992708,91.60656498366536,Normal,Critical!!,Critical!!,Normal
2026-05-30 16:54:21.841714,41.05141129931868,7.496656169716285,3.14469745179542,91.47469798187903,Normal,Critical!!,Critical!!,Normal
2026-05-30 16:54:22.843197,41.40528496449621,4.86736061832892,3.282031470216652,91.34189878892008,Normal,Critical!!,Critical!!,Normal
2026-05-30 16:54:23.844476,41.578962494857606,6.8600635021534,3.257310885751881,91.28123873072256,Normal,Critical!!,Critical!!,Normal
2026-05-30 16:54:24.845868,41.69070998125911,9.82141797451998,3.2014253919906683,91.09021016686944,Normal,Critical!!,Critical!!,Normal
2026-05-30 16:54:25.847168,41.94617812172747,6.041450538166012,3.025070219799288,91.03685771083585,Normal,Critical!!,Critical!!,Normal
2026-05-30 16:54:26.848460,42.0726036317831,6.999900393200271,3.0570367005263304,90.88097528308946,Normal,Critical!!,Critical!!,Normal
2026-05-30 16:54:27.849728,42.17271064710218,1.2806030280438685,3.042043105728477,90.70063158135602,Normal,Critical!!,Critical!!,Normal
2026-05-30 16:54:28.850964,42.41970985545511,2.32117554150158,3.250855755945263,90.59387754813554,Normal,Critical!!,Critical!!,Normal
2026-05-30 16:54:29.852370,42.866547986859345,5.844565917996905,3.2573274378332995,90.41178413510916,Normal,Critical!!,Critical!!,Normal
2026-05-30 16:54:30.853478,42.96872191846288,5.942270519180015,3.1974005581094764,90.29436005925741,Normal,Critical!!,Critical!!,Normal
2026-05-30 16:54:31.854761,43.25721680913327,3.8199872184324657,3.2255363395307697,90.23236478995221,Normal,Critical!!,Critical!!,Normal
2026-05-30 16:54:32.856452,43.675340117544174,4.512332984577496,3.2071954770750866,90.06500868522109,Normal,Critical!!,Critical!!,Normal
2026-05-30 16:54:33.857860,43.97494489310238,8.508527019209351,3.2351667699826825,89.9132207938178,Normal,Critical!!,Critical!!,Normal
2026-05-30 16:54:34.859435,44.16487508913961,8.394798781396405,3.2321034250528955,89.8568141473598,Normal,Critical!!,Critical!!,Normal
2026-05-30 16:54:35.861000,44.43479602918957,7.9046663176114755,3.1556483728169877,89.69593010966246,Normal,Critical!!,Critical!!,Normal
2026-05-30 16:54:36.862270,44.80697786200279,0.7989530339590478,3.1726975643443787,89.64379641155413,Normal,Critical!!,Critical!!,Normal
2026-05-30 16:54:37.863625,45.03658362216801,2.9061625662542045,3.149709327084463,89.57200372270297,Normal,Critical!!,Critical!!,Normal
2026-05-30 16:54:38.865127,45.46676077426742,9.224412511958473,3.032319521953665,89.42354235635173,Normal,Critical!!,Critical!!,Normal
2026-05-30 16:54:39.866585,45.686056778614805,6.527554354890923,3.067265077010868,89.36610380081659,Normal,Critical!!,Critical!!,Normal
2026-05-30 16:54:40.868161,46.007398438900545,3.278839077211264,3.1231206127806517,89.27028366861445,Normal,Critical!!,Critical!!,Normal
2026-05-30 16:54:41.869728,46.12424680486261,1.6729520723643032,3.0718329449535315,89.10393919769677,Normal,Critical!!,Critical!!,Normal
2026-05-30 16:54:42.871222,46.56735796686018,8.129052828048257,3.222876876103937,88.96084558253726,Normal,Critical!!,Critical!!,Normal
2026-05-30 16:54:43.872666,47.044204737225705,2.1667228770936555,3.270396099062878,88.76149809353664,Normal,Critical!!,Critical!!,Normal
2026-05-30 16:54:44.873549,47.52137890319616,6.414807981208623,3.164110478077867,88.6982077380139,Normal,Critical!!,Critical!!,Normal
2026-05-30 16:54:45.874738,47.967728450695596,0.8344970028043353,3.0925895922935767,88.51530084095891,Normal,Critical!!,Critical!!,Normal
2026-05-30 16:54:46.876054,48.28168424860945,1.7922891745483405,3.0296448969456797,88.39342434987253,Normal,Critical!!,Critical!!,Normal
2026-05-30 16:54:47.877423,48.387150691200645,7.513555607758526,3.2024931981522684,88.22274510369384,Normal,Critical!!,Critical!!,Normal
2026-05-30 16:54:48.878895,48.51228588635967,2.6332695035175946,3.1763076421649794,88.05716851750789,Normal,Critical!!,Critical!!,Normal
2026-05-30 16:54:49.880680,48.672425536511085,8.928304990410979,3.0340785796387273,87.89826319311638,Normal,Critical!!,Critical!!,Normal
2026-05-30 16:54:50.881804,48.7757129136618,8.600478673212418,3.1636851388416023,87.84626927273858,Normal,Critical!!,Critical!!,Normal
2026-05-30 16:54:51.883223,48.93083814196665,4.000340790951045,3.178802054103733,87.76287577210076,Normal,Critical!!,Critical!!,Normal
